Mod:Item:MetaData, Localized Name
minecraft:air, Air
minecraft:stone:0, Stone
minecraft:stone:1, Granite
minecraft:stone:2, Polished Granite
minecraft:stone:3, Diorite
minecraft:stone:4, Polished Diorite
minecraft:stone:5, Andesite
minecraft:stone:6, Polished Andesite
minecraft:grass, Grass Block
minecraft:dirt:0, Dirt
minecraft:dirt:1, Coarse Dirt
minecraft:dirt:2, Podzol
minecraft:cobblestone, Cobblestone
minecraft:planks:0, Oak Planks
minecraft:planks:1, Spruce Planks
minecraft:planks:2, Birch Planks
minecraft:planks:3, Jungle Planks
minecraft:planks:4, Acacia Planks
minecraft:planks:5, Dark Oak Planks
minecraft:sapling:0, Oak Sapling
minecraft:sapling:1, Spruce Sapling
minecraft:sapling:2, Birch Sapling
minecraft:sapling:3, Jungle Sapling
minecraft:sapling:4, Acacia Sapling
minecraft:sapling:5, Dark Oak Sapling
minecraft:bedrock, Bedrock
minecraft:sand:0, Sand
minecraft:sand:1, Red Sand
minecraft:gravel, Gravel
minecraft:gold_ore, Gold Ore
minecraft:iron_ore, Iron Ore
minecraft:coal_ore, Coal Ore
minecraft:log:0, Oak Log
minecraft:log:1, Spruce Log
minecraft:log:2, Birch Log
minecraft:log:3, Jungle Log
minecraft:leaves:0, Oak Leaves
minecraft:leaves:1, Spruce Leaves
minecraft:leaves:2, Birch Leaves
minecraft:leaves:3, Jungle Leaves
minecraft:sponge:0, Sponge
minecraft:sponge:1, Wet Sponge
minecraft:glass, Glass
minecraft:lapis_ore, Lapis Lazuli Ore
minecraft:lapis_block, Lapis Lazuli Block
minecraft:dispenser, Dispenser
minecraft:sandstone:0, Sandstone
minecraft:sandstone:1, Chiseled Sandstone
minecraft:sandstone:2, Smooth Sandstone
minecraft:noteblock, Note Block
minecraft:golden_rail, Powered Rail
minecraft:detector_rail, Detector Rail
minecraft:sticky_piston, Sticky Piston
minecraft:web, Cobweb
minecraft:tallgrass:1, Grass
minecraft:tallgrass:2, Fern
minecraft:deadbush, Dead Bush
minecraft:piston, Piston
minecraft:wool:0, White Wool
minecraft:wool:1, Orange Wool
minecraft:wool:2, Magenta Wool
minecraft:wool:3, Light Blue Wool
minecraft:wool:4, Yellow Wool
minecraft:wool:5, Lime Wool
minecraft:wool:6, Pink Wool
minecraft:wool:7, Gray Wool
minecraft:wool:8, Light Gray Wool
minecraft:wool:9, Cyan Wool
minecraft:wool:10, Purple Wool
minecraft:wool:11, Blue Wool
minecraft:wool:12, Brown Wool
minecraft:wool:13, Green Wool
minecraft:wool:14, Red Wool
minecraft:wool:15, Black Wool
minecraft:yellow_flower:0, Dandelion
minecraft:red_flower:0, Poppy
minecraft:red_flower:1, Blue Orchid
minecraft:red_flower:2, Allium
minecraft:red_flower:3, Azure Bluet
minecraft:red_flower:4, Red Tulip
minecraft:red_flower:5, Orange Tulip
minecraft:red_flower:6, White Tulip
minecraft:red_flower:7, Pink Tulip
minecraft:red_flower:8, Oxeye Daisy
minecraft:brown_mushroom, Mushroom
minecraft:red_mushroom, Mushroom
minecraft:gold_block, Block of Gold
minecraft:iron_block, Block of Iron
minecraft:stone_slab:0, Stone Slab
minecraft:stone_slab:1, Sandstone Slab
minecraft:stone_slab:3, Cobblestone Slab
minecraft:stone_slab:4, Bricks Slab
minecraft:stone_slab:5, Stone Bricks Slab
minecraft:stone_slab:6, Nether Brick Slab
minecraft:stone_slab:7, Quartz Slab
minecraft:brick_block, Bricks
minecraft:tnt, TNT
minecraft:bookshelf, Bookshelf
minecraft:mossy_cobblestone, Moss Stone
minecraft:obsidian, Obsidian
minecraft:torch, Torch
minecraft:mob_spawner, Monster Spawner
minecraft:oak_stairs, Oak Wood Stairs
minecraft:chest, Chest
minecraft:diamond_ore, Diamond Ore
minecraft:diamond_block, Block of Diamond
minecraft:crafting_table, Crafting Table
minecraft:farmland, Farmland
minecraft:furnace, Furnace
minecraft:ladder, Ladder
minecraft:rail, Rail
minecraft:stone_stairs, Cobblestone Stairs
minecraft:lever, Lever
minecraft:stone_pressure_plate, Stone Pressure Plate
minecraft:wooden_pressure_plate, Wooden Pressure Plate
minecraft:redstone_ore, Redstone Ore
minecraft:redstone_torch, Redstone Torch
minecraft:stone_button, Button
minecraft:snow_layer, Snow
minecraft:ice, Ice
minecraft:snow, Snow
minecraft:cactus, Cactus
minecraft:clay, Clay
minecraft:jukebox, Jukebox
minecraft:fence, Oak Fence
minecraft:pumpkin, Pumpkin
minecraft:netherrack, Netherrack
minecraft:soul_sand, Soul Sand
minecraft:glowstone, Glowstone
minecraft:lit_pumpkin, Jack o'Lantern
minecraft:stained_glass:0, White Stained Glass
minecraft:stained_glass:1, Orange Stained Glass
minecraft:stained_glass:2, Magenta Stained Glass
minecraft:stained_glass:3, Light Blue Stained Glass
minecraft:stained_glass:4, Yellow Stained Glass
minecraft:stained_glass:5, Lime Stained Glass
minecraft:stained_glass:6, Pink Stained Glass
minecraft:stained_glass:7, Gray Stained Glass
minecraft:stained_glass:8, Light Gray Stained Glass
minecraft:stained_glass:9, Cyan Stained Glass
minecraft:stained_glass:10, Purple Stained Glass
minecraft:stained_glass:11, Blue Stained Glass
minecraft:stained_glass:12, Brown Stained Glass
minecraft:stained_glass:13, Green Stained Glass
minecraft:stained_glass:14, Red Stained Glass
minecraft:stained_glass:15, Black Stained Glass
minecraft:trapdoor, Wooden Trapdoor
minecraft:monster_egg:0, Stone Monster Egg
minecraft:monster_egg:1, Cobblestone Monster Egg
minecraft:monster_egg:2, Stone Brick Monster Egg
minecraft:monster_egg:3, Mossy Stone Brick Monster Egg
minecraft:monster_egg:4, Cracked Stone Brick Monster Egg
minecraft:monster_egg:5, Chiseled Stone Brick Monster Egg
minecraft:stonebrick:0, Stone Bricks
minecraft:stonebrick:1, Mossy Stone Bricks
minecraft:stonebrick:2, Cracked Stone Bricks
minecraft:stonebrick:3, Chiseled Stone Bricks
minecraft:brown_mushroom_block, Mushroom
minecraft:red_mushroom_block, Mushroom
minecraft:iron_bars, Iron Bars
minecraft:glass_pane, Glass Pane
minecraft:melon_block, Melon
minecraft:vine, Vines
minecraft:fence_gate, Oak Fence Gate
minecraft:brick_stairs, Brick Stairs
minecraft:stone_brick_stairs, Stone Brick Stairs
minecraft:mycelium, Mycelium
minecraft:waterlily, Lily Pad
minecraft:nether_brick, Nether Brick
minecraft:nether_brick_fence, Nether Brick Fence
minecraft:nether_brick_stairs, Nether Brick Stairs
minecraft:enchanting_table, Enchantment Table
minecraft:end_portal_frame, End Portal
minecraft:end_stone, End Stone
minecraft:dragon_egg, Dragon Egg
minecraft:redstone_lamp, Redstone Lamp
minecraft:wooden_slab:0, Oak Wood Slab
minecraft:wooden_slab:1, Spruce Wood Slab
minecraft:wooden_slab:2, Birch Wood Slab
minecraft:wooden_slab:3, Jungle Wood Slab
minecraft:wooden_slab:4, Acacia Wood Slab
minecraft:wooden_slab:5, Dark Oak Wood Slab
minecraft:sandstone_stairs, Sandstone Stairs
minecraft:emerald_ore, Emerald Ore
minecraft:ender_chest, Ender Chest
minecraft:tripwire_hook, Tripwire Hook
minecraft:emerald_block, Block of Emerald
minecraft:spruce_stairs, Spruce Wood Stairs
minecraft:birch_stairs, Birch Wood Stairs
minecraft:jungle_stairs, Jungle Wood Stairs
minecraft:command_block, Command Block
minecraft:beacon, Beacon
minecraft:cobblestone_wall:0, Cobblestone Wall
minecraft:cobblestone_wall:1, Mossy Cobblestone Wall
minecraft:wooden_button, Button
minecraft:anvil:0, Anvil
minecraft:anvil:1, Slightly Damaged Anvil
minecraft:anvil:2, Very Damaged Anvil
minecraft:trapped_chest, Trapped Chest
minecraft:light_weighted_pressure_plate, Weighted Pressure Plate (Light)
minecraft:heavy_weighted_pressure_plate, Weighted Pressure Plate (Heavy)
minecraft:daylight_detector, Daylight Sensor
minecraft:redstone_block, Block of Redstone
minecraft:quartz_ore, Nether Quartz Ore
minecraft:hopper, Hopper
minecraft:quartz_block:0, Block of Quartz
minecraft:quartz_block:1, Chiseled Quartz Block
minecraft:quartz_block:2, Pillar Quartz Block
minecraft:quartz_stairs, Quartz Stairs
minecraft:activator_rail, Activator Rail
minecraft:dropper, Dropper
minecraft:stained_hardened_clay:0, White Terracotta
minecraft:stained_hardened_clay:1, Orange Terracotta
minecraft:stained_hardened_clay:2, Magenta Terracotta
minecraft:stained_hardened_clay:3, Light Blue Terracotta
minecraft:stained_hardened_clay:4, Yellow Terracotta
minecraft:stained_hardened_clay:5, Lime Terracotta
minecraft:stained_hardened_clay:6, Pink Terracotta
minecraft:stained_hardened_clay:7, Gray Terracotta
minecraft:stained_hardened_clay:8, Light Gray Terracotta
minecraft:stained_hardened_clay:9, Cyan Terracotta
minecraft:stained_hardened_clay:10, Purple Terracotta
minecraft:stained_hardened_clay:11, Blue Terracotta
minecraft:stained_hardened_clay:12, Brown Terracotta
minecraft:stained_hardened_clay:13, Green Terracotta
minecraft:stained_hardened_clay:14, Red Terracotta
minecraft:stained_hardened_clay:15, Black Terracotta
minecraft:stained_glass_pane:0, White Stained Glass Pane
minecraft:stained_glass_pane:1, Orange Stained Glass Pane
minecraft:stained_glass_pane:2, Magenta Stained Glass Pane
minecraft:stained_glass_pane:3, Light Blue Stained Glass Pane
minecraft:stained_glass_pane:4, Yellow Stained Glass Pane
minecraft:stained_glass_pane:5, Lime Stained Glass Pane
minecraft:stained_glass_pane:6, Pink Stained Glass Pane
minecraft:stained_glass_pane:7, Gray Stained Glass Pane
minecraft:stained_glass_pane:8, Light Gray Stained Glass Pane
minecraft:stained_glass_pane:9, Cyan Stained Glass Pane
minecraft:stained_glass_pane:10, Purple Stained Glass Pane
minecraft:stained_glass_pane:11, Blue Stained Glass Pane
minecraft:stained_glass_pane:12, Brown Stained Glass Pane
minecraft:stained_glass_pane:13, Green Stained Glass Pane
minecraft:stained_glass_pane:14, Red Stained Glass Pane
minecraft:stained_glass_pane:15, Black Stained Glass Pane
minecraft:leaves2:0, Acacia Leaves
minecraft:leaves2:1, Dark Oak Leaves
minecraft:log2:0, Acacia Log
minecraft:log2:1, Dark Oak Log
minecraft:acacia_stairs, Acacia Wood Stairs
minecraft:dark_oak_stairs, Dark Oak Wood Stairs
minecraft:slime, Slime Block
minecraft:barrier, Warding Aura
minecraft:iron_trapdoor, Iron Trapdoor
minecraft:prismarine:0, Prismarine
minecraft:prismarine:1, Prismarine Bricks
minecraft:prismarine:2, Dark Prismarine
minecraft:sea_lantern, Sea Lantern
minecraft:hay_block, Hay Bale
minecraft:carpet:0, White Carpet
minecraft:carpet:1, Orange Carpet
minecraft:carpet:2, Magenta Carpet
minecraft:carpet:3, Light Blue Carpet
minecraft:carpet:4, Yellow Carpet
minecraft:carpet:5, Lime Carpet
minecraft:carpet:6, Pink Carpet
minecraft:carpet:7, Gray Carpet
minecraft:carpet:8, Light Gray Carpet
minecraft:carpet:9, Cyan Carpet
minecraft:carpet:10, Purple Carpet
minecraft:carpet:11, Blue Carpet
minecraft:carpet:12, Brown Carpet
minecraft:carpet:13, Green Carpet
minecraft:carpet:14, Red Carpet
minecraft:carpet:15, Black Carpet
minecraft:hardened_clay, Terracotta
minecraft:coal_block, Block of Coal
minecraft:packed_ice, Packed Ice
minecraft:double_plant:0, Sunflower
minecraft:double_plant:1, Lilac
minecraft:double_plant:2, Double Tallgrass
minecraft:double_plant:3, Large Fern
minecraft:double_plant:4, Rose Bush
minecraft:double_plant:5, Peony
minecraft:red_sandstone:0, Red Sandstone
minecraft:red_sandstone:1, Chiseled Red Sandstone
minecraft:red_sandstone:2, Smooth Red Sandstone
minecraft:red_sandstone_stairs, Red Sandstone Stairs
minecraft:stone_slab2:0, Red Sandstone Slab
minecraft:spruce_fence_gate, Spruce Fence Gate
minecraft:birch_fence_gate, Birch Fence Gate
minecraft:jungle_fence_gate, Jungle Fence Gate
minecraft:dark_oak_fence_gate, Dark Oak Fence Gate
minecraft:acacia_fence_gate, Acacia Fence Gate
minecraft:spruce_fence, Spruce Fence
minecraft:birch_fence, Birch Fence
minecraft:jungle_fence, Jungle Fence
minecraft:dark_oak_fence, Dark Oak Fence
minecraft:acacia_fence, Acacia Fence
minecraft:end_rod, End Rod
minecraft:chorus_plant, Chorus Plant
minecraft:chorus_flower, Chorus Flower
minecraft:purpur_block, Purpur Block
minecraft:purpur_pillar, Purpur Pillar
minecraft:purpur_stairs, Purpur Stairs
minecraft:purpur_slab:0, Purpur Slab
minecraft:end_bricks, End Stone Bricks
minecraft:grass_path, Dirt Path
minecraft:repeating_command_block, Repeating Command Block
minecraft:chain_command_block, Chain Command Block
minecraft:magma, Magma Block
minecraft:nether_wart_block, Nether Wart Block
minecraft:red_nether_brick, Red Nether Brick
minecraft:bone_block, Bone Block
minecraft:structure_void, Structure Void
minecraft:observer, Observer
minecraft:white_shulker_box, White Shulker Box
minecraft:orange_shulker_box, Orange Shulker Box
minecraft:magenta_shulker_box, Magenta Shulker Box
minecraft:light_blue_shulker_box, Light Blue Shulker Box
minecraft:yellow_shulker_box, Yellow Shulker Box
minecraft:lime_shulker_box, Lime Shulker Box
minecraft:pink_shulker_box, Pink Shulker Box
minecraft:gray_shulker_box, Gray Shulker Box
minecraft:silver_shulker_box, Light Gray Shulker Box
minecraft:cyan_shulker_box, Cyan Shulker Box
minecraft:purple_shulker_box, Purple Shulker Box
minecraft:blue_shulker_box, Blue Shulker Box
minecraft:brown_shulker_box, Brown Shulker Box
minecraft:green_shulker_box, Green Shulker Box
minecraft:red_shulker_box, Red Shulker Box
minecraft:black_shulker_box, Black Shulker Box
minecraft:white_glazed_terracotta, White Glazed Terracotta
minecraft:orange_glazed_terracotta, Orange Glazed Terracotta
minecraft:magenta_glazed_terracotta, Magenta Glazed Terracotta
minecraft:light_blue_glazed_terracotta, Light Blue Glazed Terracotta
minecraft:yellow_glazed_terracotta, Yellow Glazed Terracotta
minecraft:lime_glazed_terracotta, Lime Glazed Terracotta
minecraft:pink_glazed_terracotta, Pink Glazed Terracotta
minecraft:gray_glazed_terracotta, Gray Glazed Terracotta
minecraft:silver_glazed_terracotta, Light Gray Glazed Terracotta
minecraft:cyan_glazed_terracotta, Cyan Glazed Terracotta
minecraft:purple_glazed_terracotta, Purple Glazed Terracotta
minecraft:blue_glazed_terracotta, Blue Glazed Terracotta
minecraft:brown_glazed_terracotta, Brown Glazed Terracotta
minecraft:green_glazed_terracotta, Green Glazed Terracotta
minecraft:red_glazed_terracotta, Red Glazed Terracotta
minecraft:black_glazed_terracotta, Black Glazed Terracotta
minecraft:concrete:0, White Concrete
minecraft:concrete:1, Orange Concrete
minecraft:concrete:2, Magenta Concrete
minecraft:concrete:3, Light Blue Concrete
minecraft:concrete:4, Yellow Concrete
minecraft:concrete:5, Lime Concrete
minecraft:concrete:6, Pink Concrete
minecraft:concrete:7, Gray Concrete
minecraft:concrete:8, Light Gray Concrete
minecraft:concrete:9, Cyan Concrete
minecraft:concrete:10, Purple Concrete
minecraft:concrete:11, Blue Concrete
minecraft:concrete:12, Brown Concrete
minecraft:concrete:13, Green Concrete
minecraft:concrete:14, Red Concrete
minecraft:concrete:15, Black Concrete
minecraft:concrete_powder:0, White Concrete Powder
minecraft:concrete_powder:1, Orange Concrete Powder
minecraft:concrete_powder:2, Magenta Concrete Powder
minecraft:concrete_powder:3, Light Blue Concrete Powder
minecraft:concrete_powder:4, Yellow Concrete Powder
minecraft:concrete_powder:5, Lime Concrete Powder
minecraft:concrete_powder:6, Pink Concrete Powder
minecraft:concrete_powder:7, Gray Concrete Powder
minecraft:concrete_powder:8, Light Gray Concrete Powder
minecraft:concrete_powder:9, Cyan Concrete Powder
minecraft:concrete_powder:10, Purple Concrete Powder
minecraft:concrete_powder:11, Blue Concrete Powder
minecraft:concrete_powder:12, Brown Concrete Powder
minecraft:concrete_powder:13, Green Concrete Powder
minecraft:concrete_powder:14, Red Concrete Powder
minecraft:concrete_powder:15, Black Concrete Powder
minecraft:structure_block, Structure Block
minecraft:iron_shovel, Iron Shovel
minecraft:iron_pickaxe, Iron Pickaxe
minecraft:iron_axe, Iron Axe
minecraft:flint_and_steel, Flint and Steel
minecraft:apple, Apple
minecraft:bow, Bow
minecraft:arrow, Arrow
minecraft:coal:0, Coal
minecraft:coal:1, Charcoal
minecraft:diamond, Diamond
minecraft:iron_ingot, Iron Ingot
minecraft:gold_ingot, Gold Ingot
minecraft:iron_sword, Iron Sword
minecraft:wooden_sword, Wooden Sword
minecraft:wooden_shovel, Wooden Shovel
minecraft:wooden_pickaxe, Wooden Pickaxe
minecraft:wooden_axe, Wooden Axe
minecraft:stone_sword, Stone Sword
minecraft:stone_shovel, Stone Shovel
minecraft:stone_pickaxe, Stone Pickaxe
minecraft:stone_axe, Stone Axe
minecraft:diamond_sword, Diamond Sword
minecraft:diamond_shovel, Diamond Shovel
minecraft:diamond_pickaxe, Diamond Pickaxe
minecraft:diamond_axe, Diamond Axe
minecraft:stick, Stick
minecraft:bowl, Bowl
minecraft:mushroom_stew, Mushroom Stew
minecraft:golden_sword, Golden Sword
minecraft:golden_shovel, Golden Shovel
minecraft:golden_pickaxe, Golden Pickaxe
minecraft:golden_axe, Golden Axe
minecraft:string, String
minecraft:feather, Feather
minecraft:gunpowder, Gunpowder
minecraft:wooden_hoe, Wooden Hoe
minecraft:stone_hoe, Stone Hoe
minecraft:iron_hoe, Iron Hoe
minecraft:diamond_hoe, Diamond Hoe
minecraft:golden_hoe, Golden Hoe
minecraft:wheat_seeds, Seeds
minecraft:wheat, Wheat
minecraft:bread, Bread
minecraft:leather_helmet, Leather Cap
minecraft:leather_chestplate, Leather Tunic
minecraft:leather_leggings, Leather Pants
minecraft:leather_boots, Leather Boots
minecraft:chainmail_helmet, Chain Helmet
minecraft:chainmail_chestplate, Chain Chestplate
minecraft:chainmail_leggings, Chain Leggings
minecraft:chainmail_boots, Chain Boots
minecraft:iron_helmet, Iron Helmet
minecraft:iron_chestplate, Iron Chestplate
minecraft:iron_leggings, Iron Leggings
minecraft:iron_boots, Iron Boots
minecraft:diamond_helmet, Diamond Helmet
minecraft:diamond_chestplate, Diamond Chestplate
minecraft:diamond_leggings, Diamond Leggings
minecraft:diamond_boots, Diamond Boots
minecraft:golden_helmet, Golden Helmet
minecraft:golden_chestplate, Golden Chestplate
minecraft:golden_leggings, Golden Leggings
minecraft:golden_boots, Golden Boots
minecraft:flint, Flint
minecraft:porkchop, Raw Porkchop
minecraft:cooked_porkchop, Cooked Porkchop
minecraft:painting, Painting
minecraft:golden_apple:0, Golden Apple
minecraft:golden_apple:1, Golden Apple
minecraft:sign, Sign
minecraft:wooden_door, Oak Door
minecraft:bucket, Bucket
minecraft:water_bucket, Water Bucket
minecraft:lava_bucket, Lava Bucket
minecraft:minecart, Minecart
minecraft:saddle, Saddle
minecraft:iron_door, Iron Door
minecraft:redstone, Redstone
minecraft:snowball, Snowball
minecraft:boat, Oak Boat
minecraft:leather, Leather
minecraft:milk_bucket, Milk
minecraft:brick, Brick
minecraft:clay_ball, Clay
minecraft:reeds, Sugar Canes
minecraft:paper, Paper
minecraft:book, Book
minecraft:slime_ball, Slimeball
minecraft:chest_minecart, Minecart with Chest
minecraft:furnace_minecart, Minecart with Furnace
minecraft:egg, Egg
minecraft:compass, Compass
minecraft:fishing_rod, Fishing Rod
minecraft:clock, Clock
minecraft:glowstone_dust, Glowstone Dust
minecraft:fish:0, Raw Fish
minecraft:fish:1, Raw Salmon
minecraft:fish:2, Clownfish
minecraft:fish:3, Pufferfish
minecraft:cooked_fish:0, Cooked Fish
minecraft:cooked_fish:1, Cooked Salmon
minecraft:dye:0, Ink Sac
minecraft:dye:1, Rose Red
minecraft:dye:2, Cactus Green
minecraft:dye:3, Cocoa Beans
minecraft:dye:4, Lapis Lazuli
minecraft:dye:5, Purple Dye
minecraft:dye:6, Cyan Dye
minecraft:dye:7, Light Gray Dye
minecraft:dye:8, Gray Dye
minecraft:dye:9, Pink Dye
minecraft:dye:10, Lime Dye
minecraft:dye:11, Dandelion Yellow
minecraft:dye:12, Light Blue Dye
minecraft:dye:13, Magenta Dye
minecraft:dye:14, Orange Dye
minecraft:dye:15, Bone Meal
minecraft:bone, Bone
minecraft:sugar, Sugar
minecraft:cake, Cake
minecraft:bed:0, White Bed
minecraft:bed:1, Orange Bed
minecraft:bed:2, Magenta Bed
minecraft:bed:3, Light Blue Bed
minecraft:bed:4, Yellow Bed
minecraft:bed:5, Lime Bed
minecraft:bed:6, Pink Bed
minecraft:bed:7, Gray Bed
minecraft:bed:8, Light Gray Bed
minecraft:bed:9, Cyan Bed
minecraft:bed:10, Purple Bed
minecraft:bed:11, Blue Bed
minecraft:bed:12, Brown Bed
minecraft:bed:13, Green Bed
minecraft:bed:14, Red Bed
minecraft:bed:15, Black Bed
minecraft:repeater, Redstone Repeater
minecraft:cookie, Cookie
minecraft:filled_map:0, Map
minecraft:shears, Shears
minecraft:melon, Melon
minecraft:pumpkin_seeds, Pumpkin Seeds
minecraft:melon_seeds, Melon Seeds
minecraft:beef, Raw Beef
minecraft:cooked_beef, Steak
minecraft:chicken, Raw Chicken
minecraft:cooked_chicken, Cooked Chicken
minecraft:rotten_flesh, Rotten Flesh
minecraft:ender_pearl, Ender Pearl
minecraft:blaze_rod, Blaze Rod
minecraft:ghast_tear, Ghast Tear
minecraft:gold_nugget, Gold Nugget
minecraft:nether_wart, Nether Wart
minecraft:potion, Potion
minecraft:glass_bottle, Glass Bottle
minecraft:spider_eye, Spider Eye
minecraft:fermented_spider_eye, Fermented Spider Eye
minecraft:blaze_powder, Blaze Powder
minecraft:magma_cream, Magma Cream
minecraft:brewing_stand, Brewing Stand
minecraft:cauldron, Cauldron
minecraft:ender_eye, Eye of Ender
minecraft:speckled_melon, Glistering Melon
minecraft:spawn_egg, Spawn
minecraft:experience_bottle, Bottle o' Enchanting
minecraft:fire_charge, Fire Charge
minecraft:writable_book, Book and Quill
minecraft:written_book, Written Book
minecraft:emerald, Emerald
minecraft:item_frame, Item Frame
minecraft:flower_pot, Flower Pot
minecraft:carrot, Carrot
minecraft:potato, Potato
minecraft:baked_potato, Baked Potato
minecraft:poisonous_potato, Poisonous Potato
minecraft:map, Empty Map
minecraft:golden_carrot, Golden Carrot
minecraft:skull:0, Skeleton Skull
minecraft:skull:1, Wither Skeleton Skull
minecraft:skull:2, Zombie Head
minecraft:skull:3, Head
minecraft:skull:4, Creeper Head
minecraft:skull:5, Dragon Head
minecraft:carrot_on_a_stick, Carrot on a Stick
minecraft:nether_star, Nether Star
minecraft:pumpkin_pie, Pumpkin Pie
minecraft:fireworks, Firework Rocket
minecraft:firework_charge, Firework Star
minecraft:enchanted_book, Enchanted Book
minecraft:comparator, Redstone Comparator
minecraft:netherbrick, Nether Brick
minecraft:quartz, Nether Quartz
minecraft:tnt_minecart, Minecart with TNT
minecraft:hopper_minecart, Minecart with Hopper
minecraft:prismarine_shard, Prismarine Shard
minecraft:prismarine_crystals, Prismarine Crystals
minecraft:rabbit, Raw Rabbit
minecraft:cooked_rabbit, Cooked Rabbit
minecraft:rabbit_stew, Rabbit Stew
minecraft:rabbit_foot, Rabbit's Foot
minecraft:rabbit_hide, Rabbit Hide
minecraft:armor_stand, Armor Stand
minecraft:iron_horse_armor, Iron Horse Armor
minecraft:golden_horse_armor, Gold Horse Armor
minecraft:diamond_horse_armor, Diamond Horse Armor
minecraft:lead, Lead
minecraft:name_tag, Name Tag
minecraft:command_block_minecart, Minecart with Command Block
minecraft:mutton, Raw Mutton
minecraft:cooked_mutton, Cooked Mutton
minecraft:banner:15, White Banner
minecraft:banner:14, Orange Banner
minecraft:banner:13, Magenta Banner
minecraft:banner:12, Light Blue Banner
minecraft:banner:11, Yellow Banner
minecraft:banner:10, Lime Banner
minecraft:banner:9, Pink Banner
minecraft:banner:8, Gray Banner
minecraft:banner:7, Light Gray Banner
minecraft:banner:6, Cyan Banner
minecraft:banner:5, Purple Banner
minecraft:banner:4, Blue Banner
minecraft:banner:3, Brown Banner
minecraft:banner:2, Green Banner
minecraft:banner:1, Red Banner
minecraft:banner:0, Black Banner
minecraft:banner:15, Ominous Banner
minecraft:end_crystal, End Crystal
minecraft:spruce_door, Spruce Door
minecraft:birch_door, Birch Door
minecraft:jungle_door, Jungle Door
minecraft:acacia_door, Acacia Door
minecraft:dark_oak_door, Dark Oak Door
minecraft:chorus_fruit, Chorus Fruit
minecraft:chorus_fruit_popped, Popped Chorus Fruit
minecraft:beetroot, Beetroot
minecraft:beetroot_seeds, Beetroot Seeds
minecraft:beetroot_soup, Beetroot Soup
minecraft:dragon_breath, Dragon's Breath
minecraft:splash_potion, Splash Potion
minecraft:spectral_arrow, Spectral Arrow
minecraft:tipped_arrow, Tipped Arrow
minecraft:lingering_potion, Lingering Potion
minecraft:shield, Shield
minecraft:elytra, Elytra
minecraft:spruce_boat, Spruce Boat
minecraft:birch_boat, Birch Boat
minecraft:jungle_boat, Jungle Boat
minecraft:acacia_boat, Acacia Boat
minecraft:dark_oak_boat, Dark Oak Boat
minecraft:totem_of_undying, Totem of Undying
minecraft:shulker_shell, Shulker Shell
minecraft:iron_nugget, Iron Nugget
minecraft:knowledge_book, Knowledge Book
minecraft:record_13, Music Disc
minecraft:record_cat, Music Disc
minecraft:record_blocks, Music Disc
minecraft:record_chirp, Music Disc
minecraft:record_far, Music Disc
minecraft:record_mall, Music Disc
minecraft:record_mellohi, Music Disc
minecraft:record_stal, Music Disc
minecraft:record_strad, Music Disc
minecraft:record_ward, Music Disc
minecraft:record_11, Music Disc
minecraft:record_wait, Music Disc
carryon:tile_item, item.tile_item.name
carryon:entity_item, item.entity_item.name
draconicevolution:draconium_ore:0, Draconium Ore
draconicevolution:draconium_ore:1, Nether Draconium Ore
draconicevolution:draconium_ore:2, Ender Draconium Ore
draconicevolution:draconium_block:0, Draconium Block
draconicevolution:draconium_block:1, Charged Draconium Block
draconicevolution:draconic_block, Awakened Draconium Block
draconicevolution:infused_obsidian, Draconium Infused Obsidian
draconicevolution:portal, Portal
draconicevolution:item_dislocation_inhibitor, Dislocation Normalization Field Projector
draconicevolution:generator, Generator
draconicevolution:grinder, Mob Grinder
draconicevolution:particle_generator:0, Particle Generator
draconicevolution:particle_generator:2, Energy Core Stabilizer
draconicevolution:energy_infuser, Energy Infuser
draconicevolution:dislocator_receptacle, Dislocator Receptacle
draconicevolution:dislocator_pedestal, Dislocator Pedestal
draconicevolution:rain_sensor, Rain Sensor
draconicevolution:diss_enchanter, Disenchanter
draconicevolution:potentiometer, Potentiometer
draconicevolution:entity_detector:0, Entity Detector
draconicevolution:entity_detector:1, Advanced Entity Detector
draconicevolution:energy_storage_core, Energy Core
draconicevolution:energy_pylon, Energy Pylon
draconicevolution:invis_e_core_block, tile.draconicevolution:invis_e_core_block.name
draconicevolution:fusion_crafting_core, Fusion Crafting Core
draconicevolution:crafting_injector:0, Basic Fusion Crafting Injector
draconicevolution:crafting_injector:1, Wyvern Fusion Crafting Injector
draconicevolution:crafting_injector:2, Draconic Fusion Crafting Injector
draconicevolution:crafting_injector:3, Chaotic Fusion Crafting Injector
draconicevolution:celestial_manipulator, Celestial Manipulator
draconicevolution:energy_crystal:0, Basic Energy Relay Crystal
draconicevolution:energy_crystal:1, Wyvern Energy Relay Crystal
draconicevolution:energy_crystal:2, Draconic Energy Relay Crystal
draconicevolution:energy_crystal:3, Basic Energy I/O Crystal
draconicevolution:energy_crystal:4, Wyvern Energy I/O Crystal
draconicevolution:energy_crystal:5, Draconic Energy I/O Crystal
draconicevolution:energy_crystal:6, Basic Wireless Energy Crystal
draconicevolution:energy_crystal:7, Wyvern Wireless Energy Crystal
draconicevolution:energy_crystal:8, Draconic Wireless Energy Crystal
draconicevolution:flow_gate:0, Flux Gate
draconicevolution:flow_gate:8, Fluid Gate
draconicevolution:reactor_core, Draconic Reactor Core
draconicevolution:reactor_part:0, Reactor Stabilizer Frame
draconicevolution:reactor_part:1, Reactor Stabilizer Inner Rotor
draconicevolution:reactor_part:2, Reactor Stabilizer Outer Rotor
draconicevolution:reactor_part:3, Reactor Stabilizer Rotor Assembly
draconicevolution:reactor_part:4, Reactor Stabilizer Focus Ring
draconicevolution:reactor_component:0, Reactor Stabilizer
draconicevolution:reactor_component:1, Reactor Energy Injector
draconicevolution:draconic_spawner, Stabilized Mob Spawner
draconicevolution:draconium_chest, Draconium Chest
draconicevolution:chaos_crystal, Chaos Crystal
draconicevolution:chaos_shard_atmos, tile.draconicevolution:chaos_shard_atmos.name
draconicevolution:creative_rf_source, Creative RF Source
draconicevolution:placed_item, tile.draconicevolution:placed_item.name
draconicevolution:draconium_dust, Draconium Dust
draconicevolution:draconium_ingot, Draconium Ingot
draconicevolution:draconic_ingot, Awakened Draconium Ingot
draconicevolution:draconic_core, Draconic Core
draconicevolution:wyvern_core, Wyvern Core
draconicevolution:awakened_core, Awakened Core
draconicevolution:chaotic_core, Chaotic Core
draconicevolution:wyvern_energy_core, Wyvern Energy Core
draconicevolution:draconic_energy_core, Draconic Energy Core
draconicevolution:dragon_heart, Dragon Heart
draconicevolution:debugger, item.draconicevolution:debugger.name
draconicevolution:nugget:0, Draconium Nugget
draconicevolution:nugget:1, Awakened Draconium Nugget
draconicevolution:chaos_shard:0, Chaos Shard
draconicevolution:chaos_shard:1, Large Chaos Fragment
draconicevolution:chaos_shard:2, Small Chaos Fragment
draconicevolution:chaos_shard:3, Tiny Chaos Fragment
draconicevolution:draconium_capacitor:0, Wyvern Flux Capacitor
draconicevolution:draconium_capacitor:0, Wyvern Flux Capacitor
draconicevolution:draconium_capacitor:0, Wyvern Flux Capacitor
draconicevolution:draconium_capacitor:1, Draconic Flux Capacitor
draconicevolution:draconium_capacitor:1, Draconic Flux Capacitor
draconicevolution:draconium_capacitor:1, Draconic Flux Capacitor
draconicevolution:draconium_capacitor:2, Creative Flux Capacitor
draconicevolution:wyvern_axe, Axe of the Wyvern
draconicevolution:wyvern_bow, Bow of the Wyvern
draconicevolution:wyvern_pick, Pickaxe of the Wyvern
draconicevolution:wyvern_shovel, Shovel of the Wyvern
draconicevolution:wyvern_sword, Sword of the Wyvern
draconicevolution:draconic_axe, Draconic Axe
draconicevolution:draconic_bow, Draconic Bow
draconicevolution:draconic_hoe, Draconic Hoe
draconicevolution:draconic_pick, Draconic Pickaxe
draconicevolution:draconic_shovel, Draconic Shovel
draconicevolution:draconic_staff_of_power, Draconic Staff of Power
draconicevolution:draconic_sword, Draconic Sword
draconicevolution:tool_upgrade:0, Upgrade Key (RF Capacity)
draconicevolution:tool_upgrade:1, Upgrade Key (Dig Speed)
draconicevolution:tool_upgrade:2, Upgrade Key (Dig AOE)
draconicevolution:tool_upgrade:3, Upgrade Key (Attack Damage)
draconicevolution:tool_upgrade:4, Upgrade Key (Attack AOE)
draconicevolution:tool_upgrade:5, Upgrade Key (Arrow Damage)
draconicevolution:tool_upgrade:6, Upgrade Key (Draw Speed)
draconicevolution:tool_upgrade:7, Upgrade Key (Arrow Speed)
draconicevolution:tool_upgrade:8, Upgrade Key (Shield Capacity)
draconicevolution:tool_upgrade:9, Upgrade Key (Shield Recovery)
draconicevolution:tool_upgrade:10, Upgrade Key (Movement Speed)
draconicevolution:tool_upgrade:11, Upgrade Key (Jump Boost)
draconicevolution:dislocator, Dislocator
draconicevolution:dislocator_advanced, Advanced Dislocator
draconicevolution:dislocator_bound:1, Bound Dislocator (Point to Point)
draconicevolution:dislocator_bound:2, Bound Dislocator (Player)
draconicevolution:magnet:0, Item Dislocator
draconicevolution:magnet:1, Awakened Item Dislocator
draconicevolution:crystal_binder, Crystal Binder
draconicevolution:wyvern_helm, Wyvern Helm
draconicevolution:wyvern_chest, Wyvern Chestplate
draconicevolution:wyvern_legs, Wyvern Leggings
draconicevolution:wyvern_boots, Wyvern Boots
draconicevolution:draconic_helm, Draconic Helm
draconicevolution:draconic_chest, Draconic Chestplate
draconicevolution:draconic_legs, Draconic Leggings
draconicevolution:draconic_boots, Draconic Boots
draconicevolution:info_tablet, Draconic Evolution Information Tablet
draconicevolution:mob_soul, Soul
draconicevolution:creative_exchanger, Creative Block Exchanger
draconicevolution:ender_energy_manipulator, Ender Energy Manipulator
hammercore:iron_bordered_cobblestone, Iron-Bordered Cobblestone
hammercore:gold_bordered_cobblestone, Gold-Bordered Cobblestone
hammercore:diamond_bordered_cobblestone, Diamond-Bordered Cobblestone
hammercore:emerald_bordered_cobblestone, Emerald-Bordered Cobblestone
hammercore:quartz_bordered_cobblestone, Quartz-Bordered Cobblestone
hammercore:manual, Hammer Core Manual
opencomputers:adapter:0, Adapter
opencomputers:assembler:0, Electronics Assembler
opencomputers:cable:0, Cable
opencomputers:capacitor:0, Capacitor
opencomputers:case1:0, Computer Case (Tier 1)
opencomputers:case3:0, Computer Case (Tier 3)
opencomputers:case2:0, Computer Case (Tier 2)
opencomputers:chameliumblock:0, Block of Chamelium
opencomputers:charger:0, Charger
opencomputers:disassembler:0, Disassembler
opencomputers:diskdrive:0, Disk Drive
opencomputers:geolyzer:0, Geolyzer
opencomputers:hologram1:0, Hologram Projector (Tier 1)
opencomputers:hologram2:0, Hologram Projector (Tier 2)
opencomputers:keyboard:0, Keyboard
opencomputers:motionsensor:0, Motion Sensor
opencomputers:powerconverter:0, Power Converter
opencomputers:powerdistributor:0, Power Distributor
opencomputers:printer:0, 3D Printer
opencomputers:raid:0, Raid
opencomputers:redstone:0, Redstone I/O
opencomputers:relay:0, Relay
opencomputers:screen1:0, Screen (Tier 1)
opencomputers:screen3:0, Screen (Tier 3)
opencomputers:screen2:0, Screen (Tier 2)
opencomputers:rack:0, Rack
opencomputers:waypoint:0, Waypoint
opencomputers:casecreative:0, Computer Case (Creative)
opencomputers:microcontroller:0, Microcontroller
opencomputers:print:0, 3D Print
opencomputers:robotafterimage:0, Robot
opencomputers:robot:0, robot.name
opencomputers:endstone:0, End Stone
opencomputers:netsplitter:0, Net Splitter
opencomputers:transposer:0, Transposer
opencomputers:carpetedcapacitor:0, Carpeted Capacitor
opencomputers:material:1, Grog
opencomputers:material:10, Arithmetic Logic Unit (ALU)
opencomputers:material:15, Arrow Keys
opencomputers:material:14, Button Group
opencomputers:material:5, Card Base
opencomputers:material:28, Chamelium
opencomputers:material:3, Circuit Board
opencomputers:material:11, Control Unit (CU)
opencomputers:material:0, Cutting Wire
opencomputers:material:29, Diamond Chip
opencomputers:material:12, Disk Platter
opencomputers:material:23, Drone Case (Tier 1)
opencomputers:material:24, Drone Case (Tier 2)
opencomputers:material:25, Drone Case (Creative)
opencomputers:material:27, Ink Cartridge
opencomputers:material:26, Ink Cartridge (Empty)
opencomputers:material:13, Interweb
opencomputers:material:7, Microchip (Tier 1)
opencomputers:material:8, Microchip (Tier 2)
opencomputers:material:9, Microchip (Tier 3)
opencomputers:material:20, Microcontroller Case (Tier 1)
opencomputers:material:21, Microcontroller Case (Tier 2)
opencomputers:material:22, Microcontroller Case (Creative)
opencomputers:material:16, Numeric Keypad
opencomputers:material:4, Printed Circuit Board (PCB)
opencomputers:material:2, Raw Circuit Board
opencomputers:material:17, Tablet Case (Tier 1)
opencomputers:material:18, Tablet Case (Tier 2)
opencomputers:material:19, Tablet Case (Creative)
opencomputers:material:6, Transistor
opencomputers:tool:0, Analyzer
opencomputers:tool:1, Network Debugger
opencomputers:tool:4, OpenComputers Manual
opencomputers:tool:5, Nanomachines
opencomputers:tool:2, Remote Terminal
opencomputers:tool:3, Texture Picker
opencomputers:wrench, Scrench
opencomputers:hoverboots, Hover Boots
opencomputers:component:16, Accelerated Processing Unit (APU) (Tier 2)
opencomputers:component:17, Accelerated Processing Unit (APU) (Tier 3)
opencomputers:component:18, Accelerated Processing Unit (APU) (Creative)
opencomputers:component:3, Component Bus (Tier 1)
opencomputers:component:4, Component Bus (Tier 2)
opencomputers:component:5, Component Bus (Tier 3)
opencomputers:component:0, Central Processing Unit (CPU) (Tier 1)
opencomputers:component:1, Central Processing Unit (CPU) (Tier 2)
opencomputers:component:2, Central Processing Unit (CPU) (Tier 3)
opencomputers:component:20, Disk Drive
opencomputers:component:6, Memory (Tier 1)
opencomputers:component:7, Memory (Tier 1.5)
opencomputers:component:8, Memory (Tier 2)
opencomputers:component:9, Memory (Tier 2.5)
opencomputers:component:10, Memory (Tier 3)
opencomputers:component:11, Memory (Tier 3.5)
opencomputers:component:13, Server (Tier 1)
opencomputers:component:14, Server (Tier 2)
opencomputers:component:15, Server (Tier 3)
opencomputers:component:12, Server (Creative)
opencomputers:component:19, Terminal Server
opencomputers:card:10, Data Card (Tier 1)
opencomputers:card:11, Data Card (Tier 2)
opencomputers:card:12, Data Card (Tier 3)
opencomputers:card:0, Debug Card
opencomputers:card:1, Graphics Card (Tier 1)
opencomputers:card:2, Graphics Card (Tier 2)
opencomputers:card:3, Graphics Card (Tier 3)
opencomputers:card:8, Internet Card
opencomputers:card:9, Linked Card
opencomputers:card:6, Network Card
opencomputers:card:4, Redstone Card (Tier 1)
opencomputers:card:7, Wireless Network Card (Tier 2)
opencomputers:upgrade:32, Component Bus (Creative)
opencomputers:upgrade:0, Angel Upgrade
opencomputers:upgrade:1, Battery Upgrade (Tier 1)
opencomputers:upgrade:2, Battery Upgrade (Tier 2)
opencomputers:upgrade:3, Battery Upgrade (Tier 3)
opencomputers:upgrade:4, Chunkloader Upgrade
opencomputers:upgrade:5, Card Container (Tier 1)
opencomputers:upgrade:6, Card Container (Tier 2)
opencomputers:upgrade:7, Card Container (Tier 3)
opencomputers:upgrade:8, Upgrade Container (Tier 1)
opencomputers:upgrade:9, Upgrade Container (Tier 2)
opencomputers:upgrade:10, Upgrade Container (Tier 3)
opencomputers:upgrade:11, Crafting Upgrade
opencomputers:upgrade:12, Database Upgrade (Tier 1)
opencomputers:upgrade:13, Database Upgrade (Tier 2)
opencomputers:upgrade:14, Database Upgrade (Tier 3)
opencomputers:upgrade:15, Experience Upgrade
opencomputers:upgrade:16, Generator Upgrade
opencomputers:upgrade:27, Hover Upgrade (Tier 1)
opencomputers:upgrade:28, Hover Upgrade (Tier 2)
opencomputers:upgrade:17, Inventory Upgrade
opencomputers:upgrade:18, Inventory Controller Upgrade
opencomputers:upgrade:26, Leash Upgrade
opencomputers:upgrade:30, MFU
opencomputers:upgrade:19, Navigation Upgrade
opencomputers:upgrade:20, Piston Upgrade
opencomputers:upgrade:21, Sign I/O Upgrade
opencomputers:upgrade:22, Solar Generator Upgrade
opencomputers:upgrade:33, Sticky Piston Upgrade
opencomputers:upgrade:23, Tank Upgrade
opencomputers:upgrade:24, Tank Controller Upgrade
opencomputers:upgrade:25, Tractor Beam Upgrade
opencomputers:upgrade:29, Trading Upgrade
opencomputers:upgrade:31, Wireless Network Card (Tier 1)
opencomputers:storage:0, EEPROM
opencomputers:storage:1, Floppy Disk
opencomputers:storage:2, Hard Disk Drive (Tier 1) (1MB)
opencomputers:storage:3, Hard Disk Drive (Tier 2) (2MB)
opencomputers:storage:4, Hard Disk Drive (Tier 3) (4MB)
opencomputers:misc:1, Crecopter
opencomputers:misc:0, Microcontroller
opencomputers:misc:0, Creatix
opencomputers:misc:0, Tablet
opencomputers:misc:0, Hover Boots
opencomputers:misc:0, EEPROM (Lua BIOS)
opencomputers:misc:1, Floppy Disk
hbmspace:rocket_custom, Orbital Rocket
hbmspace:oxy_plss, PLSS
hbmspace:hard_drive, Empty Hard Drive
hbmspace:hard_drive_full:0, Hard Drive
hbmspace:hard_drive_full:1, Hard Drive
hbmspace:hard_drive_full:2, Hard Drive
hbmspace:hard_drive_full:3, Hard Drive
hbmspace:hard_drive_full:4, Hard Drive
hbmspace:hard_drive_full:5, Hard Drive
hbmspace:hard_drive_full:6, Hard Drive
hbmspace:hard_drive_full:7, Hard Drive
hbmspace:hard_drive_full:8, Hard Drive
hbmspace:hard_drive_full:9, Hard Drive
hbmspace:hard_drive_full:10, Hard Drive
hbmspace:circuit:0, Printed GaAs Wafer
hbmspace:circuit:1, Avionics Circuit Board
hbmspace:circuit:2, Avionics Unit
hbmspace:circuit:3, Lanthanium Capacitor
hbmspace:circuit:4, Drive Processor (Tier 1)
hbmspace:circuit:5, Drive Processor (Tier 2)
hbmspace:circuit:6, Drive Processor (Tier 3)
hbmspace:circuit:7, GaAs Microchip
hbmspace:circuit:8, Hafnium Microchip
hbmspace:circuit:9, Molysite-Etched Microchip
hbmspace:transporter_linker, Transporter Pad Linker
hbmspace:rp_f_20_12, Size 20 12m Liquid Fuel Fuselage
hbmspace:rp_f_20_6, Size 20 6m Liquid Fuel Fuselage
hbmspace:rp_f_20_3, Size 20 3m Liquid Fuel Fuselage
hbmspace:rp_f_20_1, Size 20 1m Liquid Fuel Fuselage
hbmspace:rp_l_20, Landing Legs
hbmspace:rp_c_20, Landing Capsule
hbmspace:rp_sc_20, Orbital Station
hbmspace:rp_pod_20, Drop Pod
hbmspace:mp_fuselage_20_hydrazine, Size 20 Hydrazine Fuselage
hbmspace:mp_thruster_20_methalox, Size 20 Methalox Thruster
hbmspace:mp_thruster_20_methalox_dual, Size 20 Methalox Twin Thrusters
hbmspace:mp_thruster_20_methalox_triple, Size 20 Methalox Triple Thrusters
hbmspace:mp_thruster_20_hydrogen, Size 20 Hydrolox Thruster
hbmspace:mp_thruster_20_hydrogen_dual, Size 20 Hydrolox Twin Thrusters
hbmspace:mp_thruster_20_hydrogen_triple, Size 20 Hydrolox Triple Thrusters
hbmspace:flesh, Flesh
hbmspace:flesh_wafer, Flesh Patty
hbmspace:grilled_flesh, Grilled Flesh Patty
hbmspace:flesh_burger, Flesh Burger
hbmspace:ingot_magma, Vulcanite Ingot
hbmspace:crystal_nickel, Nickel Crystals
hbmspace:crystal_zinc, Zinc Crystal
hbmspace:crystal_niobium, Niobium Crystals
hbmspace:nickel_salts, Nickel Salts
hbmspace:ammonium_nitrate, Ammonium Nitrate
hbmspace:crystal_mineral, Mineral Crystals
hbmspace:crystal_cleaned, Cleaned Mineral Crystals
hbmspace:mineral_dust, Mineral Dust
hbmspace:chunk_ore:0, Pentlandite Chunk
hbmspace:chunk_ore:1, Moonstone
hbmspace:mineral_fragment:0, Acidized Minerals
hbmspace:mineral_fragment:1, Nitride Minerals
hbmspace:mineral_fragment:2, Sulfuric Minerals
hbmspace:mineral_fragment:3, Solvent Minerals
hbmspace:mineral_fragment:4, Chloride Minerals
hbmspace:mineral_fragment:5, Schrabidic Minerals
hbmspace:swarm_member, Dyson Swarm Member
hbmspace:saltleaf, Saltleaf
hbmspace:beryllium_mirror, Beryllium Mirror
hbmspace:teacup_empty, Empty Teacup
hbmspace:glass_smilk, Strawberry Milk Glass
hbmspace:strawberry, Strawberry
hbmspace:mint_leaves, Mint Leaves
hbmspace:bean_raw, Raw Coffee Bean
hbmspace:powder_coffee, Ground Coffee
hbmspace:bean_roast, Roasted Coffee Bean
hbmspace:teaseeds, Tea Seeds
hbmspace:tea_leaf, Tea Leaf
hbmspace:teacup, Cup of Tea
hbmspace:bottle_honey, Bottle of Honey
hbmspace:paraffin_seeds, Chlorinated Seeds
hbmspace:glass_empty, Empty Glass
hbmspace:cmug_empty, Empty Mug
hbmspace:lox_tank, Oxygen Tank
hbmspace:turbine_syngas, Stainless Steel Turbine Blades
hbmspace:blade_syngas, Stainless Steel Blades
hbmspace:stick_pvc, PVC Stick
hbmspace:stick_vinyl, Vinyl Stick
hbmspace:sat_dyson_relay, Satellite Dyson Relay
hbmspace:sat_war, item.sat_war.name
hbmspace:scuttertail, Scuttertail
hbmspace:rubber_leaf, item.rubber_leaf.name
hbmspace:pet_leaf, item.pet_leaf.name
hbmspace:powder_rubber, Rubber Powder
hbmspace:powder_pvc, PVC Powder
hbmspace:ingot_nickel, Nickel Ingot
hbmspace:powder_nickel, Nickel Powder
hbmspace:nugget_nickel, Nickel Nugget
hbmspace:plate_nickel, Nickel Plate
hbmspace:ingot_gallium, Gallium Ingot
hbmspace:nugget_gallium, Gallium Nugget
hbmspace:powder_gallium, Gallium Powder
hbmspace:powder_gallium_tiny, Tiny Pile of Gallium Powder
hbmspace:powder_wd2004_tiny, Tiny Pile Of Woodemium-2004-Anti-mass Lattice Powder
hbmspace:powder_wd2004, Woodemium-2004-Anti-mass Lattice Powder
hbmspace:ingot_tt, Techtactium Ingot
hbmspace:ingot_ttas, Techtactium Arsenide Ingot
hbmspace:ingot_gaas, Gallium Arsenide Ingot
hbmspace:nugget_gaas, Gallium Arsenide Nugget
hbmspace:billet_gaas, Gallium Arsenide Billet
hbmspace:nugget_zinc, Zinc Nugget
hbmspace:ingot_zinc, Zinc Ingot
hbmspace:powder_zinc, Zinc Powder
hbmspace:ingot_hafnium, Hafnium Ingot
hbmspace:nugget_hafnium, Hafnium Nugget
hbmspace:ingot_iridium, Iridium Ingot
hbmspace:ingot_stainless, Stainless Steel Ingot
hbmspace:plate_stainless, Stainless Steel Plate
hbmspace:ingot_menthol, Menthol Crystals
hbmspace:nugget_menthol, Menthol Nugget
hbmspace:billet_menthol, Menthol Billet
hbmspace:butter, Butter
hbmspace:min_cream, Minmus Mint Ice Cream
hbmspace:chocolate_mint_billet, Mint Slice
hbmspace:ingot_cm242, Curium-242 Ingot
hbmspace:ingot_cm243, Curium-243 Ingot
hbmspace:ingot_cm244, Curium-244 Ingot
hbmspace:ingot_cm245, Curium-245 Ingot
hbmspace:ingot_cm246, Curium-246 Ingot
hbmspace:ingot_cm247, Curium-247 Ingot
hbmspace:ingot_cm_fuel, Ingot of Curium Fuel
hbmspace:ingot_cm_mix, Reactor-Grade Curium Ingot
hbmspace:ingot_bk247, Berkelium-247 Ingot
hbmspace:ingot_cf251, Californium-251 Ingot
hbmspace:ingot_cf252, Californium-252 Ingot
hbmspace:ingot_es253, Einsteinium-253 Ingot
hbmspace:ingot_es255, Einstenium-255 Ingot
hbmspace:ingot_gwenium, Gwenium Ingot
hbmspace:billet_bk247, Berkelium-247 Billet
hbmspace:billet_cm242, Curium-242 Billet
hbmspace:billet_cm243, Curium-243 Billet
hbmspace:billet_cm244, Curium-244 Billet
hbmspace:billet_cm245, Curium-245 Billet
hbmspace:billet_cm246, Curium-246 Billet
hbmspace:billet_cm247, Curium-247 Billet
hbmspace:billet_cf252, Californium-252 Billet
hbmspace:billet_es253, Einsteinium-253 Billet
hbmspace:billet_cf251, Californium-251 Billet
hbmspace:billet_cm_mix, Reactor-Grade Curium Billet
hbmspace:billet_cm_fuel, Curium Fuel Billet
hbmspace:billet_red_copper, Minecraft Grade Copper Billet
hbmspace:divine_shard, item.divine_shard.name
hbmspace:nugget_lanthanium, Semi-Stable Lanthanium Nugget
hbmspace:powder_coke:0, Coal Coke Powder
hbmspace:powder_coke:1, Lignite Coke Powder
hbmspace:powder_coke:2, Petroleum Coke Powder
hbmspace:s_cream, Strawberry Ice Cream
hbmspace:woodemium_briquette, Balefire Infused Woodemium Briquette
hbmspace:ingot_cn989, Chinesium-989 Ingot
hbmspace:nugget_cn989, Chinesium-989 Nugget
hbmspace:billet_cn989, Chinesium-989 Billet
hbmspace:plate_cn989, Chinesium-989 Plate
hbmspace:powder_cn989, Chinesium-989 Powder
hbmspace:ingot_australium_lesser, Lesser Australium Ingot
hbmspace:ingot_australium_greater, Greater Australium Ingot
hbmspace:powder_lead, Lead Powder
hbmspace:nugget_bk247, Berkelium-247 Nugget
hbmspace:nugget_cm242, Curium-242 Nugget
hbmspace:nugget_cm243, Curium-243 Nugget
hbmspace:nugget_cm244, Curium-244 Nugget
hbmspace:nugget_cm245, Curium-245 Nugget
hbmspace:nugget_cm246, Curium-246 Nugget
hbmspace:nugget_cm247, Curium-247 Nugget
hbmspace:nugget_cf251, Californium-251 Nugget
hbmspace:nugget_cf252, Californium-252 Nugget
hbmspace:nugget_cm_fuel, Nugget of Curium Fuel
hbmspace:nugget_es253, Einsteinium-253 Nugget
hbmspace:nugget_cm_mix, Reactor-Grade Curium Nugget
hbmspace:pellet_rtg_americium_depleted, Decayed Americium RTG Pellet
hbmspace:pellet_rtg_berkelium, Berkelium RTG Pellet
hbmspace:pellet_rtg_cf251, Californium-251 RTG Pellet
hbmspace:pellet_rtg_cf252, Californium-252 RTG Pellet
hbmspace:rag_blood, Blood-Soaked Rag
hbmspace:ingot_palladium, Palladium Ingot
hbmspace:animan, Problematic Meal
hbmspace:flippers, Flippers
hbmspace:heavy_boots, Occasionally Heavy Boots
hbmspace:coin_airliner, Airliner Coin
hbmspace:oxy_pinwheel, Oxygen Pinwheel
hbmspace:rbmk_pellet_lecm:0, LECm Fuel pellet
hbmspace:rbmk_pellet_lecm:1, LECm Fuel pellet
hbmspace:rbmk_pellet_lecm:2, LECm Fuel pellet
hbmspace:rbmk_pellet_lecm:3, LECm Fuel pellet
hbmspace:rbmk_pellet_lecm:4, LECm Fuel pellet
hbmspace:rbmk_pellet_lecm:5, LECm Fuel pellet
hbmspace:rbmk_pellet_lecm:6, LECm Fuel pellet
hbmspace:rbmk_pellet_lecm:7, LECm Fuel pellet
hbmspace:rbmk_pellet_lecm:8, LECm Fuel pellet
hbmspace:rbmk_pellet_lecm:9, LECm Fuel pellet
hbmspace:rbmk_pellet_bk247:0, BK-247 Fuel Pellet
hbmspace:rbmk_pellet_bk247:1, BK-247 Fuel Pellet
hbmspace:rbmk_pellet_bk247:2, BK-247 Fuel Pellet
hbmspace:rbmk_pellet_bk247:3, BK-247 Fuel Pellet
hbmspace:rbmk_pellet_bk247:4, BK-247 Fuel Pellet
hbmspace:rbmk_pellet_bk247:5, BK-247 Fuel Pellet
hbmspace:rbmk_pellet_bk247:6, BK-247 Fuel Pellet
hbmspace:rbmk_pellet_bk247:7, BK-247 Fuel Pellet
hbmspace:rbmk_pellet_bk247:8, BK-247 Fuel Pellet
hbmspace:rbmk_pellet_bk247:9, BK-247 Fuel Pellet
hbmspace:rbmk_pellet_mecm:0, MECm Fuel pellet
hbmspace:rbmk_pellet_mecm:1, MECm Fuel pellet
hbmspace:rbmk_pellet_mecm:2, MECm Fuel pellet
hbmspace:rbmk_pellet_mecm:3, MECm Fuel pellet
hbmspace:rbmk_pellet_mecm:4, MECm Fuel pellet
hbmspace:rbmk_pellet_mecm:5, MECm Fuel pellet
hbmspace:rbmk_pellet_mecm:6, MECm Fuel pellet
hbmspace:rbmk_pellet_mecm:7, MECm Fuel pellet
hbmspace:rbmk_pellet_mecm:8, MECm Fuel pellet
hbmspace:rbmk_pellet_mecm:9, MECm Fuel pellet
hbmspace:rbmk_pellet_hecm:0, HECm Fuel pellet
hbmspace:rbmk_pellet_hecm:1, HECm Fuel pellet
hbmspace:rbmk_pellet_hecm:2, HECm Fuel pellet
hbmspace:rbmk_pellet_hecm:3, HECm Fuel pellet
hbmspace:rbmk_pellet_hecm:4, HECm Fuel pellet
hbmspace:rbmk_pellet_hecm:5, HECm Fuel pellet
hbmspace:rbmk_pellet_hecm:6, HECm Fuel pellet
hbmspace:rbmk_pellet_hecm:7, HECm Fuel pellet
hbmspace:rbmk_pellet_hecm:8, HECm Fuel pellet
hbmspace:rbmk_pellet_hecm:9, HECm Fuel pellet
hbmspace:rbmk_fuel_bk247, BK-247 RBMK Fuel Rod
hbmspace:rbmk_fuel_lecm, LECm RBMK Fuel Rod
hbmspace:rbmk_fuel_mecm, MECm RBMK Fuel Rod
hbmspace:rbmk_fuel_hecm, HECm RBMK Fuel Rod
hbmspace:ball_ferric_clay, Ferric Clay
hbmspace:flour, Flour
hbmspace:wand_time, Time Wand
hbmspace:atmosphere_scanner, Atmosphere Scanner
hbmspace:record_gs, item.record_gs.name
hbmspace:record_gp, item.record_gp.name
hbmspace:record_el, item.record_el.name
hbmspace:moon_rock, Moon Rock
hbmspace:tumor, Fleshy Mass
hbmspace:duna_sands, Duna Sand
hbmspace:duna_cobble, Duna Cobblestone
hbmspace:duna_rock, Duna Rock
hbmspace:dry_ice, Dry Ice
hbmspace:ferric_clay, Ferric Clay
hbmspace:eve_silt, Eve Silt
hbmspace:eve_rock, Eve Rock
hbmspace:laythe_silt, Laythe Silt
hbmspace:ike_regolith, Ike Regolith
hbmspace:ike_stone, Ike Stone
hbmspace:dres_rock, Dres Rock
hbmspace:moho_regolith, Moho Regolith
hbmspace:moho_stone, Moho Stone
hbmspace:minmus_regolith, Minmus Regolith
hbmspace:minmus_stone, Minmus Stone
hbmspace:minmus_smooth, Smooth Minmus Rock
hbmspace:block_nickel, Block of Nickel
hbmspace:block_osmiridium, Block of Osmiridium
hbmspace:deco_stainless, Stainless Steel Deco Block
hbmspace:combat_drop, tile.combat_drop.name
hbmspace:stone_resource:0, Conglomerate
hbmspace:stone_resource:1, Calcium
hbmspace:bromine_block, Alkyl Bromide
hbmspace:rubber_tall:0, Tall Rubber Plant
hbmspace:rubber_tall:1, Tall Rubber Plant
hbmspace:rubber_tall:2, Tall Rubber Plant
hbmspace:vinyl_sand, Vinyl Sand
hbmspace:vinyl_vine, Vinyl Vines
hbmspace:vinyl_log, Hardened Vinyl Log
hbmspace:pvc_log, PVC Log
hbmspace:vinyl_planks, Vinyl Planks
hbmspace:pvc_planks, PVC Planks
hbmspace:lattice_log, Latticed Log
hbmspace:bf_log, Balefire Log
hbmspace:primed_log, Primed Log
hbmspace:eu_log, Anti-Mass Log
hbmspace:flesh_block, Block of Flesh
hbmspace:charred_flesh_block, tile.charred_flesh_block.name
hbmspace:carbonized_flesh_block, tile.carbonized_flesh_block.name
hbmspace:machine_lpw2, LPW-2 Station Thruster
hbmspace:machine_htr3, LPW-3N Station Thruster
hbmspace:machine_htrf4, HTR-F4 Station Thruster
hbmspace:machine_htrf4neo, tile.machine_htrf4neo.name
hbmspace:machine_xenon_thruster, Xenon Station Thruster
hbmspace:transporter_rocket, Rocket Transporter Pad
hbmspace:orbital_station, Orbital Station Core
hbmspace:orbital_station_port, Orbital Station Port
hbmspace:orbital_station_launcher, Orbital Station Launching Port
hbmspace:orbital_station_computer, Orbital Station Computer
hbmspace:machine_stardar, StarDar
hbmspace:machine_drive_processor, Drive Processor
hbmspace:machine_rocket_assembly, Vehicle Assembly Base (VAB)
hbmspace:launch_pad_rocket, Rocket Launch Pad
hbmspace:machine_vacuum_circuit, Vacuum Solderer
hbmspace:machine_alkylation, Alkylation Unit
hbmspace:machine_solar, Solar Panel
hbmspace:air_vent, Air Vent
hbmspace:air_scrubber, CO2 Scrubber
hbmspace:algae_film, Microgravity Algae Film
hbmspace:hydrobay, Industrial Greenhouse
hbmspace:machine_cryo_distill, Cryogenic Distillation Machine
hbmspace:machine_milk_reformer, Dairy Processing Tank
hbmspace:machine_magma, Magma Drill
hbmspace:machine_radiator, Steam Radiator
hbmspace:dish_control, StarDar Remote Access Console
hbmspace:machine_discharger, Matter Discharging Device (LEGACY)
hbmspace:machine_atmo_tower, Atmospheric Liquefaction Tower
hbmspace:machine_atmo_vent, Atmospheric Compressor
hbmspace:gas_dock, Gas Giant Harvester
hbmspace:orrery, Orrery
hbmspace:rbmk_burner, RBMK Fluid Burner
hbmspace:atmosphere_editor, Atmosphere Editor
hbmspace:dyson_launcher, Dyson Spinlauncher
hbmspace:dyson_receiver, Dyson Receiver
hbmspace:dyson_converter_tu, Dyson Heat Converter
hbmspace:dyson_converter_he, Dyson Power Converter
hbmspace:dyson_converter_anatmogenesis, Dyson Anatmogenesis Terraformer
hbmspace:geysir_electric, Discharge Geyser
hbmspace:geysir_chloric, DCM Geysir
hbmspace:sapling:0, Vinyl Sapling
hbmspace:sapling:1, Plastic Sapling
hbmspace:laythe_kelp, Laythe Kelp
hbmspace:plant_tall_laythe:0, Saltgrass
hbmspace:laythe_seagrass:0, tile.laythe_seagrass_0.name
hbmspace:laythe_glowgrass:0, tile.laythe_glowgrass_0.name
hbmspace:crop_strawberry, Strawberries
hbmspace:crop_mint, Mint
hbmspace:crop_coffee, Coffee
hbmspace:crop_tea, Tea
hbmspace:crop_paraffin, Wax Crop
hbmspace:laythe_coral:0, Laythe Coral
hbmspace:laythe_coral:1, Laythe Coral
hbmspace:laythe_coral:2, Laythe Coral
hbmspace:laythe_coral:3, Laythe Coral
hbmspace:laythe_coral:4, Laythe Coral
hbmspace:laythe_coral_block:0, Block of Laythe Coral
hbmspace:laythe_coral_block:1, Block of Laythe Coral
hbmspace:laythe_coral_block:2, Block of Laythe Coral
hbmspace:laythe_coral_block:3, Block of Laythe Coral
hbmspace:laythe_coral_block:4, Block of Laythe Coral
hbmspace:rubber_farmland, Tekto Farmland
hbmspace:rubber_plant:0, Short Rubber Plant
hbmspace:rubber_plant:1, Short Rubber Plant
hbmspace:rubber_plant:2, Short Rubber Plant
hbmspace:rubber_grass, Rubber Grass
hbmspace:rubber_leaves, Rubber Leaves
hbmspace:rubber_silt, Tekto Silt
hbmspace:pet_leaves, Plastic Leaves
hbmspace:ccl_block, CCL
hbmspace:dummy_beam, Integrated Lamp
hbmspace:furnace, Furnace
hbmspace:lit_furnace, tile.lit_furnace.name
packagedauto:packager, Packager
packagedauto:encoder, Package Recipe Encoder
packagedauto:unpackager, Unpackager
packagedauto:packager_extension, Packager Extension
packagedauto:distributor, Positioned Package Distributor
packagedauto:crafting_proxy, Package Crafting Machine Proxy
packagedauto:recipe_holder, Package Recipe Holder
packagedauto:distributor_marker, Distributor Marker
packagedauto:proxy_marker, Proxy Marker
packagedauto:settings_cloner, Packaging Settings Cloner
packagedauto:package, Recipe Package
packagedauto:package_component, Packaging Component
packagedauto:me_package_component, ME Packaging Component
packagedastral:marked_relay, Marked Spectral Relay
packagedastral:discovery_crafter, Luminous Package Crafter
packagedastral:attunement_crafter, Starlight Package Crafting Altar
packagedastral:constellation_crafter, Celestial Package Crafting Altar
packagedastral:trait_crafter, Iridescent Package Crafting Altar
packagedastral:constellation_focus, Constellation Focus
packagedthaumic:reinforced_porous_stone, Reinforced Porous Stone
packagedthaumic:virial_chamber, Virial Chamber
packagedthaumic:clathrate_essence_former, Essentia Clathrate Former
packagedthaumic:arcane_crafter, Arcane Package Crafter
packagedthaumic:virial_arcane_crafter, Virial Arcane Package Crafter
packagedthaumic:crucible_crafter, Package Thaumatorium
packagedthaumic:infusion_crafter, Package Runic Matrix
packagedthaumic:marked_arcane_pedestal, Marked Arcane Pedestal
packagedthaumic:marked_ancient_pedestal, Marked Ancient Pedestal
packagedthaumic:marked_eldritch_pedestal, Marked Eldritch Pedestal
packagedthaumic:virial_recharge_pedestal, Virial Recharge Pedestal
packagedthaumic:thaumic_package_component, Thaumic Packaging Component
packagedthaumic:porous_stone_plate, Porous Stone Plate
packagedthaumic:clathrate_essence, %s Essentia Clathrate
thaumcraft:ore_amber, Amber Bearing Stone
thaumcraft:ore_cinnabar, Cinnabar Ore
thaumcraft:ore_quartz, Quartz Ore
thaumcraft:crystal_aer, Air Crystal
thaumcraft:crystal_ignis, Fire Crystal
thaumcraft:crystal_aqua, Water Crystal
thaumcraft:crystal_terra, Earth Crystal
thaumcraft:crystal_ordo, Order Crystal
thaumcraft:crystal_perditio, Entropy Crystal
thaumcraft:crystal_vitium, Flux Crystal
thaumcraft:stone_arcane, Arcane Stone
thaumcraft:stone_arcane_brick, Arcane Stone Brick
thaumcraft:stone_ancient, Ancient Stone
thaumcraft:stone_ancient_tile, Ancient Stone Tile
thaumcraft:stone_ancient_rock, Ancient Rock
thaumcraft:stone_ancient_glyphed, Glyphed Stone
thaumcraft:stone_ancient_doorway, Ancient Barrier
thaumcraft:stone_eldritch_tile, Eldritch Stone
thaumcraft:stone_porous, Porous Stone
thaumcraft:stairs_arcane, Arcane Stone Stairs
thaumcraft:stairs_arcane_brick, Arcane Brick Stairs
thaumcraft:stairs_ancient, Ancient Stone Stairs
thaumcraft:slab_arcane_stone:0, Arcane Stone Slab
thaumcraft:slab_arcane_brick:0, Arcane Brick Slab
thaumcraft:slab_ancient:0, Ancient Stone Slab
thaumcraft:slab_eldritch:0, Eldritch Stone Slab
thaumcraft:sapling_greatwood, Greatwood Sapling
thaumcraft:sapling_silverwood, Silverwood Sapling
thaumcraft:log_greatwood, Greatwood Log
thaumcraft:log_silverwood, Silverwood Log
thaumcraft:leaves_greatwood, Greatwood Leaves
thaumcraft:leaves_silverwood, Silverwood Leaves
thaumcraft:shimmerleaf, Shimmerleaf
thaumcraft:cinderpearl, Cinderpearl
thaumcraft:vishroom, Vishroom
thaumcraft:plank_greatwood, Greatwood Planks
thaumcraft:plank_silverwood, Silverwood Planks
thaumcraft:stairs_greatwood, Greatwood Stairs
thaumcraft:stairs_silverwood, Silverwood Stairs
thaumcraft:slab_greatwood:0, Greatwood Slab
thaumcraft:slab_silverwood:0, Silverwood Slab
thaumcraft:amber_block, Amber Block
thaumcraft:amber_brick, Amber Bricks
thaumcraft:flesh_block, Block of Flesh
thaumcraft:loot_crate_common, Common Crate
thaumcraft:loot_crate_uncommon, Uncommon Crate
thaumcraft:loot_crate_rare, Rare Crate
thaumcraft:loot_urn_common, Common Urn
thaumcraft:loot_urn_uncommon, Uncommon Urn
thaumcraft:loot_urn_rare, Rare Urn
thaumcraft:taint_fibre, Fibrous Taint
thaumcraft:taint_crust, Crusted Taint
thaumcraft:taint_soil, Tainted Soil
thaumcraft:taint_rock, Tainted Rock
thaumcraft:taint_geyser, Taint Geyser
thaumcraft:taint_feature, Swollen Taint
thaumcraft:taint_log, Taintwood Log
thaumcraft:grass_ambient, Ambient Grass Block
thaumcraft:table_wood, Wood Table
thaumcraft:table_stone, Stone Table
thaumcraft:pedestal_arcane, Arcane Pedestal
thaumcraft:pedestal_ancient, Ancient Pedestal
thaumcraft:pedestal_eldritch, Eldritch Pedestal
thaumcraft:metal_brass, Brass Block
thaumcraft:metal_thaumium, Thaumium Block
thaumcraft:metal_void, Void Metal Block
thaumcraft:metal_alchemical, Alchemical Construct
thaumcraft:metal_alchemical_advanced, Advanced Alchemical Construct
thaumcraft:paving_stone_travel, Paving Stone of Travel
thaumcraft:paving_stone_barrier, Barrier Stone
thaumcraft:pillar_arcane, Infusion Pillar
thaumcraft:pillar_ancient, Ancient Infusion Pillar
thaumcraft:pillar_eldritch, Eldritch Infusion Pillar
thaumcraft:matrix_speed, Infusion Speed Stone
thaumcraft:matrix_cost, Infusion Cost Stone
thaumcraft:candle_white, White Tallow Candle
thaumcraft:candle_orange, Orange Tallow Candle
thaumcraft:candle_magenta, Magenta Tallow Candle
thaumcraft:candle_lightblue, Light Blue Tallow Candle
thaumcraft:candle_yellow, Yellow Tallow Candle
thaumcraft:candle_lime, Lime Tallow Candle
thaumcraft:candle_pink, Pink Tallow Candle
thaumcraft:candle_gray, Gray Tallow Candle
thaumcraft:candle_silver, Light Gray Tallow Candle
thaumcraft:candle_cyan, Cyan Tallow Candle
thaumcraft:candle_purple, Purple Tallow Candle
thaumcraft:candle_blue, Blue Tallow Candle
thaumcraft:candle_brown, Brown Tallow Candle
thaumcraft:candle_green, Green Tallow Candle
thaumcraft:candle_red, Red Tallow Candle
thaumcraft:candle_black, Black Tallow Candle
thaumcraft:banner_white, White Banner
thaumcraft:banner_orange, Orange Banner
thaumcraft:banner_magenta, Magenta Banner
thaumcraft:banner_lightblue, Light Blue Banner
thaumcraft:banner_yellow, Yellow Banner
thaumcraft:banner_lime, Lime Banner
thaumcraft:banner_pink, Pink Banner
thaumcraft:banner_gray, Gray Banner
thaumcraft:banner_silver, Light Gray Banner
thaumcraft:banner_cyan, Cyan Banner
thaumcraft:banner_purple, Purple Banner
thaumcraft:banner_blue, Blue Banner
thaumcraft:banner_brown, Brown Banner
thaumcraft:banner_green, Green Banner
thaumcraft:banner_red, Red Banner
thaumcraft:banner_black, Black Banner
thaumcraft:banner_crimson_cult, Crimson Cult Banner
thaumcraft:nitor_white, White Nitor
thaumcraft:nitor_orange, Orange Nitor
thaumcraft:nitor_magenta, Magenta Nitor
thaumcraft:nitor_lightblue, Light Blue Nitor
thaumcraft:nitor_yellow, Yellow Nitor
thaumcraft:nitor_lime, Lime Nitor
thaumcraft:nitor_pink, Pink Nitor
thaumcraft:nitor_gray, Gray Nitor
thaumcraft:nitor_silver, Light Gray Nitor
thaumcraft:nitor_cyan, Cyan Nitor
thaumcraft:nitor_purple, Purple Nitor
thaumcraft:nitor_blue, Blue Nitor
thaumcraft:nitor_brown, Brown Nitor
thaumcraft:nitor_green, Green Nitor
thaumcraft:nitor_red, Red Nitor
thaumcraft:nitor_black, Black Nitor
thaumcraft:vis_battery, Vis Battery
thaumcraft:inlay, Redstone Inlay
thaumcraft:arcane_workbench, Arcane Workbench
thaumcraft:arcane_workbench_charger, Workbench Charger
thaumcraft:dioptra, Thaumic Dioptra
thaumcraft:research_table, Research Table
thaumcraft:crucible, Crucible
thaumcraft:arcane_ear, Arcane Ear
thaumcraft:arcane_ear_toggle, Arcane Ear (Toggle)
thaumcraft:lamp_arcane, Arcane Lamp
thaumcraft:lamp_fertility, Lamp of Fertility
thaumcraft:lamp_growth, Lamp of Growth  
thaumcraft:levitator, Arcane Levitator
thaumcraft:centrifuge, Essentia Centrifuge
thaumcraft:bellows, Arcane Bellows
thaumcraft:smelter_basic, Essentia Smeltery
thaumcraft:smelter_thaumium, Thaumium Essentia Smeltery
thaumcraft:smelter_void, Void Metal Essentia Smeltery
thaumcraft:smelter_aux, Auxiliary Slurry Pump
thaumcraft:smelter_vent, Auxiliary Venting Port
thaumcraft:alembic, Arcane Alembic
thaumcraft:recharge_pedestal, Recharge Pedestal
thaumcraft:wand_workbench, Focal Manipulator
thaumcraft:hungry_chest, Hungry Chest
thaumcraft:tube, Essentia Tube
thaumcraft:tube_valve, Essentia Valve
thaumcraft:tube_restrict, Restricted Essentia Tube
thaumcraft:tube_oneway, Directional Essentia Tube
thaumcraft:tube_filter, Filtered Essentia Tube
thaumcraft:tube_buffer, Essentia Buffer
thaumcraft:jar_normal, Warded Jar
thaumcraft:jar_void, Void Jar
thaumcraft:jar_brain, Brain in a Jar
thaumcraft:infusion_matrix, Runic Matrix
thaumcraft:infernal_furnace, Infernal Furnace
thaumcraft:everfull_urn, Everfull Urn
thaumcraft:thaumatorium, Thaumatorium
thaumcraft:thaumatorium_top, Thaumatorium
thaumcraft:brain_box, Mnemonic Matrix
thaumcraft:spa, Arcane Spa
thaumcraft:golem_builder, Golem Press
thaumcraft:mirror, Magic Mirror
thaumcraft:mirror_essentia, Essentia Mirror
thaumcraft:essentia_input, Filling Essentia Transfuser
thaumcraft:essentia_output, Emptying Essentia Transfuser
thaumcraft:redstone_relay, Redstone Relay
thaumcraft:pattern_crafter, Arcane Pattern Crafter
thaumcraft:potion_sprayer, Potion Sprayer
thaumcraft:activator_rail, Arcane Activator Rail
thaumcraft:stabilizer, Stabilizer
thaumcraft:vis_generator, Vis Generator
thaumcraft:condenser, Flux Condenser
thaumcraft:condenser_lattice, Flux Condenser Lattice
thaumcraft:condenser_lattice_dirty, Clogged Flux Condenser Lattice
thaumcraft:void_siphon, Void Siphon
thaumcraft:hole, Dimensional Tear
thaumcraft:effect_shock, Static Field
thaumcraft:effect_sap, Sapping Field
thaumcraft:effect_glimmer, Glimmer
thaumcraft:placeholder_brick, Infernal Furnace
thaumcraft:placeholder_obsidian, Infernal Furnace
thaumcraft:placeholder_bars, Golem Press
thaumcraft:placeholder_anvil, Golem Press
thaumcraft:placeholder_cauldron, Golem Press
thaumcraft:placeholder_table, Golem Press
thaumcraft:empty, Empty Space
thaumcraft:barrier, Warding Aura
suikecherry:cherry_sapling, Cherry Sapling
suikecherry:cherry_boat, Cherry Boat
suikecherry:oak_chest_boat, Oak Boat with Chest
suikecherry:spruce_chest_boat, Spruce Boat with Chest
suikecherry:birch_chest_boat, Birch Boat with Chest
suikecherry:jungle_chest_boat, Jungle Boat with Chest
suikecherry:acacia_chest_boat, Acacia Boat with Chest
suikecherry:dark_oak_chest_boat, Dark Oak Boat with Chest
suikecherry:cherry_chest_boat, Cherry Boat with Chest
suikecherry:brush, Brush
suikecherry:music_disc_relic, §eMusic Disc
suikecherry:heart_pottery_sherd, §eHeart Pottery Sherd
suikecherry:heartbreak_pottery_sherd, §eHeartbreak Pottery Sherd
suikecherry:angler_pottery_sherd, §eAngler Pottery Sherd
suikecherry:archer_pottery_sherd, §eArcher Pottery Sherd
suikecherry:brewer_pottery_sherd, §eBrewer Pottery Sherd
suikecherry:explorer_pottery_sherd, §eExplorer Pottery Sherd
suikecherry:mourner_pottery_sherd, §eMourner Pottery Sherd
suikecherry:snort_pottery_sherd, §eSnort Pottery Sherd
suikecherry:danger_pottery_sherd, §eDanger Pottery Sherd
suikecherry:plenty_pottery_sherd, §ePlenty Pottery Sherd
suikecherry:prize_pottery_sherd, §ePrize Pottery Sherd
suikecherry:sheaf_pottery_sherd, §eSheaf Pottery Sherd
suikecherry:skull_pottery_sherd, §eSkull Pottery Sherd
suikecherry:arms_up_pottery_sherd, §eArms Up Pottery Sherd
suikecherry:blade_pottery_sherd, §eBlade Pottery Sherd
suikecherry:burn_pottery_sherd, §eBurn Pottery Sherd
suikecherry:friend_pottery_sherd, §eFriend Pottery Sherd
suikecherry:howl_pottery_sherd, §eHowl Pottery Sherd
suikecherry:miner_pottery_sherd, §eMiner Pottery Sherd
suikecherry:shelter_pottery_sherd, §eShelter Pottery Sherd
suikecherry:flow_pottery_sherd, §eFlow Pottery Sherd
suikecherry:scrape_pottery_sherd, §eScrape Pottery Sherd
suikecherry:guster_pottery_sherd, §eGuster Pottery Sherd
suikecherry:coast_armor_trim_smithing_template, §eCoast Armor Trim
suikecherry:dune_armor_trim_smithing_template, §eDune Armor Trim
suikecherry:eye_armor_trim_smithing_template, §eEye Armor Trim
suikecherry:host_armor_trim_smithing_template, §eHost Armor Trim
suikecherry:raiser_armor_trim_smithing_template, §eRaiser Armor Trim
suikecherry:rib_armor_trim_smithing_template, §eRib Armor Trim
suikecherry:sentry_armor_trim_smithing_template, §eSentry Armor Trim
suikecherry:shaper_armor_trim_smithing_template, §eShaper Armor Trim
suikecherry:silence_armor_trim_smithing_template, §eSilence Armor Trim
suikecherry:snout_armor_trim_smithing_template, §eSnout Armor Trim
suikecherry:spire_armor_trim_smithing_template, §eSpire Armor Trim
suikecherry:tide_armor_trim_smithing_template, §eTide Armor Trim
suikecherry:vex_armor_trim_smithing_template, §eVex Armor Trim
suikecherry:ward_armor_trim_smithing_template, §eWard Armor Trim
suikecherry:wayfinder_armor_trim_smithing_template, §eWayfinder Armor Trim
suikecherry:wild_armor_trim_smithing_template, §eWild Armor Trim
suikecherry:bolt_armor_trim_smithing_template, §eBolt Armor Trim
suikecherry:flow_armor_trim_smithing_template, §eFlow Armor Trim
suikecherry:torch_flower_seeds, Torchflower Seeds
suikecherry:pitcher_pod, Pitcher Pod
suikecherry:pink_petals, Pink Petals
suikecherry:wild_flowers, Wildflowers
suikecherry:leaf_litter, Leaf Litter
suikecherry:cherry_log, Cherry Log
suikecherry:cherry_wood, Cherry Wood
suikecherry:cherry_stripped_log, Cherry Stripped Log
suikecherry:cherry_stripped_wood, Cherry Stripped Wood
suikecherry:cherry_leaves, Cherry Leaves
suikecherry:cherry_planks, Cherry Planks
suikecherry:cherry_door, Cherry Door
suikecherry:cherry_stairs, Cherry Stairs
suikecherry:cherry_slab:0, Cherry Slab
suikecherry:cherry_trapdoor, Cherry Trapdoor
suikecherry:cherry_fence, Cherry Fence
suikecherry:cherry_fence_gate, Cherry Fence Gate
suikecherry:cherry_button, Cherry button
suikecherry:cherry_pressure_plate, Cherry Pressure
suikecherry:spruce_sign, Spruce Sign
suikecherry:birch_sign, Birch Sign
suikecherry:jungle_sign, Jungle Sign
suikecherry:acacia_sign, Acacia Sign
suikecherry:dark_oak_sign, Dark Oak Sign
suikecherry:cherry_sign, Cherry Sign
suikecherry:crimson_sign, Crimson Sign
suikecherry:warped_sign, Warped Sign
suikecherry:oak_hanging_sign, Oak Hanging Sign
suikecherry:spruce_hanging_sign, Spruce Hanging Sign
suikecherry:birch_hanging_sign, Birch Hanging Sign
suikecherry:jungle_hanging_sign, Jungle Hanging Sig
suikecherry:acacia_hanging_sign, Acacia Hanging Sign
suikecherry:dark_oak_hanging_sign, Dark Oak Hanging Sign
suikecherry:cherry_hanging_sign, Cherry Hanging Sign
suikecherry:crimson_hanging_sign, Crimson Hanging Sign
suikecherry:warped_hanging_sign, Warped Hanging Sign
suikecherry:suspicious_sand, Suspicious Hanging Sand
suikecherry:suspicious_gravel, Suspicious Gravel
suikecherry:sniffer_egg, §eSniffer Egg
suikecherry:decorated_pot, Decorated Pot
suikecherry:smithing_table, Smithing Table
suikecherry:chiseled_bookshelf, Chiseled Bookshelf
suikecherry:torch_flower, Torchflower
suikecherry:pitcher_crop, Pitcher Plant
forge:bucketfilled, %s Bucket
appliedenergistics2:quartz_ore, Certus Quartz Ore
appliedenergistics2:charged_quartz_ore, Charged Certus Quartz Ore
appliedenergistics2:matrix_frame, Matrix Frame
appliedenergistics2:quartz_block, Certus Quartz Block
appliedenergistics2:quartz_pillar, Certus Quartz Pillar
appliedenergistics2:chiseled_quartz_block, Chiseled Certus Quartz Block
appliedenergistics2:quartz_glass, Quartz Glass
appliedenergistics2:quartz_vibrant_glass, Vibrant Quartz Glass
appliedenergistics2:quartz_fixture, Charged Quartz Fixture
appliedenergistics2:fluix_block, Fluix Block
appliedenergistics2:sky_stone_block, Sky Stone
appliedenergistics2:smooth_sky_stone_block, Sky Stone Block
appliedenergistics2:sky_stone_brick, Sky Stone Brick
appliedenergistics2:sky_stone_small_brick, Sky Stone Small Brick
appliedenergistics2:sky_stone_chest, Sky Stone Chest
appliedenergistics2:smooth_sky_stone_chest, Sky Stone Block Chest
appliedenergistics2:sky_compass, Meteorite Compass
appliedenergistics2:grindstone, Quartz Grindstone
appliedenergistics2:crank, Wooden Crank
appliedenergistics2:inscriber, Inscriber
appliedenergistics2:wireless_access_point, ME Wireless Access Point
appliedenergistics2:charger, Charger
appliedenergistics2:tiny_tnt, Tiny TNT
appliedenergistics2:security_station, ME Security Terminal
appliedenergistics2:quantum_ring, ME Quantum Ring
appliedenergistics2:quantum_link, ME Quantum Link Chamber
appliedenergistics2:spatial_pylon, Spatial Pylon
appliedenergistics2:spatial_io_port, Spatial IO Port
appliedenergistics2:controller, ME Controller
appliedenergistics2:drive, ME Drive
appliedenergistics2:chest, ME Chest
appliedenergistics2:interface, ME Interface
appliedenergistics2:fluid_interface, ME Fluid Interface
appliedenergistics2:cell_workbench, Cell Workbench
appliedenergistics2:io_port, ME IO Port
appliedenergistics2:condenser, Matter Condenser
appliedenergistics2:energy_acceptor, Energy Acceptor
appliedenergistics2:vibration_chamber, Vibration Chamber
appliedenergistics2:quartz_growth_accelerator, Crystal Growth Accelerator
appliedenergistics2:energy_cell, Energy Cell
appliedenergistics2:dense_energy_cell, Dense Energy Cell
appliedenergistics2:creative_energy_cell, Creative Energy Cell
appliedenergistics2:crafting_unit, Crafting Unit
appliedenergistics2:crafting_accelerator, Crafting Co-Processing Unit
appliedenergistics2:crafting_storage_1k, §61k§r Crafting Storage
appliedenergistics2:crafting_storage_4k, §e4k§r Crafting Storage
appliedenergistics2:crafting_storage_16k, §a16k§r Crafting Storage
appliedenergistics2:crafting_storage_64k, §b64k§r Crafting Storage
appliedenergistics2:crafting_monitor, Crafting Monitor
appliedenergistics2:molecular_assembler, Molecular Assembler
appliedenergistics2:light_detector, Light Detecting Fixture
appliedenergistics2:paint, tile.appliedenergistics2.paint.name
appliedenergistics2:sky_stone_stairs, Sky Stone Stairs
appliedenergistics2:smooth_sky_stone_stairs, Sky Stone Block Stairs
appliedenergistics2:sky_stone_brick_stairs, Sky Stone Brick Stairs
appliedenergistics2:sky_stone_small_brick_stairs, Sky Stone Small Brick Stairs
appliedenergistics2:fluix_stairs, Fluix Stairs
appliedenergistics2:quartz_stairs, Certus Quartz Stairs
appliedenergistics2:chiseled_quartz_stairs, Chiseled Certus Quartz Stairs
appliedenergistics2:quartz_pillar_stairs, Certus Quartz Pillar Stairs
appliedenergistics2:cable_bus, AE2 Cable and/or Bus
appliedenergistics2:sky_stone_slab:0, Sky Stone Slab
appliedenergistics2:smooth_sky_stone_slab:0, Sky Stone Block Slab
appliedenergistics2:sky_stone_brick_slab:0, Sky Stone Brick Slab
appliedenergistics2:sky_stone_small_brick_slab:0, Sky Stone Small Brick Slab
appliedenergistics2:fluix_slab:0, Fluix Slab
appliedenergistics2:quartz_slab:0, Certus Quartz Slab
appliedenergistics2:chiseled_quartz_slab:0, Chiseled Certus Quartz Slab
appliedenergistics2:quartz_pillar_slab:0, Certus Quartz Pillar Slab
appliedenergistics2:certus_quartz_axe, Certus Quartz Axe
appliedenergistics2:certus_quartz_hoe, Certus Quartz Hoe
appliedenergistics2:certus_quartz_spade, Certus Quartz Shovel
appliedenergistics2:certus_quartz_pickaxe, Certus Quartz Pickaxe
appliedenergistics2:certus_quartz_sword, Certus Quartz Sword
appliedenergistics2:certus_quartz_wrench, Certus Quartz Wrench
appliedenergistics2:certus_quartz_cutting_knife, Certus Quartz Cutting Knife
appliedenergistics2:nether_quartz_axe, Nether Quartz Axe
appliedenergistics2:nether_quartz_hoe, Nether Quartz Hoe
appliedenergistics2:nether_quartz_spade, Nether Quartz Shovel
appliedenergistics2:nether_quartz_pickaxe, Nether Quartz Pickaxe
appliedenergistics2:nether_quartz_sword, Nether Quartz Sword
appliedenergistics2:nether_quartz_wrench, Nether Quartz Wrench
appliedenergistics2:nether_quartz_cutting_knife, Nether Quartz Cutting Knife
appliedenergistics2:entropy_manipulator, Entropy Manipulator
appliedenergistics2:wireless_terminal, Wireless Terminal
appliedenergistics2:wireless_crafting_terminal, Wireless Crafting Terminal
appliedenergistics2:wireless_pattern_terminal, Wireless Pattern Terminal
appliedenergistics2:wireless_fluid_terminal, Wireless Fluid Terminal
appliedenergistics2:wireless_interface_terminal, Wireless Interface Terminal
appliedenergistics2:charged_staff, Charged Staff
appliedenergistics2:matter_cannon, Matter Cannon
appliedenergistics2:portable_cell, Portable Cell
appliedenergistics2:color_applicator, Color Applicator
appliedenergistics2:biometric_card, Biometric Card
appliedenergistics2:memory_card, Memory Card
appliedenergistics2:network_tool, Network Tool
appliedenergistics2:creative_storage_cell, Creative ME Storage Cell
appliedenergistics2:view_cell, View Cell
appliedenergistics2:storage_cell_1k, §61k§r ME Storage Cell
appliedenergistics2:storage_cell_4k, §e4k§r ME Storage Cell
appliedenergistics2:storage_cell_16k, §a16k§r ME Storage Cell
appliedenergistics2:storage_cell_64k, §b64k§r ME Storage Cell
appliedenergistics2:fluid_storage_cell_1k, §61k§r ME Fluid Storage Cell
appliedenergistics2:fluid_storage_cell_4k, §e4k§r ME Fluid Storage Cell
appliedenergistics2:fluid_storage_cell_16k, §a16k§r ME Fluid Storage Cell
appliedenergistics2:fluid_storage_cell_64k, §b64k§r ME Fluid Storage Cell
appliedenergistics2:spatial_storage_cell_2_cubed, §62³§r Spatial Storage Cell
appliedenergistics2:spatial_storage_cell_16_cubed, §916³§r Spatial Storage Cell
appliedenergistics2:spatial_storage_cell_128_cubed, §d128³§r  Spatial Storage Cell
appliedenergistics2:facade:0, Cable Facade - Stone
appliedenergistics2:facade:0, Cable Facade - Granite
appliedenergistics2:facade:0, Cable Facade - Polished Granite
appliedenergistics2:facade:0, Cable Facade - Diorite
appliedenergistics2:facade:0, Cable Facade - Polished Diorite
appliedenergistics2:facade:0, Cable Facade - Andesite
appliedenergistics2:facade:0, Cable Facade - Polished Andesite
appliedenergistics2:facade:0, Cable Facade - Grass Block
appliedenergistics2:facade:0, Cable Facade - Dirt
appliedenergistics2:facade:0, Cable Facade - Coarse Dirt
appliedenergistics2:facade:0, Cable Facade - Podzol
appliedenergistics2:facade:0, Cable Facade - Cobblestone
appliedenergistics2:facade:0, Cable Facade - Oak Planks
appliedenergistics2:facade:0, Cable Facade - Spruce Planks
appliedenergistics2:facade:0, Cable Facade - Birch Planks
appliedenergistics2:facade:0, Cable Facade - Jungle Planks
appliedenergistics2:facade:0, Cable Facade - Acacia Planks
appliedenergistics2:facade:0, Cable Facade - Dark Oak Planks
appliedenergistics2:facade:0, Cable Facade - Bedrock
appliedenergistics2:facade:0, Cable Facade - Sand
appliedenergistics2:facade:0, Cable Facade - Red Sand
appliedenergistics2:facade:0, Cable Facade - Gravel
appliedenergistics2:facade:0, Cable Facade - Gold Ore
appliedenergistics2:facade:0, Cable Facade - Iron Ore
appliedenergistics2:facade:0, Cable Facade - Coal Ore
appliedenergistics2:facade:0, Cable Facade - Oak Log
appliedenergistics2:facade:0, Cable Facade - Spruce Log
appliedenergistics2:facade:0, Cable Facade - Birch Log
appliedenergistics2:facade:0, Cable Facade - Jungle Log
appliedenergistics2:facade:0, Cable Facade - Oak Leaves
appliedenergistics2:facade:0, Cable Facade - Spruce Leaves
appliedenergistics2:facade:0, Cable Facade - Birch Leaves
appliedenergistics2:facade:0, Cable Facade - Jungle Leaves
appliedenergistics2:facade:0, Cable Facade - Sponge
appliedenergistics2:facade:0, Cable Facade - Wet Sponge
appliedenergistics2:facade:0, Cable Facade - Glass
appliedenergistics2:facade:0, Cable Facade - Lapis Lazuli Ore
appliedenergistics2:facade:0, Cable Facade - Lapis Lazuli Block
appliedenergistics2:facade:0, Cable Facade - Sandstone
appliedenergistics2:facade:0, Cable Facade - Chiseled Sandstone
appliedenergistics2:facade:0, Cable Facade - Smooth Sandstone
appliedenergistics2:facade:0, Cable Facade - White Wool
appliedenergistics2:facade:0, Cable Facade - Orange Wool
appliedenergistics2:facade:0, Cable Facade - Magenta Wool
appliedenergistics2:facade:0, Cable Facade - Light Blue Wool
appliedenergistics2:facade:0, Cable Facade - Yellow Wool
appliedenergistics2:facade:0, Cable Facade - Lime Wool
appliedenergistics2:facade:0, Cable Facade - Pink Wool
appliedenergistics2:facade:0, Cable Facade - Gray Wool
appliedenergistics2:facade:0, Cable Facade - Light Gray Wool
appliedenergistics2:facade:0, Cable Facade - Cyan Wool
appliedenergistics2:facade:0, Cable Facade - Purple Wool
appliedenergistics2:facade:0, Cable Facade - Blue Wool
appliedenergistics2:facade:0, Cable Facade - Brown Wool
appliedenergistics2:facade:0, Cable Facade - Green Wool
appliedenergistics2:facade:0, Cable Facade - Red Wool
appliedenergistics2:facade:0, Cable Facade - Black Wool
appliedenergistics2:facade:0, Cable Facade - Block of Gold
appliedenergistics2:facade:0, Cable Facade - Block of Iron
appliedenergistics2:facade:0, Cable Facade - Bricks
appliedenergistics2:facade:0, Cable Facade - TNT
appliedenergistics2:facade:0, Cable Facade - Bookshelf
appliedenergistics2:facade:0, Cable Facade - Moss Stone
appliedenergistics2:facade:0, Cable Facade - Obsidian
appliedenergistics2:facade:0, Cable Facade - Diamond Ore
appliedenergistics2:facade:0, Cable Facade - Block of Diamond
appliedenergistics2:facade:0, Cable Facade - Crafting Table
appliedenergistics2:facade:0, Cable Facade - Redstone Ore
appliedenergistics2:facade:0, Cable Facade - Ice
appliedenergistics2:facade:0, Cable Facade - Snow
appliedenergistics2:facade:0, Cable Facade - Clay
appliedenergistics2:facade:0, Cable Facade - Pumpkin
appliedenergistics2:facade:0, Cable Facade - Netherrack
appliedenergistics2:facade:0, Cable Facade - Soul Sand
appliedenergistics2:facade:0, Cable Facade - Glowstone
appliedenergistics2:facade:0, Cable Facade - Jack o'Lantern
appliedenergistics2:facade:0, Cable Facade - White Stained Glass
appliedenergistics2:facade:0, Cable Facade - Orange Stained Glass
appliedenergistics2:facade:0, Cable Facade - Magenta Stained Glass
appliedenergistics2:facade:0, Cable Facade - Light Blue Stained Glass
appliedenergistics2:facade:0, Cable Facade - Yellow Stained Glass
appliedenergistics2:facade:0, Cable Facade - Lime Stained Glass
appliedenergistics2:facade:0, Cable Facade - Pink Stained Glass
appliedenergistics2:facade:0, Cable Facade - Gray Stained Glass
appliedenergistics2:facade:0, Cable Facade - Light Gray Stained Glass
appliedenergistics2:facade:0, Cable Facade - Cyan Stained Glass
appliedenergistics2:facade:0, Cable Facade - Purple Stained Glass
appliedenergistics2:facade:0, Cable Facade - Blue Stained Glass
appliedenergistics2:facade:0, Cable Facade - Brown Stained Glass
appliedenergistics2:facade:0, Cable Facade - Green Stained Glass
appliedenergistics2:facade:0, Cable Facade - Red Stained Glass
appliedenergistics2:facade:0, Cable Facade - Black Stained Glass
appliedenergistics2:facade:0, Cable Facade - Stone Monster Egg
appliedenergistics2:facade:0, Cable Facade - Cobblestone Monster Egg
appliedenergistics2:facade:0, Cable Facade - Stone Brick Monster Egg
appliedenergistics2:facade:0, Cable Facade - Mossy Stone Brick Monster Egg
appliedenergistics2:facade:0, Cable Facade - Cracked Stone Brick Monster Egg
appliedenergistics2:facade:0, Cable Facade - Chiseled Stone Brick Monster Egg
appliedenergistics2:facade:0, Cable Facade - Stone Bricks
appliedenergistics2:facade:0, Cable Facade - Mossy Stone Bricks
appliedenergistics2:facade:0, Cable Facade - Cracked Stone Bricks
appliedenergistics2:facade:0, Cable Facade - Chiseled Stone Bricks
appliedenergistics2:facade:0, Cable Facade - Mushroom
appliedenergistics2:facade:0, Cable Facade - Mushroom
appliedenergistics2:facade:0, Cable Facade - Melon
appliedenergistics2:facade:0, Cable Facade - Mycelium
appliedenergistics2:facade:0, Cable Facade - Nether Brick
appliedenergistics2:facade:0, Cable Facade - End Stone
appliedenergistics2:facade:0, Cable Facade - Redstone Lamp
appliedenergistics2:facade:0, Cable Facade - Emerald Ore
appliedenergistics2:facade:0, Cable Facade - Block of Emerald
appliedenergistics2:facade:0, Cable Facade - Block of Redstone
appliedenergistics2:facade:0, Cable Facade - Nether Quartz Ore
appliedenergistics2:facade:0, Cable Facade - Block of Quartz
appliedenergistics2:facade:0, Cable Facade - Chiseled Quartz Block
appliedenergistics2:facade:0, Cable Facade - Pillar Quartz Block
appliedenergistics2:facade:0, Cable Facade - White Terracotta
appliedenergistics2:facade:0, Cable Facade - Orange Terracotta
appliedenergistics2:facade:0, Cable Facade - Magenta Terracotta
appliedenergistics2:facade:0, Cable Facade - Light Blue Terracotta
appliedenergistics2:facade:0, Cable Facade - Yellow Terracotta
appliedenergistics2:facade:0, Cable Facade - Lime Terracotta
appliedenergistics2:facade:0, Cable Facade - Pink Terracotta
appliedenergistics2:facade:0, Cable Facade - Gray Terracotta
appliedenergistics2:facade:0, Cable Facade - Light Gray Terracotta
appliedenergistics2:facade:0, Cable Facade - Cyan Terracotta
appliedenergistics2:facade:0, Cable Facade - Purple Terracotta
appliedenergistics2:facade:0, Cable Facade - Blue Terracotta
appliedenergistics2:facade:0, Cable Facade - Brown Terracotta
appliedenergistics2:facade:0, Cable Facade - Green Terracotta
appliedenergistics2:facade:0, Cable Facade - Red Terracotta
appliedenergistics2:facade:0, Cable Facade - Black Terracotta
appliedenergistics2:facade:0, Cable Facade - Acacia Leaves
appliedenergistics2:facade:0, Cable Facade - Dark Oak Leaves
appliedenergistics2:facade:0, Cable Facade - Acacia Log
appliedenergistics2:facade:0, Cable Facade - Dark Oak Log
appliedenergistics2:facade:0, Cable Facade - Slime Block
appliedenergistics2:facade:0, Cable Facade - Prismarine
appliedenergistics2:facade:0, Cable Facade - Prismarine Bricks
appliedenergistics2:facade:0, Cable Facade - Dark Prismarine
appliedenergistics2:facade:0, Cable Facade - Sea Lantern
appliedenergistics2:facade:0, Cable Facade - Hay Bale
appliedenergistics2:facade:0, Cable Facade - Terracotta
appliedenergistics2:facade:0, Cable Facade - Block of Coal
appliedenergistics2:facade:0, Cable Facade - Packed Ice
appliedenergistics2:facade:0, Cable Facade - Red Sandstone
appliedenergistics2:facade:0, Cable Facade - Chiseled Red Sandstone
appliedenergistics2:facade:0, Cable Facade - Smooth Red Sandstone
appliedenergistics2:facade:0, Cable Facade - Purpur Block
appliedenergistics2:facade:0, Cable Facade - Purpur Pillar
appliedenergistics2:facade:0, Cable Facade - End Stone Bricks
appliedenergistics2:facade:0, Cable Facade - Magma Block
appliedenergistics2:facade:0, Cable Facade - Nether Wart Block
appliedenergistics2:facade:0, Cable Facade - Red Nether Brick
appliedenergistics2:facade:0, Cable Facade - Bone Block
appliedenergistics2:facade:0, Cable Facade - Observer
appliedenergistics2:facade:0, Cable Facade - White Glazed Terracotta
appliedenergistics2:facade:0, Cable Facade - Orange Glazed Terracotta
appliedenergistics2:facade:0, Cable Facade - Magenta Glazed Terracotta
appliedenergistics2:facade:0, Cable Facade - Light Blue Glazed Terracotta
appliedenergistics2:facade:0, Cable Facade - Yellow Glazed Terracotta
appliedenergistics2:facade:0, Cable Facade - Lime Glazed Terracotta
appliedenergistics2:facade:0, Cable Facade - Pink Glazed Terracotta
appliedenergistics2:facade:0, Cable Facade - Gray Glazed Terracotta
appliedenergistics2:facade:0, Cable Facade - Light Gray Glazed Terracotta
appliedenergistics2:facade:0, Cable Facade - Cyan Glazed Terracotta
appliedenergistics2:facade:0, Cable Facade - Purple Glazed Terracotta
appliedenergistics2:facade:0, Cable Facade - Blue Glazed Terracotta
appliedenergistics2:facade:0, Cable Facade - Brown Glazed Terracotta
appliedenergistics2:facade:0, Cable Facade - Green Glazed Terracotta
appliedenergistics2:facade:0, Cable Facade - Red Glazed Terracotta
appliedenergistics2:facade:0, Cable Facade - Black Glazed Terracotta
appliedenergistics2:facade:0, Cable Facade - White Concrete
appliedenergistics2:facade:0, Cable Facade - Orange Concrete
appliedenergistics2:facade:0, Cable Facade - Magenta Concrete
appliedenergistics2:facade:0, Cable Facade - Light Blue Concrete
appliedenergistics2:facade:0, Cable Facade - Yellow Concrete
appliedenergistics2:facade:0, Cable Facade - Lime Concrete
appliedenergistics2:facade:0, Cable Facade - Pink Concrete
appliedenergistics2:facade:0, Cable Facade - Gray Concrete
appliedenergistics2:facade:0, Cable Facade - Light Gray Concrete
appliedenergistics2:facade:0, Cable Facade - Cyan Concrete
appliedenergistics2:facade:0, Cable Facade - Purple Concrete
appliedenergistics2:facade:0, Cable Facade - Blue Concrete
appliedenergistics2:facade:0, Cable Facade - Brown Concrete
appliedenergistics2:facade:0, Cable Facade - Green Concrete
appliedenergistics2:facade:0, Cable Facade - Red Concrete
appliedenergistics2:facade:0, Cable Facade - Black Concrete
appliedenergistics2:facade:0, Cable Facade - White Concrete Powder
appliedenergistics2:facade:0, Cable Facade - Orange Concrete Powder
appliedenergistics2:facade:0, Cable Facade - Magenta Concrete Powder
appliedenergistics2:facade:0, Cable Facade - Light Blue Concrete Powder
appliedenergistics2:facade:0, Cable Facade - Yellow Concrete Powder
appliedenergistics2:facade:0, Cable Facade - Lime Concrete Powder
appliedenergistics2:facade:0, Cable Facade - Pink Concrete Powder
appliedenergistics2:facade:0, Cable Facade - Gray Concrete Powder
appliedenergistics2:facade:0, Cable Facade - Light Gray Concrete Powder
appliedenergistics2:facade:0, Cable Facade - Cyan Concrete Powder
appliedenergistics2:facade:0, Cable Facade - Purple Concrete Powder
appliedenergistics2:facade:0, Cable Facade - Blue Concrete Powder
appliedenergistics2:facade:0, Cable Facade - Brown Concrete Powder
appliedenergistics2:facade:0, Cable Facade - Green Concrete Powder
appliedenergistics2:facade:0, Cable Facade - Red Concrete Powder
appliedenergistics2:facade:0, Cable Facade - Black Concrete Powder
appliedenergistics2:facade:0, Cable Facade - Draconium Ore
appliedenergistics2:facade:0, Cable Facade - Nether Draconium Ore
appliedenergistics2:facade:0, Cable Facade - Ender Draconium Ore
appliedenergistics2:facade:0, Cable Facade - Draconium Block
appliedenergistics2:facade:0, Cable Facade - Charged Draconium Block
appliedenergistics2:facade:0, Cable Facade - Awakened Draconium Block
appliedenergistics2:facade:0, Cable Facade - Draconium Infused Obsidian
appliedenergistics2:facade:0, Cable Facade - Dislocation Normalization Field Projector
appliedenergistics2:facade:0, Cable Facade - Iron-Bordered Cobblestone
appliedenergistics2:facade:0, Cable Facade - Gold-Bordered Cobblestone
appliedenergistics2:facade:0, Cable Facade - Diamond-Bordered Cobblestone
appliedenergistics2:facade:0, Cable Facade - Emerald-Bordered Cobblestone
appliedenergistics2:facade:0, Cable Facade - Quartz-Bordered Cobblestone
appliedenergistics2:facade:0, Cable Facade - Block of Chamelium
appliedenergistics2:facade:0, Cable Facade - End Stone
appliedenergistics2:facade:0, Cable Facade - Moon Rock
appliedenergistics2:facade:0, Cable Facade - Fleshy Mass
appliedenergistics2:facade:0, Cable Facade - Duna Sand
appliedenergistics2:facade:0, Cable Facade - Duna Cobblestone
appliedenergistics2:facade:0, Cable Facade - Duna Rock
appliedenergistics2:facade:0, Cable Facade - Dry Ice
appliedenergistics2:facade:0, Cable Facade - Ferric Clay
appliedenergistics2:facade:0, Cable Facade - Eve Silt
appliedenergistics2:facade:0, Cable Facade - Eve Rock
appliedenergistics2:facade:0, Cable Facade - Laythe Silt
appliedenergistics2:facade:0, Cable Facade - Ike Regolith
appliedenergistics2:facade:0, Cable Facade - Ike Stone
appliedenergistics2:facade:0, Cable Facade - Dres Rock
appliedenergistics2:facade:0, Cable Facade - Moho Regolith
appliedenergistics2:facade:0, Cable Facade - Moho Stone
appliedenergistics2:facade:0, Cable Facade - Minmus Regolith
appliedenergistics2:facade:0, Cable Facade - Minmus Stone
appliedenergistics2:facade:0, Cable Facade - Smooth Minmus Rock
appliedenergistics2:facade:0, Cable Facade - Block of Nickel
appliedenergistics2:facade:0, Cable Facade - Block of Osmiridium
appliedenergistics2:facade:0, Cable Facade - Stainless Steel Deco Block
appliedenergistics2:facade:0, Cable Facade - Conglomerate
appliedenergistics2:facade:0, Cable Facade - Vinyl Sand
appliedenergistics2:facade:0, Cable Facade - Hardened Vinyl Log
appliedenergistics2:facade:0, Cable Facade - PVC Log
appliedenergistics2:facade:0, Cable Facade - Vinyl Planks
appliedenergistics2:facade:0, Cable Facade - PVC Planks
appliedenergistics2:facade:0, Cable Facade - Latticed Log
appliedenergistics2:facade:0, Cable Facade - Balefire Log
appliedenergistics2:facade:0, Cable Facade - Primed Log
appliedenergistics2:facade:0, Cable Facade - Anti-Mass Log
appliedenergistics2:facade:0, Cable Facade - Block of Laythe Coral
appliedenergistics2:facade:0, Cable Facade - Rubber Grass
appliedenergistics2:facade:0, Cable Facade - Rubber Leaves
appliedenergistics2:facade:0, Cable Facade - Tekto Silt
appliedenergistics2:facade:0, Cable Facade - Plastic Leaves
appliedenergistics2:facade:0, Cable Facade - Reinforced Porous Stone
appliedenergistics2:facade:0, Cable Facade - Virial Chamber
appliedenergistics2:facade:0, Cable Facade - Certus Quartz Ore
appliedenergistics2:facade:0, Cable Facade - Charged Certus Quartz Ore
appliedenergistics2:facade:0, Cable Facade - Certus Quartz Block
appliedenergistics2:facade:0, Cable Facade - Certus Quartz Pillar
appliedenergistics2:facade:0, Cable Facade - Chiseled Certus Quartz Block
appliedenergistics2:facade:0, Cable Facade - Quartz Glass
appliedenergistics2:facade:0, Cable Facade - Vibrant Quartz Glass
appliedenergistics2:facade:0, Cable Facade - Fluix Block
appliedenergistics2:facade:0, Cable Facade - Sky Stone
appliedenergistics2:facade:0, Cable Facade - Sky Stone Block
appliedenergistics2:facade:0, Cable Facade - Sky Stone Brick
appliedenergistics2:facade:0, Cable Facade - Sky Stone Small Brick
appliedenergistics2:facade:0, Cable Facade - Grout
appliedenergistics2:facade:0, Cable Facade - Green Slimy Mud
appliedenergistics2:facade:0, Cable Facade - Blue Slimy Mud
appliedenergistics2:facade:0, Cable Facade - Graveyard Soil
appliedenergistics2:facade:0, Cable Facade - Consecrated Soil
appliedenergistics2:facade:0, Cable Facade - Slimy Magma Mud
appliedenergistics2:facade:0, Cable Facade - Slime Block
appliedenergistics2:facade:0, Cable Facade - Slime Block
appliedenergistics2:facade:0, Cable Facade - Blood Slime Block
appliedenergistics2:facade:0, Cable Facade - Slime Block
appliedenergistics2:facade:0, Cable Facade - Congealed Slime Block
appliedenergistics2:facade:0, Cable Facade - Congealed Slime Block
appliedenergistics2:facade:0, Cable Facade - Congealed Slime Block
appliedenergistics2:facade:0, Cable Facade - Congealed Bloodblock
appliedenergistics2:facade:0, Cable Facade - Congealed Slime Block
appliedenergistics2:facade:0, Cable Facade - Cobalt Ore
appliedenergistics2:facade:0, Cable Facade - Ardite Ore
appliedenergistics2:facade:0, Cable Facade - Lavawood
appliedenergistics2:facade:0, Cable Facade - Firewood
appliedenergistics2:facade:0, Cable Facade - Mud Bricks
appliedenergistics2:facade:0, Cable Facade - Block of Cobalt
appliedenergistics2:facade:0, Cable Facade - Block of Ardite
appliedenergistics2:facade:0, Cable Facade - Block of Manyullyn
appliedenergistics2:facade:0, Cable Facade - Block of Knightslime
appliedenergistics2:facade:0, Cable Facade - Block of Pigiron
appliedenergistics2:facade:0, Cable Facade - Silky Block of Jewel
appliedenergistics2:facade:0, Cable Facade - Green Slimy Dirt
appliedenergistics2:facade:0, Cable Facade - Blue Slimy Dirt
appliedenergistics2:facade:0, Cable Facade - Purple Slimy Dirt
appliedenergistics2:facade:0, Cable Facade - Magma Slimy Dirt
appliedenergistics2:facade:0, Cable Facade - Slimy Grass
appliedenergistics2:facade:0, Cable Facade - Green Slimy Grass
appliedenergistics2:facade:0, Cable Facade - Blue Slimy Grass
appliedenergistics2:facade:0, Cable Facade - Purple Slimy Grass
appliedenergistics2:facade:0, Cable Facade - Magma Slimy Grass
appliedenergistics2:facade:0, Cable Facade - Slimy Grass
appliedenergistics2:facade:0, Cable Facade - Green Slimy Grass
appliedenergistics2:facade:0, Cable Facade - Blue Slimy Grass
appliedenergistics2:facade:0, Cable Facade - Purple Slimy Grass
appliedenergistics2:facade:0, Cable Facade - Magma Slimy Grass
appliedenergistics2:facade:0, Cable Facade - Slimy Grass
appliedenergistics2:facade:0, Cable Facade - Green Slimy Grass
appliedenergistics2:facade:0, Cable Facade - Blue Slimy Grass
appliedenergistics2:facade:0, Cable Facade - Purple Slimy Grass
appliedenergistics2:facade:0, Cable Facade - Magma Slimy Grass
appliedenergistics2:facade:0, Cable Facade - Slimy Leaves
appliedenergistics2:facade:0, Cable Facade - Slimy Leaves
appliedenergistics2:facade:0, Cable Facade - Slimy Leaves
appliedenergistics2:facade:0, Cable Facade - Dried Clay
appliedenergistics2:facade:0, Cable Facade - Dried Bricks
appliedenergistics2:facade:0, Cable Facade - Smooth Brownstone
appliedenergistics2:facade:0, Cable Facade - Rough Brownstone
appliedenergistics2:facade:0, Cable Facade - Brownstone Paver
appliedenergistics2:facade:0, Cable Facade - Brownstone Bricks
appliedenergistics2:facade:0, Cable Facade - Cracked Brownstone Bricks
appliedenergistics2:facade:0, Cable Facade - Fancy Brownstone Bricks
appliedenergistics2:facade:0, Cable Facade - Square Brownstone Bricks
appliedenergistics2:facade:0, Cable Facade - Brownstone Road
appliedenergistics2:facade:0, Cable Facade - Brownstone Creeperface
appliedenergistics2:facade:0, Cable Facade - Triangle Brownstone Bricks
appliedenergistics2:facade:0, Cable Facade - Small Brownstone Bricks
appliedenergistics2:facade:0, Cable Facade - Brownstone Tiles
appliedenergistics2:facade:0, Cable Facade - Osmium Block
appliedenergistics2:facade:0, Cable Facade - Bronze Block
appliedenergistics2:facade:0, Cable Facade - Refined Obsidian
appliedenergistics2:facade:0, Cable Facade - Charcoal Block
appliedenergistics2:facade:0, Cable Facade - Refined Glowstone
appliedenergistics2:facade:0, Cable Facade - Steel Block
appliedenergistics2:facade:0, Cable Facade - Teleporter Frame
appliedenergistics2:facade:0, Cable Facade - Steel Casing
appliedenergistics2:facade:0, Cable Facade - Dynamic Tank
appliedenergistics2:facade:0, Cable Facade - Structural Glass
appliedenergistics2:facade:0, Cable Facade - Dynamic Valve
appliedenergistics2:facade:0, Cable Facade - Copper Block
appliedenergistics2:facade:0, Cable Facade - Tin Block
appliedenergistics2:facade:0, Cable Facade - Thermal Evaporation Controller
appliedenergistics2:facade:0, Cable Facade - Thermal Evaporation Valve
appliedenergistics2:facade:0, Cable Facade - Osmium Ore
appliedenergistics2:facade:0, Cable Facade - Copper Ore
appliedenergistics2:facade:0, Cable Facade - Tin Ore
appliedenergistics2:facade:0, Cable Facade - Obsidian TNT
appliedenergistics2:facade:0, Cable Facade - §8Black Plastic Block
appliedenergistics2:facade:0, Cable Facade - §cRed Plastic Block
appliedenergistics2:facade:0, Cable Facade - §2Green Plastic Block
appliedenergistics2:facade:0, Cable Facade - §6Brown Plastic Block
appliedenergistics2:facade:0, Cable Facade - §1Blue Plastic Block
appliedenergistics2:facade:0, Cable Facade - §5Purple Plastic Block
appliedenergistics2:facade:0, Cable Facade - §3Cyan Plastic Block
appliedenergistics2:facade:0, Cable Facade - §7Light Grey Plastic Block
appliedenergistics2:facade:0, Cable Facade - §8Grey Plastic Block
appliedenergistics2:facade:0, Cable Facade - §dPink Plastic Block
appliedenergistics2:facade:0, Cable Facade - §aLime Plastic Block
appliedenergistics2:facade:0, Cable Facade - §eYellow Plastic Block
appliedenergistics2:facade:0, Cable Facade - §9Light Blue Plastic Block
appliedenergistics2:facade:0, Cable Facade - §dMagenta Plastic Block
appliedenergistics2:facade:0, Cable Facade - §6Orange Plastic Block
appliedenergistics2:facade:0, Cable Facade - §fWhite Plastic Block
appliedenergistics2:facade:0, Cable Facade - §8Black Slick Plastic Block
appliedenergistics2:facade:0, Cable Facade - §cRed Slick Plastic Block
appliedenergistics2:facade:0, Cable Facade - §2Green Slick Plastic Block
appliedenergistics2:facade:0, Cable Facade - §6Brown Slick Plastic Block
appliedenergistics2:facade:0, Cable Facade - §1Blue Slick Plastic Block
appliedenergistics2:facade:0, Cable Facade - §5Purple Slick Plastic Block
appliedenergistics2:facade:0, Cable Facade - §3Cyan Slick Plastic Block
appliedenergistics2:facade:0, Cable Facade - §7Light Grey Slick Plastic Block
appliedenergistics2:facade:0, Cable Facade - §8Grey Slick Plastic Block
appliedenergistics2:facade:0, Cable Facade - §dPink Slick Plastic Block
appliedenergistics2:facade:0, Cable Facade - §aLime Slick Plastic Block
appliedenergistics2:facade:0, Cable Facade - §eYellow Slick Plastic Block
appliedenergistics2:facade:0, Cable Facade - §9Light Blue Slick Plastic Block
appliedenergistics2:facade:0, Cable Facade - §dMagenta Slick Plastic Block
appliedenergistics2:facade:0, Cable Facade - §6Orange Slick Plastic Block
appliedenergistics2:facade:0, Cable Facade - §fWhite Slick Plastic Block
appliedenergistics2:facade:0, Cable Facade - §8Black Plastic Glow Block
appliedenergistics2:facade:0, Cable Facade - §cRed Plastic Glow Block
appliedenergistics2:facade:0, Cable Facade - §2Green Plastic Glow Block
appliedenergistics2:facade:0, Cable Facade - §6Brown Plastic Glow Block
appliedenergistics2:facade:0, Cable Facade - §1Blue Plastic Glow Block
appliedenergistics2:facade:0, Cable Facade - §5Purple Plastic Glow Block
appliedenergistics2:facade:0, Cable Facade - §3Cyan Plastic Glow Block
appliedenergistics2:facade:0, Cable Facade - §7Light Grey Plastic Glow Block
appliedenergistics2:facade:0, Cable Facade - §8Grey Plastic Glow Block
appliedenergistics2:facade:0, Cable Facade - §dPink Plastic Glow Block
appliedenergistics2:facade:0, Cable Facade - §aLime Plastic Glow Block
appliedenergistics2:facade:0, Cable Facade - §eYellow Plastic Glow Block
appliedenergistics2:facade:0, Cable Facade - §9Light Blue Plastic Glow Block
appliedenergistics2:facade:0, Cable Facade - §dMagenta Plastic Glow Block
appliedenergistics2:facade:0, Cable Facade - §6Orange Plastic Glow Block
appliedenergistics2:facade:0, Cable Facade - §fWhite Plastic Glow Block
appliedenergistics2:facade:0, Cable Facade - §8Black Reinforced Plastic Block
appliedenergistics2:facade:0, Cable Facade - §cRed Reinforced Plastic Block
appliedenergistics2:facade:0, Cable Facade - §2Green Reinforced Plastic Block
appliedenergistics2:facade:0, Cable Facade - §6Brown Reinforced Plastic Block
appliedenergistics2:facade:0, Cable Facade - §1Blue Reinforced Plastic Block
appliedenergistics2:facade:0, Cable Facade - §5Purple Reinforced Plastic Block
appliedenergistics2:facade:0, Cable Facade - §3Cyan Reinforced Plastic Block
appliedenergistics2:facade:0, Cable Facade - §7Light Grey Reinforced Plastic Block
appliedenergistics2:facade:0, Cable Facade - §8Grey Reinforced Plastic Block
appliedenergistics2:facade:0, Cable Facade - §dPink Reinforced Plastic Block
appliedenergistics2:facade:0, Cable Facade - §aLime Reinforced Plastic Block
appliedenergistics2:facade:0, Cable Facade - §eYellow Reinforced Plastic Block
appliedenergistics2:facade:0, Cable Facade - §9Light Blue Reinforced Plastic Block
appliedenergistics2:facade:0, Cable Facade - §dMagenta Reinforced Plastic Block
appliedenergistics2:facade:0, Cable Facade - §6Orange Reinforced Plastic Block
appliedenergistics2:facade:0, Cable Facade - §fWhite Reinforced Plastic Block
appliedenergistics2:facade:0, Cable Facade - §8Black Plastic Road
appliedenergistics2:facade:0, Cable Facade - §cRed Plastic Road
appliedenergistics2:facade:0, Cable Facade - §2Green Plastic Road
appliedenergistics2:facade:0, Cable Facade - §6Brown Plastic Road
appliedenergistics2:facade:0, Cable Facade - §1Blue Plastic Road
appliedenergistics2:facade:0, Cable Facade - §5Purple Plastic Road
appliedenergistics2:facade:0, Cable Facade - §3Cyan Plastic Road
appliedenergistics2:facade:0, Cable Facade - §7Light Grey Plastic Road
appliedenergistics2:facade:0, Cable Facade - §8Grey Plastic Road
appliedenergistics2:facade:0, Cable Facade - §dPink Plastic Road
appliedenergistics2:facade:0, Cable Facade - §aLime Plastic Road
appliedenergistics2:facade:0, Cable Facade - §eYellow Plastic Road
appliedenergistics2:facade:0, Cable Facade - §9Light Blue Plastic Road
appliedenergistics2:facade:0, Cable Facade - §dMagenta Plastic Road
appliedenergistics2:facade:0, Cable Facade - §6Orange Plastic Road
appliedenergistics2:facade:0, Cable Facade - §fWhite Plastic Road
appliedenergistics2:facade:0, Cable Facade - Salt Block
appliedenergistics2:facade:0, Cable Facade - Cherry Log
appliedenergistics2:facade:0, Cable Facade - Cherry Wood
appliedenergistics2:facade:0, Cable Facade - Cherry Stripped Log
appliedenergistics2:facade:0, Cable Facade - Cherry Stripped Wood
appliedenergistics2:facade:0, Cable Facade - Cherry Leaves
appliedenergistics2:facade:0, Cable Facade - Cherry Planks
appliedenergistics2:facade:0, Cable Facade - Smithing Table
appliedenergistics2:facade:0, Cable Facade - Deepslate
appliedenergistics2:facade:0, Cable Facade - Infested Deepslate
appliedenergistics2:facade:0, Cable Facade - Tuff
appliedenergistics2:facade:0, Cable Facade - Polished Tuff
appliedenergistics2:facade:0, Cable Facade - Chiseled Tuff
appliedenergistics2:facade:0, Cable Facade - Tuff Bricks
appliedenergistics2:facade:0, Cable Facade - Chiseled Tuff Bricks
appliedenergistics2:facade:0, Cable Facade - Calcite
appliedenergistics2:facade:0, Cable Facade - Cobbled Deepslate
appliedenergistics2:facade:0, Cable Facade - Chiseled Deepslate
appliedenergistics2:facade:0, Cable Facade - Polished Deepslate
appliedenergistics2:facade:0, Cable Facade - Deepslate Bricks
appliedenergistics2:facade:0, Cable Facade - Cracked Deepslate Bricks
appliedenergistics2:facade:0, Cable Facade - Deepslate Tiles
appliedenergistics2:facade:0, Cable Facade - Cracked Deepslate Tiles
appliedenergistics2:facade:0, Cable Facade - Reinforced Deepslate
appliedenergistics2:facade:0, Cable Facade - Copper Ore
appliedenergistics2:facade:0, Cable Facade - Block of Copper
appliedenergistics2:facade:0, Cable Facade - Exposed Copper
appliedenergistics2:facade:0, Cable Facade - Weathered Copper
appliedenergistics2:facade:0, Cable Facade - Oxidized Copper
appliedenergistics2:facade:0, Cable Facade - Waxed Block of Copper
appliedenergistics2:facade:0, Cable Facade - Waxed Exposed Copper
appliedenergistics2:facade:0, Cable Facade - Waxed Weathered Copper
appliedenergistics2:facade:0, Cable Facade - Waxed Oxidized Copper
appliedenergistics2:facade:0, Cable Facade - Cut Copper
appliedenergistics2:facade:0, Cable Facade - Exposed Cut Copper
appliedenergistics2:facade:0, Cable Facade - Weathered Cut Copper
appliedenergistics2:facade:0, Cable Facade - Oxidized Cut Copper
appliedenergistics2:facade:0, Cable Facade - Waxed Cut Copper
appliedenergistics2:facade:0, Cable Facade - Waxed Exposed Cut Copper
appliedenergistics2:facade:0, Cable Facade - Waxed Weathered Cut Copper
appliedenergistics2:facade:0, Cable Facade - Waxed Oxidized Cut Copper
appliedenergistics2:facade:0, Cable Facade - Chiseled Copper
appliedenergistics2:facade:0, Cable Facade - Exposed Chiseled Copper
appliedenergistics2:facade:0, Cable Facade - Weathered Chiseled Copper
appliedenergistics2:facade:0, Cable Facade - Oxidized Chiseled Copper
appliedenergistics2:facade:0, Cable Facade - Waxed Chiseled Copper
appliedenergistics2:facade:0, Cable Facade - Waxed Exposed Chiseled Copper
appliedenergistics2:facade:0, Cable Facade - Waxed Weathered Chiseled Copper
appliedenergistics2:facade:0, Cable Facade - Waxed Oxidized Chiseled Copper
appliedenergistics2:facade:0, Cable Facade - Copper Bulb
appliedenergistics2:facade:0, Cable Facade - Exposed Copper Bulb
appliedenergistics2:facade:0, Cable Facade - Weathered Copper Bulb
appliedenergistics2:facade:0, Cable Facade - Oxidized Copper Bulb
appliedenergistics2:facade:0, Cable Facade - Waxed Copper Bulb
appliedenergistics2:facade:0, Cable Facade - Waxed Exposed Copper Bulb
appliedenergistics2:facade:0, Cable Facade - Waxed Weathered Copper Bulb
appliedenergistics2:facade:0, Cable Facade - Waxed Oxidized Copper Bulb
appliedenergistics2:facade:0, Cable Facade - Amethyst Block
appliedenergistics2:facade:0, Cable Facade - Budding Amethyst
appliedenergistics2:facade:0, Cable Facade - Alchemical Coal Block
appliedenergistics2:facade:0, Cable Facade - Mobius Fuel Block
appliedenergistics2:facade:0, Cable Facade - Aeternalis Fuel Block
appliedenergistics2:facade:0, Cable Facade - Dark Matter Block
appliedenergistics2:facade:0, Cable Facade - Red Matter Block
appliedenergistics2:facade:0, Cable Facade - Nova Catalyst
appliedenergistics2:facade:0, Cable Facade - Nova Cataclysm
appliedenergistics2:facade:0, Cable Facade - Yellorite Ore
appliedenergistics2:facade:0, Cable Facade - Anglesite Ore
appliedenergistics2:facade:0, Cable Facade - Benitoite Ore
appliedenergistics2:facade:0, Cable Facade - Yellorium Block
appliedenergistics2:facade:0, Cable Facade - Cyanite Block
appliedenergistics2:facade:0, Cable Facade - Graphite Block
appliedenergistics2:facade:0, Cable Facade - Blutonium Block
appliedenergistics2:facade:0, Cable Facade - Ludicrite Block
appliedenergistics2:facade:0, Cable Facade - Steel Block
appliedenergistics2:facade:0, Cable Facade - Centennial Trophy
appliedenergistics2:facade:0, Cable Facade - Basalt
appliedenergistics2:facade:0, Cable Facade - Polished Basalt
appliedenergistics2:facade:0, Cable Facade - Smooth Basalt
appliedenergistics2:facade:0, Cable Facade - Blackstone
appliedenergistics2:facade:0, Cable Facade - Polished Blackstone Bricks
appliedenergistics2:facade:0, Cable Facade - Cracked Polished Blackstone Bricks
appliedenergistics2:facade:0, Cable Facade - Polished Blackstone
appliedenergistics2:facade:0, Cable Facade - Chiseled Polished Blackstone
appliedenergistics2:facade:0, Cable Facade - Crimson Stem
appliedenergistics2:facade:0, Cable Facade - Crimson Hyphae
appliedenergistics2:facade:0, Cable Facade - Stripped Crimson Stem
appliedenergistics2:facade:0, Cable Facade - Stripped Crimson Hyphae
appliedenergistics2:facade:0, Cable Facade - Crimson Planks
appliedenergistics2:facade:0, Cable Facade - Crimson Nylium
appliedenergistics2:facade:0, Cable Facade - Crimson Wart Block
appliedenergistics2:facade:0, Cable Facade - Crying Obsidian
appliedenergistics2:facade:0, Cable Facade - Gilded Blackstone
appliedenergistics2:facade:0, Cable Facade - Lodestone
appliedenergistics2:facade:0, Cable Facade - Nether Gold Ore
appliedenergistics2:facade:0, Cable Facade - Quartz Bricks
appliedenergistics2:facade:0, Cable Facade - Respawn Anchor
appliedenergistics2:facade:0, Cable Facade - Shroomlight
appliedenergistics2:facade:0, Cable Facade - Soul Soil
appliedenergistics2:facade:0, Cable Facade - Warped Stem
appliedenergistics2:facade:0, Cable Facade - Warped Hyphae
appliedenergistics2:facade:0, Cable Facade - Stripped Warped Stem
appliedenergistics2:facade:0, Cable Facade - Stripped Warped Hyphae
appliedenergistics2:facade:0, Cable Facade - Warped Planks
appliedenergistics2:facade:0, Cable Facade - Warped Nylium
appliedenergistics2:facade:0, Cable Facade - Warped Wart Block
appliedenergistics2:facade:0, Cable Facade - Torridite Block
appliedenergistics2:facade:0, Cable Facade - Torridite Ore
appliedenergistics2:facade:0, Cable Facade - Oil Deposit
appliedenergistics2:facade:0, Cable Facade - Bedrock Oil Deposit
appliedenergistics2:facade:0, Cable Facade - Blue Ice
appliedenergistics2:facade:0, Cable Facade - Coquina
appliedenergistics2:facade:0, Cable Facade - Coquina Brick
appliedenergistics2:facade:0, Cable Facade - Coquina Brick Slab
appliedenergistics2:facade:0, Cable Facade - Dried Dulse Block
appliedenergistics2:facade:0, Cable Facade - Tube Coral Block
appliedenergistics2:facade:0, Cable Facade - Brain Coral Block
appliedenergistics2:facade:0, Cable Facade - Bubble Coral Block
appliedenergistics2:facade:0, Cable Facade - Fire Coral Block
appliedenergistics2:facade:0, Cable Facade - Horn Coral Block
appliedenergistics2:facade:0, Cable Facade - Dead Tube Coral Block
appliedenergistics2:facade:0, Cable Facade - Dead Brain Coral Block
appliedenergistics2:facade:0, Cable Facade - Dead Bubble Coral Block
appliedenergistics2:facade:0, Cable Facade - Dead Fire Coral Block
appliedenergistics2:facade:0, Cable Facade - Dead Horn Coral Block
appliedenergistics2:facade:0, Cable Facade - Dried Kelp Block
appliedenergistics2:facade:0, Cable Facade - Palm Leaves
appliedenergistics2:facade:0, Cable Facade - Flowering Palm Leaves
appliedenergistics2:facade:0, Cable Facade - Palm Log
appliedenergistics2:facade:0, Cable Facade - Palm Wood
appliedenergistics2:facade:0, Cable Facade - Stripped Palm Log
appliedenergistics2:facade:0, Cable Facade - Stripped Palm Wood
appliedenergistics2:facade:0, Cable Facade - Palm Planks
appliedenergistics2:facade:0, Cable Facade - Palm Slab
appliedenergistics2:facade:0, Cable Facade - Nacre Block
appliedenergistics2:facade:0, Cable Facade - Smooth Nacre Block
appliedenergistics2:facade:0, Cable Facade - Shelly Sand
appliedenergistics2:facade:0, Cable Facade - Underwater TNT
appliedenergistics2:facade:0, Cable Facade - Amber Bearing Stone
appliedenergistics2:facade:0, Cable Facade - Cinnabar Ore
appliedenergistics2:facade:0, Cable Facade - Quartz Ore
appliedenergistics2:facade:0, Cable Facade - Arcane Stone
appliedenergistics2:facade:0, Cable Facade - Arcane Stone Brick
appliedenergistics2:facade:0, Cable Facade - Ancient Stone
appliedenergistics2:facade:0, Cable Facade - Ancient Stone Tile
appliedenergistics2:facade:0, Cable Facade - Ancient Rock
appliedenergistics2:facade:0, Cable Facade - Glyphed Stone
appliedenergistics2:facade:0, Cable Facade - Ancient Barrier
appliedenergistics2:facade:0, Cable Facade - Eldritch Stone
appliedenergistics2:facade:0, Cable Facade - Porous Stone
appliedenergistics2:facade:0, Cable Facade - Greatwood Log
appliedenergistics2:facade:0, Cable Facade - Silverwood Log
appliedenergistics2:facade:0, Cable Facade - Greatwood Leaves
appliedenergistics2:facade:0, Cable Facade - Silverwood Leaves
appliedenergistics2:facade:0, Cable Facade - Greatwood Planks
appliedenergistics2:facade:0, Cable Facade - Silverwood Planks
appliedenergistics2:facade:0, Cable Facade - Amber Block
appliedenergistics2:facade:0, Cable Facade - Amber Bricks
appliedenergistics2:facade:0, Cable Facade - Block of Flesh
appliedenergistics2:facade:0, Cable Facade - Crusted Taint
appliedenergistics2:facade:0, Cable Facade - Tainted Soil
appliedenergistics2:facade:0, Cable Facade - Tainted Rock
appliedenergistics2:facade:0, Cable Facade - Taint Geyser
appliedenergistics2:facade:0, Cable Facade - Taintwood Log
appliedenergistics2:facade:0, Cable Facade - Ambient Grass Block
appliedenergistics2:facade:0, Cable Facade - Brass Block
appliedenergistics2:facade:0, Cable Facade - Thaumium Block
appliedenergistics2:facade:0, Cable Facade - Void Metal Block
appliedenergistics2:facade:0, Cable Facade - Alchemical Construct
appliedenergistics2:facade:0, Cable Facade - Advanced Alchemical Construct
appliedenergistics2:facade:0, Cable Facade - Infusion Speed Stone
appliedenergistics2:facade:0, Cable Facade - Infusion Cost Stone
appliedenergistics2:facade:0, Cable Facade - Vis Battery
appliedenergistics2:facade:0, Cable Facade - Empty Space
appliedenergistics2:facade:0, Cable Facade - Snad
appliedenergistics2:facade:0, Cable Facade - Red Snad
appliedenergistics2:facade:0, Cable Facade - Infested Dirt
appliedenergistics2:facade:0, Cable Facade - Infested Log
appliedenergistics2:facade:0, Cable Facade - Infested Stone
appliedenergistics2:facade:0, Cable Facade - Bloody Ice
appliedenergistics2:facade:0, Cable Facade - Hive Core
appliedenergistics2:facade:0, Cable Facade - Parasitic Colony Core
appliedenergistics2:facade:0, Cable Facade - Parasitic Colony Outpost
appliedenergistics2:facade:0, Cable Facade - §bBiome Purifier
appliedenergistics2:facade:0, Cable Facade - Node Lamp
appliedenergistics2:facade:0, Cable Facade - Biomass Block
appliedenergistics2:facade:0, Cable Facade - Residue Block
appliedenergistics2:facade:0, Cable Facade - Relay Terminal §l|§r §oBottom
appliedenergistics2:facade:0, Cable Facade - Relay Structure §l|§r §oMiddle
appliedenergistics2:facade:0, Cable Facade - Relay Antennas §l|§r §oTop
appliedenergistics2:facade:0, Cable Facade - Infested Cobblestone
appliedenergistics2:facade:0, Cable Facade - Bruisewood Log
appliedenergistics2:facade:0, Cable Facade - Veinwood Log
appliedenergistics2:facade:0, Cable Facade - Darkwood Log
appliedenergistics2:facade:0, Cable Facade - Circle Trunk
appliedenergistics2:facade:0, Cable Facade - Deadhead Log
appliedenergistics2:facade:0, Cable Facade - Deadhead Plank
appliedenergistics2:facade:0, Cable Facade - Deadhead Plank
appliedenergistics2:facade:0, Cable Facade - Hivesoil
appliedenergistics2:facade:0, Cable Facade - Visceral Mud
appliedenergistics2:facade:0, Cable Facade - Flesh Chunk
appliedenergistics2:facade:0, Cable Facade - Compressed Arteries
appliedenergistics2:facade:0, Cable Facade - Mycelium Network
appliedenergistics2:facade:0, Cable Facade - Contusion Block
appliedenergistics2:facade:0, Cable Facade - Sacked Flesh Block
appliedenergistics2:facade:0, Cable Facade - Concentrated Flesh Chunk
appliedenergistics2:facade:0, Cable Facade - Fortified Bone
appliedenergistics2:facade:0, Cable Facade - Hivestone
appliedenergistics2:facade:0, Cable Facade - Hivestone Debris
appliedenergistics2:facade:0, Cable Facade - Consumed Log
appliedenergistics2:facade:0, Cable Facade - Hivestone Bricks
appliedenergistics2:facade:0, Cable Facade - Hivesteel
appliedenergistics2:facade:0, Cable Facade - Bleeding Obsidian
appliedenergistics2:facade:0, Cable Facade - Assimilated Fungus
appliedenergistics2:facade:0, Cable Facade - Weathered Bricks
appliedenergistics2:facade:0, Cable Facade - Weathered Bricks
appliedenergistics2:facade:0, Cable Facade - Weathered Cobblestone
appliedenergistics2:facade:0, Cable Facade - Weathered Cobblestone
appliedenergistics2:facade:0, Cable Facade - Frost Weathered Stone
appliedenergistics2:facade:0, Cable Facade - Frost Weathered Stone
appliedenergistics2:facade:0, Cable Facade - Incomplete Parasitic Colony Structure
appliedenergistics2:facade:0, Cable Facade - Compressed Hivestone
appliedenergistics2:facade:0, Cable Facade - Reinforced Hivestone
appliedenergistics2:facade:0, Cable Facade - Parasitic Compressed Colony Stone
appliedenergistics2:facade:0, Cable Facade - Infested Planks
appliedenergistics2:facade:0, Cable Facade - Infested Stone Bricks
appliedenergistics2:facade:0, Cable Facade - Infested Terracotta
appliedenergistics2:facade:0, Cable Facade - Polished Infested Stone
appliedenergistics2:facade:0, Cable Facade - Residue Bricks
appliedenergistics2:facade:0, Cable Facade - Infested Column
appliedenergistics2:facade:0, Cable Facade - Infested Sandstone
appliedenergistics2:facade:0, Cable Facade - Chiseled Infested Sandstone
appliedenergistics2:facade:0, Cable Facade - Chiseled Cut Sandstone
appliedenergistics2:facade:0, Cable Facade - Epitome Infestation Warp Diffuser
appliedenergistics2:facade:0, Cable Facade - Goth Stem
appliedenergistics2:facade:0, Cable Facade - Cooked Flesh
appliedenergistics2:facade:0, Cable Facade - Cooked Flesh Planks
appliedenergistics2:facade:0, Cable Facade - Flesh Planks
appliedenergistics2:facade:0, Cable Facade - Goth Planks
appliedenergistics2:facade:0, Cable Facade - Bruisewood Planks
appliedenergistics2:facade:0, Cable Facade - Consumed Planks
appliedenergistics2:facade:0, Cable Facade - Semi-organic Block
appliedenergistics2:facade:0, Cable Facade - Deadhead Bookshelf
appliedenergistics2:facade:0, Cable Facade - Cooked Flesh Bookshelf
appliedenergistics2:facade:0, Cable Facade - Consumed Bookshelf
appliedenergistics2:facade:0, Cable Facade - Infested Bookshelf
appliedenergistics2:facade:0, Cable Facade - Bruisewood Bookshelf
appliedenergistics2:facade:0, Cable Facade - Flesh Bookshelf
appliedenergistics2:facade:0, Cable Facade - Goth Bookshelf
appliedenergistics2:facade:0, Cable Facade - Harlequinn Grass Block
appliedenergistics2:facade:0, Cable Facade - Harleskinn Block
appliedenergistics2:facade:0, Cable Facade - Poland Skin Block
appliedenergistics2:facade:0, Cable Facade - Bronchial Tube
appliedenergistics2:facade:0, Cable Facade - Locs Block
appliedenergistics2:facade:0, Cable Facade - Deadhead Leaves
appliedenergistics2:facade:0, Cable Facade - Consumed Crafting Table
appliedenergistics2:facade:0, Cable Facade - Infested Crafting Table
appliedenergistics2:facade:0, Cable Facade - Diseased Sponge
appliedenergistics2:facade:0, Cable Facade - tile.srparasites.parasiterubbleslabdouble.name
appliedenergistics2:facade:0, Cable Facade - tile.srparasites.parasiterubbleslabdouble.name
appliedenergistics2:facade:0, Cable Facade - tile.srparasites.parasiterubbleslabdouble.name
appliedenergistics2:facade:0, Cable Facade - tile.srparasites.parasiterubbleslabdouble.name
appliedenergistics2:facade:0, Cable Facade - tile.srparasites.parasiterubbleslabdouble.name
appliedenergistics2:facade:0, Cable Facade - tile.srparasites.parasiterubbleslabdouble.name
appliedenergistics2:facade:0, Cable Facade - tile.srparasites.parasiterubbleslabdouble.name
appliedenergistics2:facade:0, Cable Facade - tile.srparasites.parasiterubbleslabdouble.name
appliedenergistics2:facade:0, Cable Facade - Parasite Stain Double Slab
appliedenergistics2:facade:0, Cable Facade - Parasite Stain Double Slab
appliedenergistics2:facade:0, Cable Facade - Parasite Stain Double Slab
appliedenergistics2:facade:0, Cable Facade - Parasite Stain Double Slab
appliedenergistics2:facade:0, Cable Facade - Parasite Stain Double Slab
appliedenergistics2:facade:0, Cable Facade - Parasite Stain Double Slab
appliedenergistics2:facade:0, Cable Facade - Parasite Stain Double Slab
appliedenergistics2:facade:0, Cable Facade - Lure (§4Weakened§f)
appliedenergistics2:facade:0, Cable Facade - Lure (§cFaint§f)
appliedenergistics2:facade:0, Cable Facade - Lure (§6Slender§f)
appliedenergistics2:facade:0, Cable Facade - Lure (§eStable§f)
appliedenergistics2:facade:0, Cable Facade - Lure (§2Substantial§f)
appliedenergistics2:facade:0, Cable Facade - Lure (§aConcentrated§f)
appliedenergistics2:facade:0, Cable Facade - Lure (§bConcentrated+§f)
appliedenergistics2:facade:0, Cable Facade - Lure (§dConcentrated++§f)
appliedenergistics2:facade:0, Cable Facade - Lure (§5Overloaded§f)
appliedenergistics2:facade:0, Cable Facade - Lure (§9Anomalous§f)
appliedenergistics2:facade:0, Cable Facade - Pestilential Coal Ore
appliedenergistics2:facade:0, Cable Facade - Pestilential Diamond Ore
appliedenergistics2:facade:0, Cable Facade - Pestilential Emerald Ore
appliedenergistics2:facade:0, Cable Facade - Pestilential Gold Ore
appliedenergistics2:facade:0, Cable Facade - Pestilential Iron Ore
appliedenergistics2:facade:0, Cable Facade - Pestilential Lapis Lazuli Ore
appliedenergistics2:facade:0, Cable Facade - Pestilential Redstone Ore
appliedenergistics2:facade:0, Cable Facade - Pestilential Amber Ore
appliedenergistics2:facade:0, Cable Facade - Infested Sand
appliedenergistics2:facade:0, Cable Facade - Parasite Egg (Mite)
appliedenergistics2:facade:0, Cable Facade - Parasite Egg (Buglin)
appliedenergistics2:facade:0, Cable Facade - Compressed Infested Stone
appliedenergistics2:facade:0, Cable Facade - Compressed Weathered Stone
appliedenergistics2:facade:0, Cable Facade - Colony Stone
appliedenergistics2:facade:0, Cable Facade - Polished Weathered Stone
appliedenergistics2:facade:0, Cable Facade - Polished Hivestone
appliedenergistics2:facade:0, Cable Facade - Polished Colony Stone
appliedenergistics2:facade:0, Cable Facade - Colony Stone Bricks
appliedenergistics2:facade:0, Cable Facade - Weathered Stone Column
appliedenergistics2:facade:0, Cable Facade - Hivestone Column
appliedenergistics2:facade:0, Cable Facade - Colony Stone Column
appliedenergistics2:facade:0, Cable Facade - §bBlock of Rupter Viscera
appliedenergistics2:facade:0, Cable Facade - §bBlock of Gadget
appliedenergistics2:facade:0, Cable Facade - §bBlock of Diseased Heart
appliedenergistics2:facade:0, Cable Facade - §bBlock of Altered Lendons
appliedenergistics2:facade:0, Cable Facade - §bBlock of Toxic Lung
appliedenergistics2:facade:0, Cable Facade - §bBlock of Noxious Brain
appliedenergistics2:facade:0, Cable Facade - §bBlock of Twisted Spinal Signal
appliedenergistics2:facade:0, Cable Facade - §bBlock of Lure Component 7
appliedenergistics2:facade:0, Cable Facade - §bBlock of Lure Component 8
appliedenergistics2:facade:0, Cable Facade - §bBlock of Lure Component 9
appliedenergistics2:facade:0, Cable Facade - §bBlock of Lure Component 10
appliedenergistics2:facade:0, Cable Facade - §bSac of Glow Flesh
appliedenergistics2:facade:0, Cable Facade - §bSac of Fried Flesh
appliedenergistics2:facade:0, Cable Facade - §eBlock of Strange Bone
appliedenergistics2:facade:0, Cable Facade - §bBlock of Hijacked Raw Iron
appliedenergistics2:facade:0, Cable Facade - §bBlock of Hijacked Iron
appliedenergistics2:facade:0, Cable Facade - §cBlock of Assimender Pearl
appliedenergistics2:facade:0, Cable Facade - §bBlock of Otherworldly Pearl
appliedenergistics2:facade:0, Cable Facade - §cBlock of Calling Fruit
appliedenergistics2:facade:0, Cable Facade - §bBlock of Overseeing Fruit
appliedenergistics2:facade:0, Cable Facade - Block of Assimilated Sugar Cane
appliedenergistics2:facade:0, Cable Facade - §5Thornshade Berry Sack
appliedenergistics2:facade:0, Cable Facade - False Apple Crate
appliedenergistics2:facade:0, Cable Facade - §bBlock of Longarm Armor
appliedenergistics2:facade:0, Cable Facade - §bBlock of Summoner Core
appliedenergistics2:facade:0, Cable Facade - §bBlock of Manducater Orb
appliedenergistics2:facade:0, Cable Facade - §bBlock of Reeker Fang
appliedenergistics2:facade:0, Cable Facade - §bBlock of Bolster Husk
appliedenergistics2:facade:0, Cable Facade - §bBlock of Arachnida Claw
appliedenergistics2:facade:0, Cable Facade - §bBlock of Harvester Nylon
appliedenergistics2:facade:0, Cable Facade - §bBlock of Viscera Tongue
appliedenergistics2:facade:0, Cable Facade - §bBlock of Yelloweye Bone
appliedenergistics2:facade:0, Cable Facade - §bBlock of Vermin Ovary
appliedenergistics2:facade:0, Cable Facade - §bBlock of Devourer Tentacle
appliedenergistics2:facade:0, Cable Facade - §bBlock of Ginger Trepang
appliedenergistics2:facade:0, Cable Facade - §bBlock of Phobia Jejunum
appliedenergistics2:facade:0, Cable Facade - §bBlock of Oath Pearl
appliedenergistics2:facade:0, Cable Facade - §bBlock of Tozoon Limb
appliedenergistics2:facade:0, Cable Facade - §bBlock of Burrower Colloid
appliedenergistics2:facade:0, Cable Facade - §aBeckon Polymeric Membrane
appliedenergistics2:facade:0, Cable Facade - §cDispatcher Polymeric Membrane
appliedenergistics2:facade:0, Cable Facade - §5Rooter Polymeric Membrane
appliedenergistics2:facade:0, Cable Facade - §bDrifter Polymeric Membrane
appliedenergistics2:facade:0, Cable Facade - §eBuglin Cocoon Bundle
appliedenergistics2:facade:0, Cable Facade - §eSealed Infested Medulla
appliedenergistics2:facade:0, Cable Facade - §eOtherworldly Batch
appliedenergistics2:facade:0, Cable Facade - §eBonded Hijacked Growth
appliedenergistics2:facade:0, Cable Facade - §eBonded Faded Grox
appliedenergistics2:facade:0, Cable Facade - §eSealed Dissolved Tissue
appliedenergistics2:facade:0, Cable Facade - §eSimilar Heart Sack
appliedenergistics2:facade:0, Cable Facade - §eSealed Primitive Myoblast
appliedenergistics2:facade:0, Cable Facade - §eRobust Tendril Bundle
appliedenergistics2:facade:0, Cable Facade - §ePure Core Crate
appliedenergistics2:facade:0, Cable Facade - §eFrightening Thorn Bundle
appliedenergistics2:facade:0, Cable Facade - §eIndescribable Object Stack
appliedenergistics2:facade:0, Cable Facade - §ePrehistoric Fossil Bundle
appliedenergistics2:facade:0, Cable Facade - §eeInterlocked Derived Nightmare
appliedenergistics2:facade:0, Cable Facade - §ePious Sigil Crate
appliedenergistics2:facade:0, Cable Facade - §eBonded Creeper Samples
appliedenergistics2:facade:0, Cable Facade - §bGlow Flesh Chunk
appliedenergistics2:facade:0, Cable Facade - §eFried Flesh Chunk
appliedenergistics2:facade:0, Cable Facade - §cCulcul Blcok
appliedenergistics2:facade:0, Cable Facade - §cCulcul Pillar
appliedenergistics2:facade:0, Cable Facade - §cMurasaki Blcok
appliedenergistics2:facade:0, Cable Facade - §cMurasaki Pillar
appliedenergistics2:facade:0, Cable Facade - Glowwood Log
appliedenergistics2:facade:0, Cable Facade - Cooked Darkwood Log
appliedenergistics2:facade:0, Cable Facade - Fried Darkwood Log
appliedenergistics2:facade:0, Cable Facade - Liver Lobe
appliedenergistics2:facade:0, Cable Facade - Block of Mottled
appliedenergistics2:facade:0, Cable Facade - Opluntiague Stem
appliedenergistics2:facade:0, Cable Facade - Infested Wood
appliedenergistics2:facade:0, Cable Facade - Consumed Wood
appliedenergistics2:facade:0, Cable Facade - Bruisewood Wood
appliedenergistics2:facade:0, Cable Facade - Veinwood Wood
appliedenergistics2:facade:0, Cable Facade - Darkwood Wood
appliedenergistics2:facade:0, Cable Facade - Glowwood Wood
appliedenergistics2:facade:0, Cable Facade - Cooked Darkwood Wood
appliedenergistics2:facade:0, Cable Facade - Fried Darkwood Wood
appliedenergistics2:facade:0, Cable Facade - Liver Hepatis
appliedenergistics2:facade:0, Cable Facade - Circle Wood
appliedenergistics2:facade:0, Cable Facade - Deadhead Wood
appliedenergistics2:facade:0, Cable Facade - Goth Hyphae
appliedenergistics2:facade:0, Cable Facade - Stalk of Mottled
appliedenergistics2:facade:0, Cable Facade - Opluntiague Corm
appliedenergistics2:facade:0, Cable Facade - Stripped Infested Log
appliedenergistics2:facade:0, Cable Facade - Stripped Consumed Log
appliedenergistics2:facade:0, Cable Facade - Stripped Bruisewood Log
appliedenergistics2:facade:0, Cable Facade - Stripped Veinwood Log
appliedenergistics2:facade:0, Cable Facade - Stripped Darkwood Log
appliedenergistics2:facade:0, Cable Facade - Stripped Glowwood Log
appliedenergistics2:facade:0, Cable Facade - Stripped Cooked Darkwood Log
appliedenergistics2:facade:0, Cable Facade - Stripped Fried Darkwood Log
appliedenergistics2:facade:0, Cable Facade - Stripped Liver Lobe
appliedenergistics2:facade:0, Cable Facade - Stripped Circle Log
appliedenergistics2:facade:0, Cable Facade - Stripped Deadhead Log
appliedenergistics2:facade:0, Cable Facade - Stripped Goth Stem
appliedenergistics2:facade:0, Cable Facade - Block of Stripped Mottled
appliedenergistics2:facade:0, Cable Facade - Stripped Opluntiague Stem
appliedenergistics2:facade:0, Cable Facade - Stripped Infested Wood
appliedenergistics2:facade:0, Cable Facade - Stripped Consumed Wood
appliedenergistics2:facade:0, Cable Facade - Stripped Bruisewood Wood
appliedenergistics2:facade:0, Cable Facade - Stripped Veinwood Wood
appliedenergistics2:facade:0, Cable Facade - Stripped Darkwood Wood
appliedenergistics2:facade:0, Cable Facade - Stripped Glowwood Wood
appliedenergistics2:facade:0, Cable Facade - Stripped Cooked Darkwood Wood
appliedenergistics2:facade:0, Cable Facade - Stripped Fried Darkwood Wood
appliedenergistics2:facade:0, Cable Facade - Stripped Liver Hepatis
appliedenergistics2:facade:0, Cable Facade - Stripped Circle Wood
appliedenergistics2:facade:0, Cable Facade - Stripped Deadhead Wood
appliedenergistics2:facade:0, Cable Facade - Stripped Goth Hyphae
appliedenergistics2:facade:0, Cable Facade - Stalk of Stripped Mottled
appliedenergistics2:facade:0, Cable Facade - Stripped Opluntiague Corm
appliedenergistics2:facade:0, Cable Facade - Veinwood Planks
appliedenergistics2:facade:0, Cable Facade - Glow Flesh Planks
appliedenergistics2:facade:0, Cable Facade - Fried Flesh Planks
appliedenergistics2:facade:0, Cable Facade - Liver Planks
appliedenergistics2:facade:0, Cable Facade - Circle Planks
appliedenergistics2:facade:0, Cable Facade - Mottled Planks
appliedenergistics2:facade:0, Cable Facade - Opluntiague Planks
appliedenergistics2:facade:0, Cable Facade - Bruisewood Crafting Table
appliedenergistics2:facade:0, Cable Facade - Veinwood Crafting Table
appliedenergistics2:facade:0, Cable Facade - Flesh Crafting Table
appliedenergistics2:facade:0, Cable Facade - Glow Flesh Crafting Table
appliedenergistics2:facade:0, Cable Facade - Cooked Flesh Crafting Table
appliedenergistics2:facade:0, Cable Facade - Fried Flesh Crafting Table
appliedenergistics2:facade:0, Cable Facade - Liver Crafting Table
appliedenergistics2:facade:0, Cable Facade - Circle Crafting Table
appliedenergistics2:facade:0, Cable Facade - Deadhead Crafting Table
appliedenergistics2:facade:0, Cable Facade - Goth Crafting Table
appliedenergistics2:facade:0, Cable Facade - Mottled Crafting Table
appliedenergistics2:facade:0, Cable Facade - Opluntiague Crafting Table
appliedenergistics2:facade:0, Cable Facade - Veinwood Bookshelf
appliedenergistics2:facade:0, Cable Facade - Glow Flesh Bookshelf
appliedenergistics2:facade:0, Cable Facade - Fried Flesh Bookshelf
appliedenergistics2:facade:0, Cable Facade - Liver Bookshelf
appliedenergistics2:facade:0, Cable Facade - Circle Bookshelf
appliedenergistics2:facade:0, Cable Facade - Mottled Bookshelf
appliedenergistics2:facade:0, Cable Facade - Opluntiague Bookshelf
appliedenergistics2:facade:0, Cable Facade - Black Quartz Block
appliedenergistics2:facade:0, Cable Facade - tile.thaumictinkerer:dummy_nitor.name
appliedenergistics2:facade:0, Cable Facade - Copper Ore
appliedenergistics2:facade:0, Cable Facade - Bauxite Ore
appliedenergistics2:facade:0, Cable Facade - Lead Ore
appliedenergistics2:facade:0, Cable Facade - Silver Ore
appliedenergistics2:facade:0, Cable Facade - Nickel Ore
appliedenergistics2:facade:0, Cable Facade - Uranium Ore
appliedenergistics2:facade:0, Cable Facade - Block of Copper
appliedenergistics2:facade:0, Cable Facade - Block of Aluminium
appliedenergistics2:facade:0, Cable Facade - Block of Lead
appliedenergistics2:facade:0, Cable Facade - Block of Silver
appliedenergistics2:facade:0, Cable Facade - Block of Nickel
appliedenergistics2:facade:0, Cable Facade - Block of Uranium
appliedenergistics2:facade:0, Cable Facade - Block of Constantan
appliedenergistics2:facade:0, Cable Facade - Block of Electrum
appliedenergistics2:facade:0, Cable Facade - Block of Steel
appliedenergistics2:facade:0, Cable Facade - Coke Brick
appliedenergistics2:facade:0, Cable Facade - Blast Brick
appliedenergistics2:facade:0, Cable Facade - Reinforced Blast Brick
appliedenergistics2:facade:0, Cable Facade - Block of Coal Coke
appliedenergistics2:facade:0, Cable Facade - Hempcrete
appliedenergistics2:facade:0, Cable Facade - Concrete
appliedenergistics2:facade:0, Cable Facade - Concrete Tile
appliedenergistics2:facade:0, Cable Facade - Leaded Concrete
appliedenergistics2:facade:0, Cable Facade - Insulating Glass
appliedenergistics2:facade:0, Cable Facade - Kiln Brick
appliedenergistics2:facade:0, Cable Facade - Treated Wood Planks
appliedenergistics2:facade:0, Cable Facade - Treated Wood Planks
appliedenergistics2:facade:0, Cable Facade - Treated Wood Planks
appliedenergistics2:facade:0, Cable Facade - Copper Sheetmetal
appliedenergistics2:facade:0, Cable Facade - Aluminium Sheetmetal
appliedenergistics2:facade:0, Cable Facade - Lead Sheetmetal
appliedenergistics2:facade:0, Cable Facade - Silver Sheetmetal
appliedenergistics2:facade:0, Cable Facade - Nickel Sheetmetal
appliedenergistics2:facade:0, Cable Facade - Uranium Sheetmetal
appliedenergistics2:facade:0, Cable Facade - Constantan Sheetmetal
appliedenergistics2:facade:0, Cable Facade - Electrum Sheetmetal
appliedenergistics2:facade:0, Cable Facade - Steel Sheetmetal
appliedenergistics2:facade:0, Cable Facade - Iron Sheetmetal
appliedenergistics2:facade:0, Cable Facade - Gold Sheetmetal
appliedenergistics2:facade:0, Cable Facade - Copper Coil Block
appliedenergistics2:facade:0, Cable Facade - Electrum Coil Block
appliedenergistics2:facade:0, Cable Facade - High-Voltage Coil Block
appliedenergistics2:facade:0, Cable Facade - Redstone Engineering Block
appliedenergistics2:facade:0, Cable Facade - Light Engineering Block
appliedenergistics2:facade:0, Cable Facade - Heavy Engineering Block
appliedenergistics2:facade:0, Cable Facade - Generator Block
appliedenergistics2:facade:0, Cable Facade - Radiator Block
appliedenergistics2:facade:0, Cable Facade - Rock Crystal Ore
appliedenergistics2:facade:0, Cable Facade - Starmetal Ore
appliedenergistics2:facade:0, Cable Facade - Aquamarine Shale
appliedenergistics2:facade:0, Cable Facade - Marble
appliedenergistics2:facade:0, Cable Facade - Marble Bricks
appliedenergistics2:facade:0, Cable Facade - Marble Pillar
appliedenergistics2:facade:0, Cable Facade - Marble Arch
appliedenergistics2:facade:0, Cable Facade - Chiseled Marble
appliedenergistics2:facade:0, Cable Facade - Engraved Marble
appliedenergistics2:facade:0, Cable Facade - Runed Marble
appliedenergistics2:facade:0, Cable Facade - Sooty Marble
appliedenergistics2:facade:0, Cable Facade - Sooty Marble Bricks
appliedenergistics2:facade:0, Cable Facade - Sooty Marble Pillar
appliedenergistics2:facade:0, Cable Facade - Sooty Marble Arch
appliedenergistics2:facade:0, Cable Facade - Chiseled Sooty Marble
appliedenergistics2:facade:0, Cable Facade - Engraved Sooty Marble
appliedenergistics2:facade:0, Cable Facade - Runed Sooty Marble
appliedenergistics2:facade:0, Cable Facade - Infused Wood
appliedenergistics2:facade:0, Cable Facade - Infused Wood Planks
appliedenergistics2:facade:0, Cable Facade - Infused Wood Column
appliedenergistics2:facade:0, Cable Facade - Infused Wood Arch
appliedenergistics2:facade:0, Cable Facade - Engraved Infused Wood
appliedenergistics2:facade:0, Cable Facade - Enriched Infused Wood
appliedenergistics2:facade:0, Cable Facade - Vibrant Infused Wood
appliedenergistics2:facade:0, Cable Facade - Neromantic Prime
appliedenergistics2:facade:0, Cable Facade - Fysallidic Prime
appliedenergistics2:facade:0, Cable Facade - Nether Redstone Ore
appliedenergistics2:facade:0, Cable Facade - Nether Iron Ore
appliedenergistics2:facade:0, Cable Facade - Nether Gold Ore
appliedenergistics2:facade:0, Cable Facade - Nether Coal Ore
appliedenergistics2:facade:0, Cable Facade - Nether Lapis Ore
appliedenergistics2:facade:0, Cable Facade - Nether Emerald Ore
appliedenergistics2:facade:0, Cable Facade - Nether Diamond Ore
appliedenergistics2:facade:0, Cable Facade - End Redstone Ore
appliedenergistics2:facade:0, Cable Facade - End Coal Ore
appliedenergistics2:facade:0, Cable Facade - End Lapis Ore
appliedenergistics2:facade:0, Cable Facade - End Emerald Ore
appliedenergistics2:facade:0, Cable Facade - End Diamond Ore
appliedenergistics2:facade:0, Cable Facade - End Gold Ore
appliedenergistics2:facade:0, Cable Facade - End Iron Ore
appliedenergistics2:facade:0, Cable Facade - Dry Peat Bog
appliedenergistics2:facade:0, Cable Facade - Saturated Peat Deposit
appliedenergistics2:facade:0, Cable Facade - Soundproofing
appliedenergistics2:facade:0, Cable Facade - Shearing Block
appliedenergistics2:facade:0, Cable Facade - Compact Giant Chance Cube
appliedenergistics2:facade:0, Cable Facade - Rose Gold Block
appliedenergistics2:facade:0, Cable Facade - Rose Gold Ore
appliedenergistics2:facade:0, Cable Facade - Villager Spawner
appliedenergistics2:facade:0, Cable Facade - Faint Parasitic Nest Block
appliedenergistics2:facade:0, Cable Facade - Sturdy Parasitic Nest Block
appliedenergistics2:facade:0, Cable Facade - Worm Flesh
appliedenergistics2:facade:0, Cable Facade - Dark Bricks
appliedenergistics2:facade:0, Cable Facade - Hardened Worm Flesh
appliedenergistics2:facade:0, Cable Facade - Bubbling Acid
appliedenergistics2:facade:0, Cable Facade - Parasitic Egg
appliedenergistics2:facade:0, Cable Facade - Organic Sample Crate
appliedenergistics2:facade:0, Cable Facade - Worm Acid Crate
appliedenergistics2:facade:0, Cable Facade - Worm Teeth Crate
appliedenergistics2:facade:0, Cable Facade - Infected Flesh Crate
appliedenergistics2:facade:0, Cable Facade - Rupter Viscera Crate
appliedenergistics2:facade:0, Cable Facade - Diseased Heart Crate
appliedenergistics2:facade:0, Cable Facade - Altered Tendons Crate
appliedenergistics2:facade:0, Cable Facade - Toxic Lung Crate
appliedenergistics2:facade:0, Cable Facade - Noxious Brain Crate
appliedenergistics2:facade:0, Cable Facade - Essential Segment Crate
appliedenergistics2:facade:0, Cable Facade - Reeker Fang Crate
appliedenergistics2:facade:0, Cable Facade - Yelloweye Bone Crate
appliedenergistics2:facade:0, Cable Facade - Longarms Armor Fragment Crate
appliedenergistics2:facade:0, Cable Facade - Summoner Core Crate
appliedenergistics2:facade:0, Cable Facade - Manducater Orb Crate
appliedenergistics2:facade:0, Cable Facade - Dried Tendons Crate
appliedenergistics2:facade:0, Cable Facade - Hardened Bone Handle Crate
appliedenergistics2:facade:0, Cable Facade - Infectious Blade Fragment Crate
appliedenergistics2:facade:0, Cable Facade - Living Core Crate
appliedenergistics2:facade:0, Cable Facade - Vile Shell Crate
appliedenergistics2:facade:0, Cable Facade - Parasitic Lump Crate
appliedenergistics2:facade:0, Cable Facade - Strange Bone Crate
appliedenergistics2:facade:0, Cable Facade - Parasitic Dirtstone
appliedenergistics2:facade:0, Cable Facade - Smooth Parasitic Dirtstone
appliedenergistics2:facade:0, Cable Facade - Parasitic Dirtstone Chiseled
appliedenergistics2:facade:0, Cable Facade - Parasitic Mudstone
appliedenergistics2:facade:0, Cable Facade - Smooth Parasitic Mudstone
appliedenergistics2:facade:0, Cable Facade - Parasitic Mudstone Chiseled
appliedenergistics2:facade:0, Cable Facade - Infested Dirtstone
appliedenergistics2:facade:0, Cable Facade - Smooth Infested Dirtstone
appliedenergistics2:facade:0, Cable Facade - Chiseled Infested Dirtstone
appliedenergistics2:facade:0, Cable Facade - Rotstem Planks
appliedenergistics2:facade:0, Cable Facade - Infested Wood Planks
appliedenergistics2:facade:0, Cable Facade - Blightwood Planks
appliedenergistics2:facade:0, Cable Facade - Infested Stone Brick
appliedenergistics2:facade:0, Cable Facade - Chiseled Infested Stone Brick
appliedenergistics2:facade:0, Cable Facade - Parasitic Stone Brick
appliedenergistics2:facade:0, Cable Facade - Chiseled Parasitic Stone Brick
appliedenergistics2:facade:0, Cable Facade - Cracked Parasitic Stone Brick
appliedenergistics2:facade:0, Cable Facade - Mossy Parasitic Stone Brick
appliedenergistics2:facade:0, Cable Facade - Cracked Infested Stone Brick
appliedenergistics2:facade:0, Cable Facade - Mossy Infested Brick
appliedenergistics2:facade:0, Cable Facade - Hardened Flesh Block
appliedenergistics2:facade:0, Cable Facade - Reinforced Plating
appliedenergistics2:facade:0, Cable Facade - Buglin Hive
appliedenergistics2:facade:0, Cable Facade - Full Buglin Hive
appliedenergistics2:facade:0, Cable Facade - Gelid Euphemium
appliedenergistics2:facade:0, Cable Facade - Unstable Euphemium Schrabide Block
appliedenergistics2:facade:0, Cable Facade - Dark Crystal
appliedenergistics2:facade:0, Cable Facade - Hardened Dark Crystal
appliedenergistics2:facade:0, Cable Facade - Pulsating Crystal
appliedenergistics2:facade:0, Cable Facade - HE to RF Converter
appliedenergistics2:facade:0, Cable Facade - RF to HE Converter
appliedenergistics2:facade:0, Cable Facade - Asphalt
appliedenergistics2:facade:0, Cable Facade - Glowing Asphalt
appliedenergistics2:facade:0, Cable Facade - Reinforced Glass
appliedenergistics2:facade:0, Cable Facade - Reinforced Glowstone
appliedenergistics2:facade:0, Cable Facade - Reinforced Lamp
appliedenergistics2:facade:0, Cable Facade - Reinforced Lamp
appliedenergistics2:facade:0, Cable Facade - Dense Stone
appliedenergistics2:facade:0, Cable Facade - Concrete Bricks
appliedenergistics2:facade:0, Cable Facade - Mossy Concrete Bricks
appliedenergistics2:facade:0, Cable Facade - Cracked Concrete Bricks
appliedenergistics2:facade:0, Cable Facade - Broken Concrete Bricks
appliedenergistics2:facade:0, Cable Facade - Marked Concrete Bricks
appliedenergistics2:facade:0, Cable Facade - Reinforced Stone
appliedenergistics2:facade:0, Cable Facade - Compound Mesh
appliedenergistics2:facade:0, Cable Facade - Light Bricks
appliedenergistics2:facade:0, Cable Facade - Asbestos Bricks
appliedenergistics2:facade:0, Cable Facade - Reinforced Sandstone
appliedenergistics2:facade:0, Cable Facade - Obsidian Bricks
appliedenergistics2:facade:0, Cable Facade - CMB Steel Tile
appliedenergistics2:facade:0, Cable Facade - Reinforced CMB Bricks
appliedenergistics2:facade:0, Cable Facade - Reinforced Laminate
appliedenergistics2:facade:0, Cable Facade - Concrete Tile
appliedenergistics2:facade:0, Cable Facade - Concrete
appliedenergistics2:facade:0, Cable Facade - White Concrete
appliedenergistics2:facade:0, Cable Facade - Builder's Choice Concrete - Industrial Tinge
appliedenergistics2:facade:0, Cable Facade - Reinforced Concrete
appliedenergistics2:facade:0, Cable Facade - Über Concrete
appliedenergistics2:facade:0, Cable Facade - Moldy Debris
appliedenergistics2:facade:0, Cable Facade - Asbestos Concrete
appliedenergistics2:facade:0, Cable Facade - Rebar Reinforced Concrete Pillar
appliedenergistics2:facade:0, Cable Facade - Ducrete Tile
appliedenergistics2:facade:0, Cable Facade - Ducrete
appliedenergistics2:facade:0, Cable Facade - Ducrete Brick
appliedenergistics2:facade:0, Cable Facade - Reinforced Ducrete
appliedenergistics2:facade:0, Cable Facade - Raw Lightstone
appliedenergistics2:facade:0, Cable Facade - Large Vinyl Tile
appliedenergistics2:facade:0, Cable Facade - Laboratory Tiles
appliedenergistics2:facade:0, Cable Facade - Cracked Laboratory Tiles
appliedenergistics2:facade:0, Cable Facade - Broken Laboratory Tiles
appliedenergistics2:facade:0, Cable Facade - Green Tritium Lamp
appliedenergistics2:facade:0, Cable Facade - Green Tritium Lamp
appliedenergistics2:facade:0, Cable Facade - Blue Tritium Lamp
appliedenergistics2:facade:0, Cable Facade - Blue Tritium Lamp
appliedenergistics2:facade:0, Cable Facade - Block of Scrap
appliedenergistics2:facade:0, Cable Facade - Block of Electrical Scrap
appliedenergistics2:facade:0, Cable Facade - Uranium Ore
appliedenergistics2:facade:0, Cable Facade - Scorched Uranium Ore
appliedenergistics2:facade:0, Cable Facade - Schrabidium Ore
appliedenergistics2:facade:0, Cable Facade - Sellafite Emerald Ore
appliedenergistics2:facade:0, Cable Facade - Scorched Sellafite Uranium Ore
appliedenergistics2:facade:0, Cable Facade - Sellafite Schrabidium Ore
appliedenergistics2:facade:0, Cable Facade - Sellafite Diamond Ore
appliedenergistics2:facade:0, Cable Facade - Sellafite Radioactive Gem Ore
appliedenergistics2:facade:0, Cable Facade - Thorium Ore
appliedenergistics2:facade:0, Cable Facade - Titanium Ore
appliedenergistics2:facade:0, Cable Facade - Sulfur Ore
appliedenergistics2:facade:0, Cable Facade - Niter Ore
appliedenergistics2:facade:0, Cable Facade - Copper Ore
appliedenergistics2:facade:0, Cable Facade - Tungsten Ore
appliedenergistics2:facade:0, Cable Facade - Aluminium-Bearing Ore
appliedenergistics2:facade:0, Cable Facade - Fluorite Ore
appliedenergistics2:facade:0, Cable Facade - Lead Ore
appliedenergistics2:facade:0, Cable Facade - Beryllium Ore
appliedenergistics2:facade:0, Cable Facade - Lignite Ore
appliedenergistics2:facade:0, Cable Facade - Asbestos Ore
appliedenergistics2:facade:0, Cable Facade - Rare Earth Ore
appliedenergistics2:facade:0, Cable Facade - Iron Ore Cluster
appliedenergistics2:facade:0, Cable Facade - Titanium Ore Cluster
appliedenergistics2:facade:0, Cable Facade - Aluminium Ore Cluster
appliedenergistics2:facade:0, Cable Facade - Copper Ore Cluster
appliedenergistics2:facade:0, Cable Facade - Cobalt Ore
appliedenergistics2:facade:0, Cable Facade - Cinnabar Ore
appliedenergistics2:facade:0, Cable Facade - Coltan Ore
appliedenergistics2:facade:0, Cable Facade - Australian Ore
appliedenergistics2:facade:0, Cable Facade - Depth Rock
appliedenergistics2:facade:0, Cable Facade - Depth Cinnabar Ore
appliedenergistics2:facade:0, Cable Facade - Depth Zirconium Ore
appliedenergistics2:facade:0, Cable Facade - Depth Borax Ore
appliedenergistics2:facade:0, Cable Facade - Alexandrite Ore
appliedenergistics2:facade:0, Cable Facade - Depth Iron Ore Cluster
appliedenergistics2:facade:0, Cable Facade - Depth Titanium Ore Cluster
appliedenergistics2:facade:0, Cable Facade - Depth Tungsten Ore Cluster
appliedenergistics2:facade:0, Cable Facade - Bedrock Coltan Ore
appliedenergistics2:facade:0, Cable Facade - Empty Oil Deposit
appliedenergistics2:facade:0, Cable Facade - Tar Sand
appliedenergistics2:facade:0, Cable Facade - Graphitic Schist
appliedenergistics2:facade:0, Cable Facade - Schist Brick
appliedenergistics2:facade:0, Cable Facade - Schist Tile
appliedenergistics2:facade:0, Cable Facade - Chiseled Schist
appliedenergistics2:facade:0, Cable Facade - Schist Iron Ore
appliedenergistics2:facade:0, Cable Facade - Schist Gold Ore
appliedenergistics2:facade:0, Cable Facade - Schist Uranium Ore
appliedenergistics2:facade:0, Cable Facade - Scorched Schist Uranium Ore
appliedenergistics2:facade:0, Cable Facade - Schist Copper Ore
appliedenergistics2:facade:0, Cable Facade - Schist Asbestos Ore
appliedenergistics2:facade:0, Cable Facade - Schist Lithium Ore
appliedenergistics2:facade:0, Cable Facade - Schist Schrabidium Ore
appliedenergistics2:facade:0, Cable Facade - Schist Rare Earth Ore
appliedenergistics2:facade:0, Cable Facade - Gas Shale
appliedenergistics2:facade:0, Cable Facade - Trixite
appliedenergistics2:facade:0, Cable Facade - Burning Nether Coal Ore
appliedenergistics2:facade:0, Cable Facade - Smoldering Netherrack
appliedenergistics2:facade:0, Cable Facade - Nether Cobalt Ore
appliedenergistics2:facade:0, Cable Facade - Nether Tungsten Ore
appliedenergistics2:facade:0, Cable Facade - Nether Sulfur Ore
appliedenergistics2:facade:0, Cable Facade - Nether Phosphorus Ore
appliedenergistics2:facade:0, Cable Facade - Nether Uranium Ore
appliedenergistics2:facade:0, Cable Facade - Scorched Nether Uranium Ore
appliedenergistics2:facade:0, Cable Facade - Nether Plutonium Ore
appliedenergistics2:facade:0, Cable Facade - Nether Schrabidium Ore
appliedenergistics2:facade:0, Cable Facade - Nether Depth Rock
appliedenergistics2:facade:0, Cable Facade - Nether Depth Neodymium Ore
appliedenergistics2:facade:0, Cable Facade - Nether Depth Nitanium Ore
appliedenergistics2:facade:0, Cable Facade - Meteorite Block
appliedenergistics2:facade:0, Cable Facade - Meteorite Cobblestone
appliedenergistics2:facade:0, Cable Facade - Broken Meteorite Block
appliedenergistics2:facade:0, Cable Facade - Hot Meteorite Cobblestone
appliedenergistics2:facade:0, Cable Facade - Meteorite Treasure Block
appliedenergistics2:facade:0, Cable Facade - Meteor Iron Ore
appliedenergistics2:facade:0, Cable Facade - Polished Meteor Block
appliedenergistics2:facade:0, Cable Facade - Meteor Bricks
appliedenergistics2:facade:0, Cable Facade - Mossy Meteor Bricks
appliedenergistics2:facade:0, Cable Facade - Cracked Meteor Bricks
appliedenergistics2:facade:0, Cable Facade - Chiseled Meteor Bricks
appliedenergistics2:facade:0, Cable Facade - Meteor Pillar
appliedenergistics2:facade:0, Cable Facade - Starmetal Static Electricity Generator
appliedenergistics2:facade:0, Cable Facade - Enargite Bricks
appliedenergistics2:facade:0, Cable Facade - Cracked Enargite Bricks
appliedenergistics2:facade:0, Cable Facade - Magmatic Enargite Bricks
appliedenergistics2:facade:0, Cable Facade - Radioactive Enargite Bricks
appliedenergistics2:facade:0, Cable Facade - Arcane Enargite Bricks
appliedenergistics2:facade:0, Cable Facade - Enargite Glyph Bricks
appliedenergistics2:facade:0, Cable Facade - Enargite Glyph Bricks
appliedenergistics2:facade:0, Cable Facade - Enargite Glyph Bricks
appliedenergistics2:facade:0, Cable Facade - Enargite Glyph Bricks
appliedenergistics2:facade:0, Cable Facade - Enargite Glyph Bricks
appliedenergistics2:facade:0, Cable Facade - Enargite Glyph Bricks
appliedenergistics2:facade:0, Cable Facade - Enargite Glyph Bricks
appliedenergistics2:facade:0, Cable Facade - Enargite Glyph Bricks
appliedenergistics2:facade:0, Cable Facade - Enargite Glyph Bricks
appliedenergistics2:facade:0, Cable Facade - Enargite Glyph Bricks
appliedenergistics2:facade:0, Cable Facade - Enargite Glyph Bricks
appliedenergistics2:facade:0, Cable Facade - Enargite Glyph Bricks
appliedenergistics2:facade:0, Cable Facade - Enargite Glyph Bricks
appliedenergistics2:facade:0, Cable Facade - Enargite Glyph Bricks
appliedenergistics2:facade:0, Cable Facade - Enargite Glyph Bricks
appliedenergistics2:facade:0, Cable Facade - Enargite Glyph Bricks
appliedenergistics2:facade:0, Cable Facade - Mechanist's Circle
appliedenergistics2:facade:0, Cable Facade - Strange Stone
appliedenergistics2:facade:0, Cable Facade - Strange Red Room Brick
appliedenergistics2:facade:0, Cable Facade - Red Room Brick
appliedenergistics2:facade:0, Cable Facade - Berzelianite Bricks
appliedenergistics2:facade:0, Cable Facade - Berzelianite Block
appliedenergistics2:facade:0, Cable Facade - Berzelianite Tile
appliedenergistics2:facade:0, Cable Facade - Berzelianite Cirlce
appliedenergistics2:facade:0, Cable Facade - Block of Niter
appliedenergistics2:facade:0, Cable Facade - Reinforced Block of Niter
appliedenergistics2:facade:0, Cable Facade - Block of Sulfur
appliedenergistics2:facade:0, Cable Facade - Block of Thorium-232
appliedenergistics2:facade:0, Cable Facade - Block of Thorium Fuel
appliedenergistics2:facade:0, Cable Facade - Block of Neptunium
appliedenergistics2:facade:0, Cable Facade - Block of Polonium-210
appliedenergistics2:facade:0, Cable Facade - Block of MOX Fuel
appliedenergistics2:facade:0, Cable Facade - Block of Plutonium
appliedenergistics2:facade:0, Cable Facade - Block of Plutonium-238
appliedenergistics2:facade:0, Cable Facade - Block of Plutonium-239
appliedenergistics2:facade:0, Cable Facade - Block of Plutonium-240
appliedenergistics2:facade:0, Cable Facade - Block of Reactor Grade Plutonium
appliedenergistics2:facade:0, Cable Facade - Block of Plutonium Fuel
appliedenergistics2:facade:0, Cable Facade - Block of Uranium
appliedenergistics2:facade:0, Cable Facade - Block of Uranium-233
appliedenergistics2:facade:0, Cable Facade - Block of Uranium-235
appliedenergistics2:facade:0, Cable Facade - Block of Uranium-238
appliedenergistics2:facade:0, Cable Facade - Block of Uranium Fuel
appliedenergistics2:facade:0, Cable Facade - Block of Titanium
appliedenergistics2:facade:0, Cable Facade - Block of Copper
appliedenergistics2:facade:0, Cable Facade - Block of Red Copper
appliedenergistics2:facade:0, Cable Facade - Block of Tungsten
appliedenergistics2:facade:0, Cable Facade - Block of Aluminium
appliedenergistics2:facade:0, Cable Facade - Block of Fluorite
appliedenergistics2:facade:0, Cable Facade - Block of Steel
appliedenergistics2:facade:0, Cable Facade - Block of Lead
appliedenergistics2:facade:0, Cable Facade - Block of Technetium Steel
appliedenergistics2:facade:0, Cable Facade - Block of Cadmium Steel
appliedenergistics2:facade:0, Cable Facade - Block of Cadmium
appliedenergistics2:facade:0, Cable Facade - Block of Bismuth
appliedenergistics2:facade:0, Cable Facade - Block of Coltan
appliedenergistics2:facade:0, Cable Facade - Block of Tantalium
appliedenergistics2:facade:0, Cable Facade - Block of Niobium
appliedenergistics2:facade:0, Cable Facade - Block of Trinitite
appliedenergistics2:facade:0, Cable Facade - Block of Beryllium
appliedenergistics2:facade:0, Cable Facade - Block of Schraranium
appliedenergistics2:facade:0, Cable Facade - Block of Schrabidium
appliedenergistics2:facade:0, Cable Facade - Block of Ferric Schrabidate
appliedenergistics2:facade:0, Cable Facade - Block of Solinium
appliedenergistics2:facade:0, Cable Facade - Block of Schrabidium Fuel
appliedenergistics2:facade:0, Cable Facade - Block of Gold-198
appliedenergistics2:facade:0, Cable Facade - Block of Euphemium
appliedenergistics2:facade:0, Cable Facade - Block of Dineutronium
appliedenergistics2:facade:0, Cable Facade - Schrabidium Cluster
appliedenergistics2:facade:0, Cable Facade - Euphemium-Etched Schrabidium Cluster
appliedenergistics2:facade:0, Cable Facade - Block of CMB Steel
appliedenergistics2:facade:0, Cable Facade - Block of Magnetized Tungsten
appliedenergistics2:facade:0, Cable Facade - Reinforced Block of Desh
appliedenergistics2:facade:0, Cable Facade - Reinforced Block of High-Speed Steel
appliedenergistics2:facade:0, Cable Facade - Block of Saturnite
appliedenergistics2:facade:0, Cable Facade - Tektite
appliedenergistics2:facade:0, Cable Facade - Osmiridium-Infused Tektite
appliedenergistics2:facade:0, Cable Facade - Scorched Dirt
appliedenergistics2:facade:0, Cable Facade - Crushed Obsidian
appliedenergistics2:facade:0, Cable Facade - Diamond Gravel
appliedenergistics2:facade:0, Cable Facade - Moon Turf
appliedenergistics2:facade:0, Cable Facade - Titanium Deco Block
appliedenergistics2:facade:0, Cable Facade - Red Copper Deco Block
appliedenergistics2:facade:0, Cable Facade - Tungsten Deco Block
appliedenergistics2:facade:0, Cable Facade - Aluminium Deco Block
appliedenergistics2:facade:0, Cable Facade - Steel Deco Block
appliedenergistics2:facade:0, Cable Facade - Rusty Steel Deco Block
appliedenergistics2:facade:0, Cable Facade - Lead Deco Block
appliedenergistics2:facade:0, Cable Facade - Beryllium Deco Block
appliedenergistics2:facade:0, Cable Facade - Asbestos Roof
appliedenergistics2:facade:0, Cable Facade - 2x2 RBMK Deco Block
appliedenergistics2:facade:0, Cable Facade - 1x1 RBMK Deco Block
appliedenergistics2:facade:0, Cable Facade - 2x2 RBMK Panel Deco Block
appliedenergistics2:facade:0, Cable Facade - 1x1 RBMK Panel Deco Block
appliedenergistics2:facade:0, Cable Facade - Hazmat Cloth Block
appliedenergistics2:facade:0, Cable Facade - Glyphid Hive Block
appliedenergistics2:facade:0, Cable Facade - Grown Glowing Shroom
appliedenergistics2:facade:0, Cable Facade - Grown Glowing Shroom Stem
appliedenergistics2:facade:0, Cable Facade - Block of Nuclear Waste
appliedenergistics2:facade:0, Cable Facade - Painted Block of Nuclear Waste
appliedenergistics2:facade:0, Cable Facade - Vitrified Block of Nuclear Waste
appliedenergistics2:facade:0, Cable Facade - Glowing Mycelium
appliedenergistics2:facade:0, Cable Facade - Dead Grass
appliedenergistics2:facade:0, Cable Facade - Trinitite Ore
appliedenergistics2:facade:0, Cable Facade - Red Trinitite Ore
appliedenergistics2:facade:0, Cable Facade - Charred Log
appliedenergistics2:facade:0, Cable Facade - Charred Wooden Planks
appliedenergistics2:facade:0, Cable Facade - Burning Grass
appliedenergistics2:facade:0, Cable Facade - Dead Dirt
appliedenergistics2:facade:0, Cable Facade - Oily Dirt
appliedenergistics2:facade:0, Cable Facade - Oily Sand
appliedenergistics2:facade:0, Cable Facade - Red Oily Sand
appliedenergistics2:facade:0, Cable Facade - Cracked Stone
appliedenergistics2:facade:0, Cable Facade - Frozen Grass
appliedenergistics2:facade:0, Cable Facade - Frozen Log
appliedenergistics2:facade:0, Cable Facade - Frozen Planks
appliedenergistics2:facade:0, Cable Facade - Frozen Dirt
appliedenergistics2:facade:0, Cable Facade - Block of Fallout
appliedenergistics2:facade:0, Cable Facade - Block of Boron
appliedenergistics2:facade:0, Cable Facade - Block of Lanthanium
appliedenergistics2:facade:0, Cable Facade - Block of Radium-226
appliedenergistics2:facade:0, Cable Facade - Block of Actinium
appliedenergistics2:facade:0, Cable Facade - Block of Tritium Cells
appliedenergistics2:facade:0, Cable Facade - Block of Semtex
appliedenergistics2:facade:0, Cable Facade - Block of C-4
appliedenergistics2:facade:0, Cable Facade - Block of S'more
appliedenergistics2:facade:0, Cable Facade - Block of Slag
appliedenergistics2:facade:0, Cable Facade - Slaked Sellafite
appliedenergistics2:facade:0, Cable Facade - Bedrock Sellafite
appliedenergistics2:facade:0, Cable Facade - Sellafite
appliedenergistics2:facade:0, Cable Facade - Block of Yellowcake
appliedenergistics2:facade:0, Cable Facade - §9Block of Starmetal§r
appliedenergistics2:facade:0, Cable Facade - Block of Polymer
appliedenergistics2:facade:0, Cable Facade - Block of Bakelite
appliedenergistics2:facade:0, Cable Facade - Block of Rubber
appliedenergistics2:facade:0, Cable Facade - Block of Asbestos
appliedenergistics2:facade:0, Cable Facade - Firebricks
appliedenergistics2:facade:0, Cable Facade - Block of Cobalt
appliedenergistics2:facade:0, Cable Facade - Block of Lithium
appliedenergistics2:facade:0, Cable Facade - Block of Zirconium
appliedenergistics2:facade:0, Cable Facade - Roll of Insulation
appliedenergistics2:facade:0, Cable Facade - Roll of Fiberglass
appliedenergistics2:facade:0, Cable Facade - Block of White Phosphorus
appliedenergistics2:facade:0, Cable Facade - Block of Red Phosphorus
appliedenergistics2:facade:0, Cable Facade - Foam
appliedenergistics2:facade:0, Cable Facade - Block of Coal Coke
appliedenergistics2:facade:0, Cable Facade - Block of Graphite
appliedenergistics2:facade:0, Cable Facade - Drilled Graphite
appliedenergistics2:facade:0, Cable Facade - Pile Control Rod
appliedenergistics2:facade:0, Cable Facade - Pile Lithium Fuel (Bred)
appliedenergistics2:facade:0, Cable Facade - Block of Australium
appliedenergistics2:facade:0, Cable Facade - Depth Bricks
appliedenergistics2:facade:0, Cable Facade - Depth Tiles
appliedenergistics2:facade:0, Cable Facade - Nether Depth Bricks
appliedenergistics2:facade:0, Cable Facade - Nether Depth Tiles
appliedenergistics2:facade:0, Cable Facade - DNT-Reinforced Depth Bricks
appliedenergistics2:facade:0, Cable Facade - Porous Stone
appliedenergistics2:facade:0, Cable Facade - Basalt
appliedenergistics2:facade:0, Cable Facade - Sulfur-Rich Basalt
appliedenergistics2:facade:0, Cable Facade - Smooth Basalt
appliedenergistics2:facade:0, Cable Facade - Basalt Bricks
appliedenergistics2:facade:0, Cable Facade - Polished Basalt
appliedenergistics2:facade:0, Cable Facade - Basalt Tiles
appliedenergistics2:facade:0, Cable Facade - Block of Nuka Cola Bottle Caps
appliedenergistics2:facade:0, Cable Facade - Dynamite
appliedenergistics2:facade:0, Cable Facade - Actual TNT
appliedenergistics2:facade:0, Cable Facade - Semtex
appliedenergistics2:facade:0, Cable Facade - C-4
appliedenergistics2:facade:0, Cable Facade - Fissure Bomb
appliedenergistics2:facade:0, Cable Facade - Flame War in a Box
appliedenergistics2:facade:0, Cable Facade - Levitation Bomb
appliedenergistics2:facade:0, Cable Facade - EMP Device
appliedenergistics2:facade:0, Cable Facade - Endothermic Bomb
appliedenergistics2:facade:0, Cable Facade - Exothermic Bomb
appliedenergistics2:facade:0, Cable Facade - Det Cord
appliedenergistics2:facade:0, Cable Facade - Mining Charge
appliedenergistics2:facade:0, Cable Facade - Explosive Charge
appliedenergistics2:facade:0, Cable Facade - N² Charge
appliedenergistics2:facade:0, Cable Facade - Nuclear Charge
appliedenergistics2:facade:0, Cable Facade - Balefire Charge
appliedenergistics2:facade:0, Cable Facade - Steel Machine Casing
appliedenergistics2:facade:0, Cable Facade - Steel Sheet
appliedenergistics2:facade:0, Cable Facade - Motor Block
appliedenergistics2:facade:0, Cable Facade - Tier 1 Circuit Block
appliedenergistics2:facade:0, Cable Facade - Neutron Flux Receiver
appliedenergistics2:facade:0, Cable Facade - Heat Receiver
appliedenergistics2:facade:0, Cable Facade - Custom Machine Structure Positioning Anchor
appliedenergistics2:facade:0, Cable Facade - Armor Modification Table
appliedenergistics2:facade:0, Cable Facade - Weapon Modification Table
appliedenergistics2:facade:0, Cable Facade - Ash
appliedenergistics2:facade:0, Cable Facade - Boron Sand
appliedenergistics2:facade:0, Cable Facade - Lead Sand
appliedenergistics2:facade:0, Cable Facade - Uranium Sand
appliedenergistics2:facade:0, Cable Facade - Polonium Sand
appliedenergistics2:facade:0, Cable Facade - Quartz Sand
appliedenergistics2:facade:0, Cable Facade - Gold Sand
appliedenergistics2:facade:0, Cable Facade - Gold-198 Sand
appliedenergistics2:facade:0, Cable Facade - Uranium Glass
appliedenergistics2:facade:0, Cable Facade - Trinity Glass
appliedenergistics2:facade:0, Cable Facade - Polonium Glass
appliedenergistics2:facade:0, Cable Facade - Boron Glass
appliedenergistics2:facade:0, Cable Facade - Lead Glass
appliedenergistics2:facade:0, Cable Facade - Ash Glass
appliedenergistics2:facade:0, Cable Facade - Quartz Glass
appliedenergistics2:facade:0, Cable Facade - Polarized Glass
appliedenergistics2:facade:0, Cable Facade - Silo Hatch Frame
appliedenergistics2:facade:0, Cable Facade - Silo Hatch Opener
appliedenergistics2:facade:0, Cable Facade - Supply Crate
appliedenergistics2:facade:0, Cable Facade - Weapon Crate
appliedenergistics2:facade:0, Cable Facade - Hazmat Crate
appliedenergistics2:facade:0, Cable Facade - Machine Crate
appliedenergistics2:facade:0, Cable Facade - Red Crate
appliedenergistics2:facade:0, Cable Facade - Enargite Crate
appliedenergistics2:facade:0, Cable Facade - Starmetal Crate
appliedenergistics2:facade:0, Cable Facade - Hbm's Nuclear Tech Mod Manual [LEGACY]
appliedenergistics2:facade:0, Cable Facade - 10k-20Hz Transformer
appliedenergistics2:facade:0, Cable Facade - 10k-1Hz Transformer
appliedenergistics2:facade:0, Cable Facade - DNT-20Hz Transformer
appliedenergistics2:facade:0, Cable Facade - DNT-1Hz Transformer
appliedenergistics2:facade:0, Cable Facade - Burner Press Preheater
appliedenergistics2:facade:0, Cable Facade - Nuclear Reactor (Old)
appliedenergistics2:facade:0, Cable Facade - RBMK Steam Connector
appliedenergistics2:facade:0, Cable Facade - RBMK Debris
appliedenergistics2:facade:0, Cable Facade - Flaming RBMK Debris
appliedenergistics2:facade:0, Cable Facade - Smoldering RBMK Debris
appliedenergistics2:facade:0, Cable Facade - Blackened RBMK Debris
appliedenergistics2:facade:0, Cable Facade - Corium
appliedenergistics2:facade:0, Cable Facade - Corebblestone
appliedenergistics2:facade:0, Cable Facade - Crude Oil Extraction Pipe
appliedenergistics2:facade:0, Cable Facade - Drill Pipe
appliedenergistics2:facade:0, Cable Facade - Teleportation Anchor
appliedenergistics2:facade:0, Cable Facade - High Energy Field Jammer
appliedenergistics2:facade:0, Cable Facade - Capacitor Bus
appliedenergistics2:facade:0, Cable Facade - Muffler
appliedenergistics2:facade:0, Cable Facade - Launch Pad Component Block
appliedenergistics2:facade:0, Cable Facade - Launch Pad Scaffold Block
appliedenergistics2:facade:0, Cable Facade - PWR Fuel Rod
appliedenergistics2:facade:0, Cable Facade - PWR Control Rod
appliedenergistics2:facade:0, Cable Facade - PWR Coolant Channel
appliedenergistics2:facade:0, Cable Facade - PWR Heat Exchanger
appliedenergistics2:facade:0, Cable Facade - PWR Heatsink
appliedenergistics2:facade:0, Cable Facade - PWR Neutron Source
appliedenergistics2:facade:0, Cable Facade - PWR Neutron Reflector
appliedenergistics2:facade:0, Cable Facade - PWR Pressure Vessel
appliedenergistics2:facade:0, Cable Facade - PWR Access Port
appliedenergistics2:facade:0, Cable Facade - Plasma Heater Component
appliedenergistics2:facade:0, Cable Facade - Duct Deco Block
appliedenergistics2:facade:0, Cable Facade - Fusion Reactor Control
appliedenergistics2:facade:0, Cable Facade - Superconducting BSCCO Coils
appliedenergistics2:facade:0, Cable Facade - ICF Stability Element
appliedenergistics2:facade:0, Cable Facade - ICF Laser Casing
appliedenergistics2:facade:0, Cable Facade - Watz Reaction Chamber
appliedenergistics2:facade:0, Cable Facade - Watz Reactor Supercooler
appliedenergistics2:facade:0, Cable Facade - Watz Stability Element
appliedenergistics2:facade:0, Cable Facade - Particle Accelerator Plating
appliedenergistics2:facade:0, Cable Facade - Particle Accelerator Plating (Blue)
appliedenergistics2:facade:0, Cable Facade - Particle Accelerator Plating (Black)
appliedenergistics2:facade:0, Cable Facade - Particle Accelerator Plating (YelloDye)
appliedenergistics2:facade:0, Cable Facade - Particle Accelerator Plating (Cool Hazard Stripes)
appliedenergistics2:facade:0, Cable Facade - Particle Accelerator Plating (VOLTZ)
appliedenergistics2:facade:0, Cable Facade - Particle Accelerator Plating (Window)
appliedenergistics2:facade:0, Cable Facade - Dense Superconducting Coil
appliedenergistics2:facade:0, Cable Facade - Dense Gold Coil
appliedenergistics2:facade:0, Cable Facade - Dense Neodymium Coil
appliedenergistics2:facade:0, Cable Facade - Dense 4000K Superconductor Coil
appliedenergistics2:facade:0, Cable Facade - Dense Schrabidic Coil
appliedenergistics2:facade:0, Cable Facade - Dense Schrabidate Coil
appliedenergistics2:facade:0, Cable Facade - Dense Starmetal Coil
appliedenergistics2:facade:0, Cable Facade - Dense Chlorophyte Coil
appliedenergistics2:facade:0, Cable Facade - Dense Mese Coil
appliedenergistics2:facade:0, Cable Facade - Particle Accelerator Analysis Chamber Wall
appliedenergistics2:facade:0, Cable Facade - Particle Accelerator Analysis Chamber Window
appliedenergistics2:facade:0, Cable Facade - Radiation Absorber
appliedenergistics2:facade:0, Cable Facade - Radiation Absorber (LEGACY)
appliedenergistics2:facade:0, Cable Facade - Enhanced Radiation Absorber (LEGACY)
appliedenergistics2:facade:0, Cable Facade - Advanced Radiation Absorber (LEGACY)
appliedenergistics2:facade:0, Cable Facade - Elite Radiation Absorber (LEGACY)
appliedenergistics2:facade:0, Cable Facade - Taint
appliedenergistics2:facade:0, Cable Facade - Cloud Residue
appliedenergistics2:facade:0, Cable Facade - Sulfurous Stone
appliedenergistics2:facade:0, Cable Facade - Ancient Scrap Metal
appliedenergistics2:facade:0, Cable Facade - Dirt
appliedenergistics2:facade:0, Cable Facade - Pink Log
appliedenergistics2:facade:0, Cable Facade - Pink Wood Planks
appliedenergistics2:facade:0, Cable Facade - Hollowed Hivecoral
appliedenergistics2:facade:0, Cable Facade - Infested Coral
appliedenergistics2:facade:0, Cable Facade - Reinforced Stone Bricks
appliedenergistics2:facade:0, Cable Facade - Reinforced Oak Wood Planks
appliedenergistics2:facade:0, Cable Facade - Reinforced Glass
appliedenergistics2:facade:0, Cable Facade - Stardust Ore
appliedenergistics2:crystal_seed:0, Certus Quartz Seed
appliedenergistics2:crystal_seed:600, Nether Quartz Seed
appliedenergistics2:crystal_seed:1200, Fluix Seed
appliedenergistics2:crystal_seed:0, Certus Quartz Seed
appliedenergistics2:crystal_seed:600, Nether Quartz Seed
appliedenergistics2:crystal_seed:1200, Fluix Seed
appliedenergistics2:crystal_seed:0, Certus Quartz Seed
appliedenergistics2:crystal_seed:600, Nether Quartz Seed
appliedenergistics2:crystal_seed:1200, Fluix Seed
appliedenergistics2:encoded_pattern, Encoded Pattern
appliedenergistics2:paint_ball:0, Paint Ball - White
appliedenergistics2:paint_ball:1, Paint Ball - Orange
appliedenergistics2:paint_ball:2, Paint Ball - Magenta
appliedenergistics2:paint_ball:3, Paint Ball - Light Blue
appliedenergistics2:paint_ball:4, Paint Ball - Yellow
appliedenergistics2:paint_ball:5, Paint Ball - Lime
appliedenergistics2:paint_ball:6, Paint Ball - Pink
appliedenergistics2:paint_ball:7, Paint Ball - Gray
appliedenergistics2:paint_ball:8, Paint Ball - Light Gray
appliedenergistics2:paint_ball:9, Paint Ball - Cyan
appliedenergistics2:paint_ball:10, Paint Ball - Purple
appliedenergistics2:paint_ball:11, Paint Ball - Blue
appliedenergistics2:paint_ball:12, Paint Ball - Brown
appliedenergistics2:paint_ball:13, Paint Ball - Green
appliedenergistics2:paint_ball:14, Paint Ball - Red
appliedenergistics2:paint_ball:15, Paint Ball - Black
appliedenergistics2:paint_ball:20, Paint Ball - Lumen White
appliedenergistics2:paint_ball:21, Paint Ball - Lumen Orange
appliedenergistics2:paint_ball:22, Paint Ball - Lumen Magenta
appliedenergistics2:paint_ball:23, Paint Ball - Lumen Light Blue
appliedenergistics2:paint_ball:24, Paint Ball - Lumen Yellow
appliedenergistics2:paint_ball:25, Paint Ball - Lumen Lime
appliedenergistics2:paint_ball:26, Paint Ball - Lumen Pink
appliedenergistics2:paint_ball:27, Paint Ball - Lumen Gray
appliedenergistics2:paint_ball:28, Paint Ball - Lumen Light Gray
appliedenergistics2:paint_ball:29, Paint Ball - Lumen Cyan
appliedenergistics2:paint_ball:30, Paint Ball - Lumen Purple
appliedenergistics2:paint_ball:31, Paint Ball - Lumen Blue
appliedenergistics2:paint_ball:32, Paint Ball - Lumen Brown
appliedenergistics2:paint_ball:33, Paint Ball - Lumen Green
appliedenergistics2:paint_ball:34, Paint Ball - Lumen Red
appliedenergistics2:paint_ball:35, Paint Ball - Lumen Black
appliedenergistics2:dummy_fluid_item, item.appliedenergistics2.dummy_fluid_item.name
appliedenergistics2:material:28, Advanced Card
appliedenergistics2:material:44, Annihilation Core
appliedenergistics2:material:25, Basic Card
appliedenergistics2:material:52, Blank Pattern
appliedenergistics2:material:23, Calculation Processor
appliedenergistics2:material:13, Inscriber Calculation Press
appliedenergistics2:material:16, Printed Calculation Circuit
appliedenergistics2:material:27, Capacity Card
appliedenergistics2:material:53, Crafting Card
appliedenergistics2:material:29, Fuzzy Card
appliedenergistics2:material:31, Inverter Card
appliedenergistics2:material:60, Magnet Card
appliedenergistics2:material:58, Pattern Expansion Card
appliedenergistics2:material:59, Quantum Link Card
appliedenergistics2:material:26, Redstone Card
appliedenergistics2:material:30, Acceleration Card
appliedenergistics2:material:61, Sticky Card
appliedenergistics2:material:34, §d128³§r Spatial Component
appliedenergistics2:material:37, §a16k§r ME Storage Component
appliedenergistics2:material:33, §916³§r Spatial Component
appliedenergistics2:material:35, §61k§r ME Storage Component
appliedenergistics2:material:32, §62³§r Spatial Component
appliedenergistics2:material:36, §e4k§r ME Storage Component
appliedenergistics2:material:38, §b64k§r ME Storage Component
appliedenergistics2:material:0, Certus Quartz Crystal
appliedenergistics2:material:1, Charged Certus Quartz Crystal
appliedenergistics2:material:2, Certus Quartz Dust
appliedenergistics2:material:39, ME Storage Housing
appliedenergistics2:material:46, Ender Dust
appliedenergistics2:material:24, Engineering Processor
appliedenergistics2:material:14, Inscriber Engineering Press
appliedenergistics2:material:17, Printed Engineering Circuit
appliedenergistics2:material:4, Flour
appliedenergistics2:material:56, §a16k§r ME Fluid Storage Component
appliedenergistics2:material:54, §61k§r ME Fluid Storage Component
appliedenergistics2:material:55, §e4k§r ME Fluid Storage Component
appliedenergistics2:material:57, §b64k§r ME Fluid Storage Component
appliedenergistics2:material:7, Fluix Crystal
appliedenergistics2:material:8, Fluix Dust
appliedenergistics2:material:9, Fluix Pearl
appliedenergistics2:material:43, Formation Core
appliedenergistics2:material:51, Gold Dust
appliedenergistics2:material:49, Iron Dust
appliedenergistics2:material:22, Logic Processor
appliedenergistics2:material:15, Inscriber Logic Press
appliedenergistics2:material:18, Printed Logic Circuit
appliedenergistics2:material:6, Matter Ball
appliedenergistics2:material:21, Inscriber Name Press
appliedenergistics2:material:3, Nether Quartz Dust
appliedenergistics2:material:10, Pure Certus Quartz Crystal
appliedenergistics2:material:12, Pure Fluix Crystal
appliedenergistics2:material:11, Pure Nether Quartz Crystal
appliedenergistics2:material:48, Quantum Entangled Singularity
appliedenergistics2:material:5, Silicon
appliedenergistics2:material:19, Inscriber Silicon Press
appliedenergistics2:material:20, Printed Silicon
appliedenergistics2:material:47, Singularity
appliedenergistics2:material:45, Sky Stone Dust
appliedenergistics2:material:41, Wireless Receiver
appliedenergistics2:material:42, Wireless Booster
appliedenergistics2:material:40, Wooden Gear
appliedenergistics2:part:300, ME Annihilation Plane
appliedenergistics2:part:120, Cable Anchor
appliedenergistics2:part:20, ME Covered Cable - White
appliedenergistics2:part:21, ME Covered Cable - Orange
appliedenergistics2:part:22, ME Covered Cable - Magenta
appliedenergistics2:part:23, ME Covered Cable - Light Blue
appliedenergistics2:part:24, ME Covered Cable - Yellow
appliedenergistics2:part:25, ME Covered Cable - Lime
appliedenergistics2:part:26, ME Covered Cable - Pink
appliedenergistics2:part:27, ME Covered Cable - Gray
appliedenergistics2:part:28, ME Covered Cable - Light Gray
appliedenergistics2:part:29, ME Covered Cable - Cyan
appliedenergistics2:part:30, ME Covered Cable - Purple
appliedenergistics2:part:31, ME Covered Cable - Blue
appliedenergistics2:part:32, ME Covered Cable - Brown
appliedenergistics2:part:33, ME Covered Cable - Green
appliedenergistics2:part:34, ME Covered Cable - Red
appliedenergistics2:part:35, ME Covered Cable - Black
appliedenergistics2:part:36, ME Covered Cable - Fluix
appliedenergistics2:part:500, ME Dense Covered Cable - White
appliedenergistics2:part:501, ME Dense Covered Cable - Orange
appliedenergistics2:part:502, ME Dense Covered Cable - Magenta
appliedenergistics2:part:503, ME Dense Covered Cable - Light Blue
appliedenergistics2:part:504, ME Dense Covered Cable - Yellow
appliedenergistics2:part:505, ME Dense Covered Cable - Lime
appliedenergistics2:part:506, ME Dense Covered Cable - Pink
appliedenergistics2:part:507, ME Dense Covered Cable - Gray
appliedenergistics2:part:508, ME Dense Covered Cable - Light Gray
appliedenergistics2:part:509, ME Dense Covered Cable - Cyan
appliedenergistics2:part:510, ME Dense Covered Cable - Purple
appliedenergistics2:part:511, ME Dense Covered Cable - Blue
appliedenergistics2:part:512, ME Dense Covered Cable - Brown
appliedenergistics2:part:513, ME Dense Covered Cable - Green
appliedenergistics2:part:514, ME Dense Covered Cable - Red
appliedenergistics2:part:515, ME Dense Covered Cable - Black
appliedenergistics2:part:516, ME Dense Covered Cable - Fluix
appliedenergistics2:part:60, ME Dense Smart Cable - White
appliedenergistics2:part:61, ME Dense Smart Cable - Orange
appliedenergistics2:part:62, ME Dense Smart Cable - Magenta
appliedenergistics2:part:63, ME Dense Smart Cable - Light Blue
appliedenergistics2:part:64, ME Dense Smart Cable - Yellow
appliedenergistics2:part:65, ME Dense Smart Cable - Lime
appliedenergistics2:part:66, ME Dense Smart Cable - Pink
appliedenergistics2:part:67, ME Dense Smart Cable - Gray
appliedenergistics2:part:68, ME Dense Smart Cable - Light Gray
appliedenergistics2:part:69, ME Dense Smart Cable - Cyan
appliedenergistics2:part:70, ME Dense Smart Cable - Purple
appliedenergistics2:part:71, ME Dense Smart Cable - Blue
appliedenergistics2:part:72, ME Dense Smart Cable - Brown
appliedenergistics2:part:73, ME Dense Smart Cable - Green
appliedenergistics2:part:74, ME Dense Smart Cable - Red
appliedenergistics2:part:75, ME Dense Smart Cable - Black
appliedenergistics2:part:76, ME Dense Smart Cable - Fluix
appliedenergistics2:part:0, ME Glass Cable - White
appliedenergistics2:part:1, ME Glass Cable - Orange
appliedenergistics2:part:2, ME Glass Cable - Magenta
appliedenergistics2:part:3, ME Glass Cable - Light Blue
appliedenergistics2:part:4, ME Glass Cable - Yellow
appliedenergistics2:part:5, ME Glass Cable - Lime
appliedenergistics2:part:6, ME Glass Cable - Pink
appliedenergistics2:part:7, ME Glass Cable - Gray
appliedenergistics2:part:8, ME Glass Cable - Light Gray
appliedenergistics2:part:9, ME Glass Cable - Cyan
appliedenergistics2:part:10, ME Glass Cable - Purple
appliedenergistics2:part:11, ME Glass Cable - Blue
appliedenergistics2:part:12, ME Glass Cable - Brown
appliedenergistics2:part:13, ME Glass Cable - Green
appliedenergistics2:part:14, ME Glass Cable - Red
appliedenergistics2:part:15, ME Glass Cable - Black
appliedenergistics2:part:16, ME Glass Cable - Fluix
appliedenergistics2:part:40, ME Smart Cable - White
appliedenergistics2:part:41, ME Smart Cable - Orange
appliedenergistics2:part:42, ME Smart Cable - Magenta
appliedenergistics2:part:43, ME Smart Cable - Light Blue
appliedenergistics2:part:44, ME Smart Cable - Yellow
appliedenergistics2:part:45, ME Smart Cable - Lime
appliedenergistics2:part:46, ME Smart Cable - Pink
appliedenergistics2:part:47, ME Smart Cable - Gray
appliedenergistics2:part:48, ME Smart Cable - Light Gray
appliedenergistics2:part:49, ME Smart Cable - Cyan
appliedenergistics2:part:50, ME Smart Cable - Purple
appliedenergistics2:part:51, ME Smart Cable - Blue
appliedenergistics2:part:52, ME Smart Cable - Brown
appliedenergistics2:part:53, ME Smart Cable - Green
appliedenergistics2:part:54, ME Smart Cable - Red
appliedenergistics2:part:55, ME Smart Cable - Black
appliedenergistics2:part:56, ME Smart Cable - Fluix
appliedenergistics2:part:420, ME Conversion Monitor
appliedenergistics2:part:360, ME Crafting Terminal
appliedenergistics2:part:200, Dark Illuminated Panel
appliedenergistics2:part:341, ME Extended Processing Pattern Terminal
appliedenergistics2:part:260, ME Export Bus
appliedenergistics2:part:302, ME Fluid Annihilation Plane
appliedenergistics2:part:261, ME Fluid Export Bus
appliedenergistics2:part:321, ME Fluid Formation Plane
appliedenergistics2:part:241, ME Fluid Import Bus
appliedenergistics2:part:441, ME Fluid Interface
appliedenergistics2:part:522, ME Fluid Interface Configuration Terminal
appliedenergistics2:part:281, ME Fluid Level Emitter
appliedenergistics2:part:221, ME Fluid Storage Bus
appliedenergistics2:part:520, ME Fluid Terminal
appliedenergistics2:part:320, ME Formation Plane
appliedenergistics2:part:301, ME Identity Annihilation Plane
appliedenergistics2:part:240, ME Import Bus
appliedenergistics2:part:440, ME Interface
appliedenergistics2:part:521, ME Interface Configuration Terminal
appliedenergistics2:part:480, ME Interface Terminal
appliedenergistics2:part:100, ME Inverted Toggle Bus
appliedenergistics2:part:280, ME Level Emitter
appliedenergistics2:part:160, Bright Illuminated Panel
appliedenergistics2:part:222, ME OreDict Storage Bus
appliedenergistics2:part:469, P2P Tunnel - FE
appliedenergistics2:part:463, P2P Tunnel - Fluid
appliedenergistics2:part:462, P2P Tunnel - Item
appliedenergistics2:part:467, P2P Tunnel - Light
appliedenergistics2:part:460, P2P Tunnel - ME
appliedenergistics2:part:461, P2P Tunnel - Redstone
appliedenergistics2:part:340, ME Pattern Terminal
appliedenergistics2:part:140, Quartz Fiber
appliedenergistics2:part:180, Illuminated Panel
appliedenergistics2:part:220, ME Storage Bus
appliedenergistics2:part:400, ME Storage Monitor
appliedenergistics2:part:380, ME Terminal
appliedenergistics2:part:80, ME Toggle Bus
baubles:ring:0, Miner's Ring
tconstruct:book, Materials and You
tconstruct:soil:0, Grout
tconstruct:soil:1, Green Slimy Mud
tconstruct:soil:2, Blue Slimy Mud
tconstruct:soil:3, Graveyard Soil
tconstruct:soil:4, Consecrated Soil
tconstruct:soil:5, Slimy Magma Mud
tconstruct:slime:1, Slime Block
tconstruct:slime:2, Slime Block
tconstruct:slime:3, Blood Slime Block
tconstruct:slime:4, Slime Block
tconstruct:slime_congealed:0, Congealed Slime Block
tconstruct:slime_congealed:1, Congealed Slime Block
tconstruct:slime_congealed:2, Congealed Slime Block
tconstruct:slime_congealed:3, Congealed Bloodblock
tconstruct:slime_congealed:4, Congealed Slime Block
tconstruct:ore:0, Cobalt Ore
tconstruct:ore:1, Ardite Ore
tconstruct:firewood:0, Lavawood
tconstruct:firewood:1, Firewood
tconstruct:deco_ground:0, Mud Bricks
tconstruct:clear_glass:0, Clear Glass
tconstruct:clear_stained_glass:0, Clear White Stained Glass
tconstruct:clear_stained_glass:1, Clear Orange Stained Glass
tconstruct:clear_stained_glass:2, Clear Magenta Stained Glass
tconstruct:clear_stained_glass:3, Clear Light Blue Stained Glass
tconstruct:clear_stained_glass:4, Clear Yellow Stained Glass
tconstruct:clear_stained_glass:5, Clear Light Green Stained Glass
tconstruct:clear_stained_glass:6, Clear Pink Stained Glass
tconstruct:clear_stained_glass:7, Clear Gray Stained Glass
tconstruct:clear_stained_glass:8, Clear Light Gray Stained Glass
tconstruct:clear_stained_glass:9, Clear Cyan Stained Glass
tconstruct:clear_stained_glass:10, Clear Purple Stained Glass
tconstruct:clear_stained_glass:11, Clear Blue Stained Glass
tconstruct:clear_stained_glass:12, Clear Brown Stained Glass
tconstruct:clear_stained_glass:13, Clear Green Stained Glass
tconstruct:clear_stained_glass:14, Clear Red Stained Glass
tconstruct:clear_stained_glass:15, Clear Black Stained Glass
tconstruct:deco_ground_slab:0, Mud Bricks Slab
tconstruct:firewood_slab:0, Lavawood Slab
tconstruct:firewood_slab:1, Firewood Slab
tconstruct:mudbrick_stairs:0, Mud Bricks Stairs
tconstruct:firewood_stairs:0, Firewood Stairs
tconstruct:lavawood_stairs:0, Lavawood Stairs
tconstruct:nuggets:0, Cobalt Nugget
tconstruct:nuggets:1, Ardite Nugget
tconstruct:nuggets:2, Manyullyn Nugget
tconstruct:nuggets:3, Knightslime Nugget
tconstruct:nuggets:4, Pigiron Nugget
tconstruct:ingots:0, Cobalt Ingot
tconstruct:ingots:1, Ardite Ingot
tconstruct:ingots:2, Manyullyn Ingot
tconstruct:ingots:3, Knightslime Ingot
tconstruct:ingots:4, Pigiron Ingot
tconstruct:materials:0, Seared Brick
tconstruct:materials:1, Mud Brick
tconstruct:materials:2, Dried Brick
tconstruct:materials:9, Green Slime Crystal
tconstruct:materials:10, Blue Slime Crystal
tconstruct:materials:11, Magma Slime Crystal
tconstruct:materials:12, Expander (Horizontal)
tconstruct:materials:13, Expander (Vertical)
tconstruct:materials:14, Reinforcement
tconstruct:materials:15, Silky Cloth
tconstruct:materials:16, Silky Jewel
tconstruct:materials:17, Necrotic Bone
tconstruct:materials:18, Ball of Moss
tconstruct:materials:19, Mending Moss
tconstruct:materials:50, Creative Modifier
tconstruct:edible:0, Bacon
tconstruct:edible:1, Slimeball
tconstruct:edible:2, Slimeball
tconstruct:edible:3, Coagulated Blood
tconstruct:edible:4, Slimeball
tconstruct:edible:5, Slimeball
tconstruct:edible:10, Monster Jerky
tconstruct:edible:11, Beef Jerky
tconstruct:edible:12, Chicken Jerky
tconstruct:edible:13, Bacon Jerky
tconstruct:edible:14, Mutton Jerky
tconstruct:edible:15, Rabbit Jerky
tconstruct:edible:20, Fish Jerky
tconstruct:edible:21, Salmon Jerky
tconstruct:edible:22, Clownfish Jerky
tconstruct:edible:23, Fugu Jerky
tconstruct:edible:30, Gelatinous Slime Drop
tconstruct:edible:31, Gelatinous Slime Drop
tconstruct:edible:32, Gelatinous Slime Drop
tconstruct:edible:33, Coagulated Blood Drop
tconstruct:edible:34, Gelatinous Slime Drop
tconstruct:metal:0, Block of Cobalt
tconstruct:metal:1, Block of Ardite
tconstruct:metal:2, Block of Manyullyn
tconstruct:metal:3, Block of Knightslime
tconstruct:metal:4, Block of Pigiron
tconstruct:metal:6, Silky Block of Jewel
tconstruct:slime_dirt:0, Green Slimy Dirt
tconstruct:slime_dirt:1, Blue Slimy Dirt
tconstruct:slime_dirt:2, Purple Slimy Dirt
tconstruct:slime_dirt:3, Magma Slimy Dirt
tconstruct:slime_grass:0, Slimy Grass
tconstruct:slime_grass:1, Green Slimy Grass
tconstruct:slime_grass:2, Blue Slimy Grass
tconstruct:slime_grass:3, Purple Slimy Grass
tconstruct:slime_grass:4, Magma Slimy Grass
tconstruct:slime_grass:5, Slimy Grass
tconstruct:slime_grass:6, Green Slimy Grass
tconstruct:slime_grass:7, Blue Slimy Grass
tconstruct:slime_grass:8, Purple Slimy Grass
tconstruct:slime_grass:9, Magma Slimy Grass
tconstruct:slime_grass:10, Slimy Grass
tconstruct:slime_grass:11, Green Slimy Grass
tconstruct:slime_grass:12, Blue Slimy Grass
tconstruct:slime_grass:13, Purple Slimy Grass
tconstruct:slime_grass:14, Magma Slimy Grass
tconstruct:slime_leaves:0, Slimy Leaves
tconstruct:slime_leaves:1, Slimy Leaves
tconstruct:slime_leaves:2, Slimy Leaves
tconstruct:slime_grass_tall:0, Tall Slimy Grass
tconstruct:slime_grass_tall:4, Tall Slimy Grass
tconstruct:slime_grass_tall:8, Tall Slimy Grass
tconstruct:slime_grass_tall:1, Slimy Fern
tconstruct:slime_grass_tall:5, Slimy Fern
tconstruct:slime_grass_tall:9, Slimy Fern
tconstruct:slime_sapling:0, Blue Slime Sapling
tconstruct:slime_sapling:1, Purple Slime Sapling
tconstruct:slime_sapling:2, Magma Slime Sapling
tconstruct:slime_vine_blue_end:0, Blue Slimy Vine
tconstruct:slime_vine_blue_mid:0, Blue Slimy Vine
tconstruct:slime_vine_blue:0, Blue Slimy Vine
tconstruct:slime_vine_purple_end:0, Purple Slimy Vine
tconstruct:slime_vine_purple_mid:0, Purple Slimy Vine
tconstruct:slime_vine_purple:0, Purple Slimy Vine
tconstruct:pattern:0, Blank Pattern
tconstruct:pattern:0, Sword Blade Pattern
tconstruct:pattern:0, Wide Guard Pattern
tconstruct:pattern:0, Shovel Head Pattern
tconstruct:pattern:0, Large Plate Pattern
tconstruct:pattern:0, Bowstring Pattern
tconstruct:pattern:0, Armor Trim Pattern
tconstruct:pattern:0, Binding Pattern
tconstruct:pattern:0, Boots Core Pattern
tconstruct:pattern:0, Hand Guard Pattern
tconstruct:pattern:0, Excavator Head Pattern
tconstruct:pattern:0, Knife Blade Pattern
tconstruct:pattern:0, Fletching Pattern
tconstruct:pattern:0, Cross Guard Pattern
tconstruct:pattern:0, Axe Head Pattern
tconstruct:pattern:0, Hammer Head Pattern
tconstruct:pattern:0, Polishing Kit Pattern
tconstruct:pattern:0, Arrow Head Pattern
tconstruct:pattern:0, Light Blade Pattern
tconstruct:pattern:0, Leggings Core Pattern
tconstruct:pattern:0, Helmet Core Pattern
tconstruct:pattern:0, Sign Plate Pattern
tconstruct:pattern:0, Sharpening Kit Pattern
tconstruct:pattern:0, Scythe Head Pattern
tconstruct:pattern:0, Large Sword Blade Pattern
tconstruct:pattern:0, Armor Plates Pattern
tconstruct:pattern:0, Pickaxe Head Pattern
tconstruct:pattern:0, Broad Axe Head Pattern
tconstruct:pattern:0, Tough Tool Rod Pattern
tconstruct:pattern:0, Chestplate Core Pattern
tconstruct:pattern:0, Shard Pattern
tconstruct:pattern:0, Tough Binding Pattern
tconstruct:pattern:0, Bowlimb Pattern
tconstruct:pattern:0, Tool Rod Pattern
tconstruct:pattern:0, Pan Pattern
tconstruct:pattern:0, Kama Head Pattern
tconstruct:pattern:0, Arrow Shaft Pattern
tconstruct:shard:0, Wooden Shard
tconstruct:shard:0, Stone Shard
tconstruct:shard:0, Flint Shard
tconstruct:shard:0, Cactus Shard
tconstruct:shard:0, Bone Shard
tconstruct:shard:0, Obsidian Shard
tconstruct:shard:0, Prismarine Shard
tconstruct:shard:0, End Shard
tconstruct:shard:0, Paper Shard
tconstruct:shard:0, Sponge Shard
tconstruct:shard:0, Firewood Shard
tconstruct:shard:0, Iron Shard
tconstruct:shard:0, Pig Iron Shard
tconstruct:shard:0, Knightslime Shard
tconstruct:shard:0, Slime Shard
tconstruct:shard:0, Slime Shard
tconstruct:shard:0, Magma Slime Shard
tconstruct:shard:0, Netherrack Shard
tconstruct:shard:0, Cobalt Shard
tconstruct:shard:0, Ardite Shard
tconstruct:shard:0, Manyullyn Shard
tconstruct:shard:0, Copper Shard
tconstruct:shard:0, Bronze Shard
tconstruct:shard:0, Lead Shard
tconstruct:shard:0, Silver Shard
tconstruct:shard:0, Electrum Shard
tconstruct:shard:0, Steel Shard
tconstruct:shard:0, Treated Wood Shard
tconstruct:shard:0, Constantan Shard
tconstruct:sharpening_kit:0, Wooden Sharpening Kit
tconstruct:sharpening_kit:0, Stone Sharpening Kit
tconstruct:sharpening_kit:0, Flint Sharpening Kit
tconstruct:sharpening_kit:0, Cactus Sharpening Kit
tconstruct:sharpening_kit:0, Bone Sharpening Kit
tconstruct:sharpening_kit:0, Obsidian Sharpening Kit
tconstruct:sharpening_kit:0, Prismarine Sharpening Kit
tconstruct:sharpening_kit:0, End Sharpening Kit
tconstruct:sharpening_kit:0, Paper Sharpening Kit
tconstruct:sharpening_kit:0, Sponge Sharpening Kit
tconstruct:sharpening_kit:0, Firewood Sharpening Kit
tconstruct:sharpening_kit:0, Iron Sharpening Kit
tconstruct:sharpening_kit:0, Pig Iron Sharpening Kit
tconstruct:sharpening_kit:0, Knightslime Sharpening Kit
tconstruct:sharpening_kit:0, Slime Sharpening Kit
tconstruct:sharpening_kit:0, Slime Sharpening Kit
tconstruct:sharpening_kit:0, Magma Slime Sharpening Kit
tconstruct:sharpening_kit:0, Netherrack Sharpening Kit
tconstruct:sharpening_kit:0, Cobalt Sharpening Kit
tconstruct:sharpening_kit:0, Ardite Sharpening Kit
tconstruct:sharpening_kit:0, Manyullyn Sharpening Kit
tconstruct:sharpening_kit:0, Copper Sharpening Kit
tconstruct:sharpening_kit:0, Bronze Sharpening Kit
tconstruct:sharpening_kit:0, Lead Sharpening Kit
tconstruct:sharpening_kit:0, Silver Sharpening Kit
tconstruct:sharpening_kit:0, Electrum Sharpening Kit
tconstruct:sharpening_kit:0, Steel Sharpening Kit
tconstruct:sharpening_kit:0, Certus Quartz Sharpening Kit
tconstruct:sharpening_kit:0, Fluix Crystal Sharpening Kit
tconstruct:sharpening_kit:0, Charged Certus Quartz Sharpening Kit
tconstruct:sharpening_kit:0, Starmetal Sharpening Kit
tconstruct:sharpening_kit:0, Glowstone Sharpening Kit
tconstruct:sharpening_kit:0, Zinc Sharpening Kit
tconstruct:sharpening_kit:0, Titanium Sharpening Kit
tconstruct:sharpening_kit:0, Iridium Sharpening Kit
tconstruct:sharpening_kit:0, Aluminum Sharpening Kit
tconstruct:sharpening_kit:0, Platinum Sharpening Kit
tconstruct:sharpening_kit:0, Invar Sharpening Kit
tconstruct:sharpening_kit:0, Amethyst Sharpening Kit
tconstruct:sharpening_kit:0, Ruby Sharpening Kit
tconstruct:sharpening_kit:0, Sapphire Sharpening Kit
tconstruct:sharpening_kit:0, Peridot Sharpening Kit
tconstruct:sharpening_kit:0, Yellorium Sharpening Kit
tconstruct:sharpening_kit:0, Cyanite Sharpening Kit
tconstruct:sharpening_kit:0, Ludicrite Sharpening Kit
tconstruct:sharpening_kit:0, Blutonium Sharpening Kit
tconstruct:sharpening_kit:0, Osmium Sharpening Kit
tconstruct:sharpening_kit:0, Refined Obsidian Sharpening Kit
tconstruct:sharpening_kit:0, Refined Glowstone Sharpening Kit
tconstruct:sharpening_kit:0, Thaumium Sharpening Kit
tconstruct:sharpening_kit:0, Lavium Sharpening Kit
tconstruct:sharpening_kit:0, Qivium Sharpening Kit
tconstruct:sharpening_kit:0, Treated Wood Sharpening Kit
tconstruct:sharpening_kit:0, Constantan Sharpening Kit
tconstruct:pick_head:0, Wooden Pickaxe Head
tconstruct:pick_head:0, Stone Pickaxe Head
tconstruct:pick_head:0, Flint Pickaxe Head
tconstruct:pick_head:0, Cactus Pickaxe Head
tconstruct:pick_head:0, Bone Pickaxe Head
tconstruct:pick_head:0, Obsidian Pickaxe Head
tconstruct:pick_head:0, Prismarine Pickaxe Head
tconstruct:pick_head:0, End Pickaxe Head
tconstruct:pick_head:0, Paper Pickaxe Head
tconstruct:pick_head:0, Sponge Pickaxe Head
tconstruct:pick_head:0, Firewood Pickaxe Head
tconstruct:pick_head:0, Iron Pickaxe Head
tconstruct:pick_head:0, Pig Iron Pickaxe Head
tconstruct:pick_head:0, Knightslime Pickaxe Head
tconstruct:pick_head:0, Slime Pickaxe Head
tconstruct:pick_head:0, Slime Pickaxe Head
tconstruct:pick_head:0, Magma Slime Pickaxe Head
tconstruct:pick_head:0, Netherrack Pickaxe Head
tconstruct:pick_head:0, Cobalt Pickaxe Head
tconstruct:pick_head:0, Ardite Pickaxe Head
tconstruct:pick_head:0, Manyullyn Pickaxe Head
tconstruct:pick_head:0, Copper Pickaxe Head
tconstruct:pick_head:0, Bronze Pickaxe Head
tconstruct:pick_head:0, Lead Pickaxe Head
tconstruct:pick_head:0, Silver Pickaxe Head
tconstruct:pick_head:0, Electrum Pickaxe Head
tconstruct:pick_head:0, Steel Pickaxe Head
tconstruct:pick_head:0, Certus Quartz Pickaxe Head
tconstruct:pick_head:0, Fluix Crystal Pickaxe Head
tconstruct:pick_head:0, Charged Certus Quartz Pickaxe Head
tconstruct:pick_head:0, Starmetal Pickaxe Head
tconstruct:pick_head:0, Glowstone Pickaxe Head
tconstruct:pick_head:0, Zinc Pickaxe Head
tconstruct:pick_head:0, Titanium Pickaxe Head
tconstruct:pick_head:0, Iridium Pickaxe Head
tconstruct:pick_head:0, Aluminum Pickaxe Head
tconstruct:pick_head:0, Platinum Pickaxe Head
tconstruct:pick_head:0, Invar Pickaxe Head
tconstruct:pick_head:0, Amethyst Pickaxe Head
tconstruct:pick_head:0, Ruby Pickaxe Head
tconstruct:pick_head:0, Sapphire Pickaxe Head
tconstruct:pick_head:0, Peridot Pickaxe Head
tconstruct:pick_head:0, Yellorium Pickaxe Head
tconstruct:pick_head:0, Cyanite Pickaxe Head
tconstruct:pick_head:0, Ludicrite Pickaxe Head
tconstruct:pick_head:0, Blutonium Pickaxe Head
tconstruct:pick_head:0, Osmium Pickaxe Head
tconstruct:pick_head:0, Refined Obsidian Pickaxe Head
tconstruct:pick_head:0, Refined Glowstone Pickaxe Head
tconstruct:pick_head:0, Thaumium Pickaxe Head
tconstruct:pick_head:0, Lavium Pickaxe Head
tconstruct:pick_head:0, Qivium Pickaxe Head
tconstruct:pick_head:0, Treated Wood Pickaxe Head
tconstruct:pick_head:0, Constantan Pickaxe Head
tconstruct:shovel_head:0, Wooden Shovel Head
tconstruct:shovel_head:0, Stone Shovel Head
tconstruct:shovel_head:0, Flint Shovel Head
tconstruct:shovel_head:0, Cactus Shovel Head
tconstruct:shovel_head:0, Bone Shovel Head
tconstruct:shovel_head:0, Obsidian Shovel Head
tconstruct:shovel_head:0, Prismarine Shovel Head
tconstruct:shovel_head:0, End Shovel Head
tconstruct:shovel_head:0, Paper Shovel Head
tconstruct:shovel_head:0, Sponge Shovel Head
tconstruct:shovel_head:0, Firewood Shovel Head
tconstruct:shovel_head:0, Iron Shovel Head
tconstruct:shovel_head:0, Pig Iron Shovel Head
tconstruct:shovel_head:0, Knightslime Shovel Head
tconstruct:shovel_head:0, Slime Shovel Head
tconstruct:shovel_head:0, Slime Shovel Head
tconstruct:shovel_head:0, Magma Slime Shovel Head
tconstruct:shovel_head:0, Netherrack Shovel Head
tconstruct:shovel_head:0, Cobalt Shovel Head
tconstruct:shovel_head:0, Ardite Shovel Head
tconstruct:shovel_head:0, Manyullyn Shovel Head
tconstruct:shovel_head:0, Copper Shovel Head
tconstruct:shovel_head:0, Bronze Shovel Head
tconstruct:shovel_head:0, Lead Shovel Head
tconstruct:shovel_head:0, Silver Shovel Head
tconstruct:shovel_head:0, Electrum Shovel Head
tconstruct:shovel_head:0, Steel Shovel Head
tconstruct:shovel_head:0, Certus Quartz Shovel Head
tconstruct:shovel_head:0, Fluix Crystal Shovel Head
tconstruct:shovel_head:0, Charged Certus Quartz Shovel Head
tconstruct:shovel_head:0, Starmetal Shovel Head
tconstruct:shovel_head:0, Glowstone Shovel Head
tconstruct:shovel_head:0, Zinc Shovel Head
tconstruct:shovel_head:0, Titanium Shovel Head
tconstruct:shovel_head:0, Iridium Shovel Head
tconstruct:shovel_head:0, Aluminum Shovel Head
tconstruct:shovel_head:0, Platinum Shovel Head
tconstruct:shovel_head:0, Invar Shovel Head
tconstruct:shovel_head:0, Amethyst Shovel Head
tconstruct:shovel_head:0, Ruby Shovel Head
tconstruct:shovel_head:0, Sapphire Shovel Head
tconstruct:shovel_head:0, Peridot Shovel Head
tconstruct:shovel_head:0, Yellorium Shovel Head
tconstruct:shovel_head:0, Cyanite Shovel Head
tconstruct:shovel_head:0, Ludicrite Shovel Head
tconstruct:shovel_head:0, Blutonium Shovel Head
tconstruct:shovel_head:0, Osmium Shovel Head
tconstruct:shovel_head:0, Refined Obsidian Shovel Head
tconstruct:shovel_head:0, Refined Glowstone Shovel Head
tconstruct:shovel_head:0, Thaumium Shovel Head
tconstruct:shovel_head:0, Lavium Shovel Head
tconstruct:shovel_head:0, Qivium Shovel Head
tconstruct:shovel_head:0, Treated Wood Shovel Head
tconstruct:shovel_head:0, Constantan Shovel Head
tconstruct:axe_head:0, Wooden Axe Head
tconstruct:axe_head:0, Stone Axe Head
tconstruct:axe_head:0, Flint Axe Head
tconstruct:axe_head:0, Cactus Axe Head
tconstruct:axe_head:0, Bone Axe Head
tconstruct:axe_head:0, Obsidian Axe Head
tconstruct:axe_head:0, Prismarine Axe Head
tconstruct:axe_head:0, End Axe Head
tconstruct:axe_head:0, Paper Axe Head
tconstruct:axe_head:0, Sponge Axe Head
tconstruct:axe_head:0, Firewood Axe Head
tconstruct:axe_head:0, Iron Axe Head
tconstruct:axe_head:0, Pig Iron Axe Head
tconstruct:axe_head:0, Knightslime Axe Head
tconstruct:axe_head:0, Slime Axe Head
tconstruct:axe_head:0, Slime Axe Head
tconstruct:axe_head:0, Magma Slime Axe Head
tconstruct:axe_head:0, Netherrack Axe Head
tconstruct:axe_head:0, Cobalt Axe Head
tconstruct:axe_head:0, Ardite Axe Head
tconstruct:axe_head:0, Manyullyn Axe Head
tconstruct:axe_head:0, Copper Axe Head
tconstruct:axe_head:0, Bronze Axe Head
tconstruct:axe_head:0, Lead Axe Head
tconstruct:axe_head:0, Silver Axe Head
tconstruct:axe_head:0, Electrum Axe Head
tconstruct:axe_head:0, Steel Axe Head
tconstruct:axe_head:0, Certus Quartz Axe Head
tconstruct:axe_head:0, Fluix Crystal Axe Head
tconstruct:axe_head:0, Charged Certus Quartz Axe Head
tconstruct:axe_head:0, Starmetal Axe Head
tconstruct:axe_head:0, Glowstone Axe Head
tconstruct:axe_head:0, Zinc Axe Head
tconstruct:axe_head:0, Titanium Axe Head
tconstruct:axe_head:0, Iridium Axe Head
tconstruct:axe_head:0, Aluminum Axe Head
tconstruct:axe_head:0, Platinum Axe Head
tconstruct:axe_head:0, Invar Axe Head
tconstruct:axe_head:0, Amethyst Axe Head
tconstruct:axe_head:0, Ruby Axe Head
tconstruct:axe_head:0, Sapphire Axe Head
tconstruct:axe_head:0, Peridot Axe Head
tconstruct:axe_head:0, Yellorium Axe Head
tconstruct:axe_head:0, Cyanite Axe Head
tconstruct:axe_head:0, Ludicrite Axe Head
tconstruct:axe_head:0, Blutonium Axe Head
tconstruct:axe_head:0, Osmium Axe Head
tconstruct:axe_head:0, Refined Obsidian Axe Head
tconstruct:axe_head:0, Refined Glowstone Axe Head
tconstruct:axe_head:0, Thaumium Axe Head
tconstruct:axe_head:0, Lavium Axe Head
tconstruct:axe_head:0, Qivium Axe Head
tconstruct:axe_head:0, Treated Wood Axe Head
tconstruct:axe_head:0, Constantan Axe Head
tconstruct:broad_axe_head:0, Wooden Broad Axe Head
tconstruct:broad_axe_head:0, Stone Broad Axe Head
tconstruct:broad_axe_head:0, Flint Broad Axe Head
tconstruct:broad_axe_head:0, Cactus Broad Axe Head
tconstruct:broad_axe_head:0, Bone Broad Axe Head
tconstruct:broad_axe_head:0, Obsidian Broad Axe Head
tconstruct:broad_axe_head:0, Prismarine Broad Axe Head
tconstruct:broad_axe_head:0, End Broad Axe Head
tconstruct:broad_axe_head:0, Paper Broad Axe Head
tconstruct:broad_axe_head:0, Sponge Broad Axe Head
tconstruct:broad_axe_head:0, Firewood Broad Axe Head
tconstruct:broad_axe_head:0, Iron Broad Axe Head
tconstruct:broad_axe_head:0, Pig Iron Broad Axe Head
tconstruct:broad_axe_head:0, Knightslime Broad Axe Head
tconstruct:broad_axe_head:0, Slime Broad Axe Head
tconstruct:broad_axe_head:0, Slime Broad Axe Head
tconstruct:broad_axe_head:0, Magma Slime Broad Axe Head
tconstruct:broad_axe_head:0, Netherrack Broad Axe Head
tconstruct:broad_axe_head:0, Cobalt Broad Axe Head
tconstruct:broad_axe_head:0, Ardite Broad Axe Head
tconstruct:broad_axe_head:0, Manyullyn Broad Axe Head
tconstruct:broad_axe_head:0, Copper Broad Axe Head
tconstruct:broad_axe_head:0, Bronze Broad Axe Head
tconstruct:broad_axe_head:0, Lead Broad Axe Head
tconstruct:broad_axe_head:0, Silver Broad Axe Head
tconstruct:broad_axe_head:0, Electrum Broad Axe Head
tconstruct:broad_axe_head:0, Steel Broad Axe Head
tconstruct:broad_axe_head:0, Certus Quartz Broad Axe Head
tconstruct:broad_axe_head:0, Fluix Crystal Broad Axe Head
tconstruct:broad_axe_head:0, Charged Certus Quartz Broad Axe Head
tconstruct:broad_axe_head:0, Starmetal Broad Axe Head
tconstruct:broad_axe_head:0, Glowstone Broad Axe Head
tconstruct:broad_axe_head:0, Zinc Broad Axe Head
tconstruct:broad_axe_head:0, Titanium Broad Axe Head
tconstruct:broad_axe_head:0, Iridium Broad Axe Head
tconstruct:broad_axe_head:0, Aluminum Broad Axe Head
tconstruct:broad_axe_head:0, Platinum Broad Axe Head
tconstruct:broad_axe_head:0, Invar Broad Axe Head
tconstruct:broad_axe_head:0, Amethyst Broad Axe Head
tconstruct:broad_axe_head:0, Ruby Broad Axe Head
tconstruct:broad_axe_head:0, Sapphire Broad Axe Head
tconstruct:broad_axe_head:0, Peridot Broad Axe Head
tconstruct:broad_axe_head:0, Yellorium Broad Axe Head
tconstruct:broad_axe_head:0, Cyanite Broad Axe Head
tconstruct:broad_axe_head:0, Ludicrite Broad Axe Head
tconstruct:broad_axe_head:0, Blutonium Broad Axe Head
tconstruct:broad_axe_head:0, Osmium Broad Axe Head
tconstruct:broad_axe_head:0, Refined Obsidian Broad Axe Head
tconstruct:broad_axe_head:0, Refined Glowstone Broad Axe Head
tconstruct:broad_axe_head:0, Thaumium Broad Axe Head
tconstruct:broad_axe_head:0, Lavium Broad Axe Head
tconstruct:broad_axe_head:0, Qivium Broad Axe Head
tconstruct:broad_axe_head:0, Treated Wood Broad Axe Head
tconstruct:broad_axe_head:0, Constantan Broad Axe Head
tconstruct:sword_blade:0, Wooden Sword Blade
tconstruct:sword_blade:0, Stone Sword Blade
tconstruct:sword_blade:0, Flint Sword Blade
tconstruct:sword_blade:0, Cactus Sword Blade
tconstruct:sword_blade:0, Bone Sword Blade
tconstruct:sword_blade:0, Obsidian Sword Blade
tconstruct:sword_blade:0, Prismarine Sword Blade
tconstruct:sword_blade:0, End Sword Blade
tconstruct:sword_blade:0, Paper Sword Blade
tconstruct:sword_blade:0, Sponge Sword Blade
tconstruct:sword_blade:0, Firewood Sword Blade
tconstruct:sword_blade:0, Iron Sword Blade
tconstruct:sword_blade:0, Pig Iron Sword Blade
tconstruct:sword_blade:0, Knightslime Sword Blade
tconstruct:sword_blade:0, Slime Sword Blade
tconstruct:sword_blade:0, Slime Sword Blade
tconstruct:sword_blade:0, Magma Slime Sword Blade
tconstruct:sword_blade:0, Netherrack Sword Blade
tconstruct:sword_blade:0, Cobalt Sword Blade
tconstruct:sword_blade:0, Ardite Sword Blade
tconstruct:sword_blade:0, Manyullyn Sword Blade
tconstruct:sword_blade:0, Copper Sword Blade
tconstruct:sword_blade:0, Bronze Sword Blade
tconstruct:sword_blade:0, Lead Sword Blade
tconstruct:sword_blade:0, Silver Sword Blade
tconstruct:sword_blade:0, Electrum Sword Blade
tconstruct:sword_blade:0, Steel Sword Blade
tconstruct:sword_blade:0, Certus Quartz Sword Blade
tconstruct:sword_blade:0, Fluix Crystal Sword Blade
tconstruct:sword_blade:0, Charged Certus Quartz Sword Blade
tconstruct:sword_blade:0, Starmetal Sword Blade
tconstruct:sword_blade:0, Glowstone Sword Blade
tconstruct:sword_blade:0, Zinc Sword Blade
tconstruct:sword_blade:0, Titanium Sword Blade
tconstruct:sword_blade:0, Iridium Sword Blade
tconstruct:sword_blade:0, Aluminum Sword Blade
tconstruct:sword_blade:0, Platinum Sword Blade
tconstruct:sword_blade:0, Invar Sword Blade
tconstruct:sword_blade:0, Amethyst Sword Blade
tconstruct:sword_blade:0, Ruby Sword Blade
tconstruct:sword_blade:0, Sapphire Sword Blade
tconstruct:sword_blade:0, Peridot Sword Blade
tconstruct:sword_blade:0, Yellorium Sword Blade
tconstruct:sword_blade:0, Cyanite Sword Blade
tconstruct:sword_blade:0, Ludicrite Sword Blade
tconstruct:sword_blade:0, Blutonium Sword Blade
tconstruct:sword_blade:0, Osmium Sword Blade
tconstruct:sword_blade:0, Refined Obsidian Sword Blade
tconstruct:sword_blade:0, Refined Glowstone Sword Blade
tconstruct:sword_blade:0, Thaumium Sword Blade
tconstruct:sword_blade:0, Lavium Sword Blade
tconstruct:sword_blade:0, Qivium Sword Blade
tconstruct:sword_blade:0, Treated Wood Sword Blade
tconstruct:sword_blade:0, Constantan Sword Blade
tconstruct:large_sword_blade:0, Wooden Large Sword Blade
tconstruct:large_sword_blade:0, Stone Large Sword Blade
tconstruct:large_sword_blade:0, Flint Large Sword Blade
tconstruct:large_sword_blade:0, Cactus Large Sword Blade
tconstruct:large_sword_blade:0, Bone Large Sword Blade
tconstruct:large_sword_blade:0, Obsidian Large Sword Blade
tconstruct:large_sword_blade:0, Prismarine Large Sword Blade
tconstruct:large_sword_blade:0, End Large Sword Blade
tconstruct:large_sword_blade:0, Paper Large Sword Blade
tconstruct:large_sword_blade:0, Sponge Large Sword Blade
tconstruct:large_sword_blade:0, Firewood Large Sword Blade
tconstruct:large_sword_blade:0, Iron Large Sword Blade
tconstruct:large_sword_blade:0, Pig Iron Large Sword Blade
tconstruct:large_sword_blade:0, Knightslime Large Sword Blade
tconstruct:large_sword_blade:0, Slime Large Sword Blade
tconstruct:large_sword_blade:0, Slime Large Sword Blade
tconstruct:large_sword_blade:0, Magma Slime Large Sword Blade
tconstruct:large_sword_blade:0, Netherrack Large Sword Blade
tconstruct:large_sword_blade:0, Cobalt Large Sword Blade
tconstruct:large_sword_blade:0, Ardite Large Sword Blade
tconstruct:large_sword_blade:0, Manyullyn Large Sword Blade
tconstruct:large_sword_blade:0, Copper Large Sword Blade
tconstruct:large_sword_blade:0, Bronze Large Sword Blade
tconstruct:large_sword_blade:0, Lead Large Sword Blade
tconstruct:large_sword_blade:0, Silver Large Sword Blade
tconstruct:large_sword_blade:0, Electrum Large Sword Blade
tconstruct:large_sword_blade:0, Steel Large Sword Blade
tconstruct:large_sword_blade:0, Certus Quartz Large Sword Blade
tconstruct:large_sword_blade:0, Fluix Crystal Large Sword Blade
tconstruct:large_sword_blade:0, Charged Certus Quartz Large Sword Blade
tconstruct:large_sword_blade:0, Starmetal Large Sword Blade
tconstruct:large_sword_blade:0, Glowstone Large Sword Blade
tconstruct:large_sword_blade:0, Zinc Large Sword Blade
tconstruct:large_sword_blade:0, Titanium Large Sword Blade
tconstruct:large_sword_blade:0, Iridium Large Sword Blade
tconstruct:large_sword_blade:0, Aluminum Large Sword Blade
tconstruct:large_sword_blade:0, Platinum Large Sword Blade
tconstruct:large_sword_blade:0, Invar Large Sword Blade
tconstruct:large_sword_blade:0, Amethyst Large Sword Blade
tconstruct:large_sword_blade:0, Ruby Large Sword Blade
tconstruct:large_sword_blade:0, Sapphire Large Sword Blade
tconstruct:large_sword_blade:0, Peridot Large Sword Blade
tconstruct:large_sword_blade:0, Yellorium Large Sword Blade
tconstruct:large_sword_blade:0, Cyanite Large Sword Blade
tconstruct:large_sword_blade:0, Ludicrite Large Sword Blade
tconstruct:large_sword_blade:0, Blutonium Large Sword Blade
tconstruct:large_sword_blade:0, Osmium Large Sword Blade
tconstruct:large_sword_blade:0, Refined Obsidian Large Sword Blade
tconstruct:large_sword_blade:0, Refined Glowstone Large Sword Blade
tconstruct:large_sword_blade:0, Thaumium Large Sword Blade
tconstruct:large_sword_blade:0, Lavium Large Sword Blade
tconstruct:large_sword_blade:0, Qivium Large Sword Blade
tconstruct:large_sword_blade:0, Treated Wood Large Sword Blade
tconstruct:large_sword_blade:0, Constantan Large Sword Blade
tconstruct:hammer_head:0, Wooden Hammer Head
tconstruct:hammer_head:0, Stone Hammer Head
tconstruct:hammer_head:0, Flint Hammer Head
tconstruct:hammer_head:0, Cactus Hammer Head
tconstruct:hammer_head:0, Bone Hammer Head
tconstruct:hammer_head:0, Obsidian Hammer Head
tconstruct:hammer_head:0, Prismarine Hammer Head
tconstruct:hammer_head:0, End Hammer Head
tconstruct:hammer_head:0, Paper Hammer Head
tconstruct:hammer_head:0, Sponge Hammer Head
tconstruct:hammer_head:0, Firewood Hammer Head
tconstruct:hammer_head:0, Iron Hammer Head
tconstruct:hammer_head:0, Pig Iron Hammer Head
tconstruct:hammer_head:0, Knightslime Hammer Head
tconstruct:hammer_head:0, Slime Hammer Head
tconstruct:hammer_head:0, Slime Hammer Head
tconstruct:hammer_head:0, Magma Slime Hammer Head
tconstruct:hammer_head:0, Netherrack Hammer Head
tconstruct:hammer_head:0, Cobalt Hammer Head
tconstruct:hammer_head:0, Ardite Hammer Head
tconstruct:hammer_head:0, Manyullyn Hammer Head
tconstruct:hammer_head:0, Copper Hammer Head
tconstruct:hammer_head:0, Bronze Hammer Head
tconstruct:hammer_head:0, Lead Hammer Head
tconstruct:hammer_head:0, Silver Hammer Head
tconstruct:hammer_head:0, Electrum Hammer Head
tconstruct:hammer_head:0, Steel Hammer Head
tconstruct:hammer_head:0, Certus Quartz Hammer Head
tconstruct:hammer_head:0, Fluix Crystal Hammer Head
tconstruct:hammer_head:0, Charged Certus Quartz Hammer Head
tconstruct:hammer_head:0, Starmetal Hammer Head
tconstruct:hammer_head:0, Glowstone Hammer Head
tconstruct:hammer_head:0, Zinc Hammer Head
tconstruct:hammer_head:0, Titanium Hammer Head
tconstruct:hammer_head:0, Iridium Hammer Head
tconstruct:hammer_head:0, Aluminum Hammer Head
tconstruct:hammer_head:0, Platinum Hammer Head
tconstruct:hammer_head:0, Invar Hammer Head
tconstruct:hammer_head:0, Amethyst Hammer Head
tconstruct:hammer_head:0, Ruby Hammer Head
tconstruct:hammer_head:0, Sapphire Hammer Head
tconstruct:hammer_head:0, Peridot Hammer Head
tconstruct:hammer_head:0, Yellorium Hammer Head
tconstruct:hammer_head:0, Cyanite Hammer Head
tconstruct:hammer_head:0, Ludicrite Hammer Head
tconstruct:hammer_head:0, Blutonium Hammer Head
tconstruct:hammer_head:0, Osmium Hammer Head
tconstruct:hammer_head:0, Refined Obsidian Hammer Head
tconstruct:hammer_head:0, Refined Glowstone Hammer Head
tconstruct:hammer_head:0, Thaumium Hammer Head
tconstruct:hammer_head:0, Lavium Hammer Head
tconstruct:hammer_head:0, Qivium Hammer Head
tconstruct:hammer_head:0, Treated Wood Hammer Head
tconstruct:hammer_head:0, Constantan Hammer Head
tconstruct:excavator_head:0, Wooden Excavator Head
tconstruct:excavator_head:0, Stone Excavator Head
tconstruct:excavator_head:0, Flint Excavator Head
tconstruct:excavator_head:0, Cactus Excavator Head
tconstruct:excavator_head:0, Bone Excavator Head
tconstruct:excavator_head:0, Obsidian Excavator Head
tconstruct:excavator_head:0, Prismarine Excavator Head
tconstruct:excavator_head:0, End Excavator Head
tconstruct:excavator_head:0, Paper Excavator Head
tconstruct:excavator_head:0, Sponge Excavator Head
tconstruct:excavator_head:0, Firewood Excavator Head
tconstruct:excavator_head:0, Iron Excavator Head
tconstruct:excavator_head:0, Pig Iron Excavator Head
tconstruct:excavator_head:0, Knightslime Excavator Head
tconstruct:excavator_head:0, Slime Excavator Head
tconstruct:excavator_head:0, Slime Excavator Head
tconstruct:excavator_head:0, Magma Slime Excavator Head
tconstruct:excavator_head:0, Netherrack Excavator Head
tconstruct:excavator_head:0, Cobalt Excavator Head
tconstruct:excavator_head:0, Ardite Excavator Head
tconstruct:excavator_head:0, Manyullyn Excavator Head
tconstruct:excavator_head:0, Copper Excavator Head
tconstruct:excavator_head:0, Bronze Excavator Head
tconstruct:excavator_head:0, Lead Excavator Head
tconstruct:excavator_head:0, Silver Excavator Head
tconstruct:excavator_head:0, Electrum Excavator Head
tconstruct:excavator_head:0, Steel Excavator Head
tconstruct:excavator_head:0, Certus Quartz Excavator Head
tconstruct:excavator_head:0, Fluix Crystal Excavator Head
tconstruct:excavator_head:0, Charged Certus Quartz Excavator Head
tconstruct:excavator_head:0, Starmetal Excavator Head
tconstruct:excavator_head:0, Glowstone Excavator Head
tconstruct:excavator_head:0, Zinc Excavator Head
tconstruct:excavator_head:0, Titanium Excavator Head
tconstruct:excavator_head:0, Iridium Excavator Head
tconstruct:excavator_head:0, Aluminum Excavator Head
tconstruct:excavator_head:0, Platinum Excavator Head
tconstruct:excavator_head:0, Invar Excavator Head
tconstruct:excavator_head:0, Amethyst Excavator Head
tconstruct:excavator_head:0, Ruby Excavator Head
tconstruct:excavator_head:0, Sapphire Excavator Head
tconstruct:excavator_head:0, Peridot Excavator Head
tconstruct:excavator_head:0, Yellorium Excavator Head
tconstruct:excavator_head:0, Cyanite Excavator Head
tconstruct:excavator_head:0, Ludicrite Excavator Head
tconstruct:excavator_head:0, Blutonium Excavator Head
tconstruct:excavator_head:0, Osmium Excavator Head
tconstruct:excavator_head:0, Refined Obsidian Excavator Head
tconstruct:excavator_head:0, Refined Glowstone Excavator Head
tconstruct:excavator_head:0, Thaumium Excavator Head
tconstruct:excavator_head:0, Lavium Excavator Head
tconstruct:excavator_head:0, Qivium Excavator Head
tconstruct:excavator_head:0, Treated Wood Excavator Head
tconstruct:excavator_head:0, Constantan Excavator Head
tconstruct:kama_head:0, Wooden Kama Head
tconstruct:kama_head:0, Stone Kama Head
tconstruct:kama_head:0, Flint Kama Head
tconstruct:kama_head:0, Cactus Kama Head
tconstruct:kama_head:0, Bone Kama Head
tconstruct:kama_head:0, Obsidian Kama Head
tconstruct:kama_head:0, Prismarine Kama Head
tconstruct:kama_head:0, End Kama Head
tconstruct:kama_head:0, Paper Kama Head
tconstruct:kama_head:0, Sponge Kama Head
tconstruct:kama_head:0, Firewood Kama Head
tconstruct:kama_head:0, Iron Kama Head
tconstruct:kama_head:0, Pig Iron Kama Head
tconstruct:kama_head:0, Knightslime Kama Head
tconstruct:kama_head:0, Slime Kama Head
tconstruct:kama_head:0, Slime Kama Head
tconstruct:kama_head:0, Magma Slime Kama Head
tconstruct:kama_head:0, Netherrack Kama Head
tconstruct:kama_head:0, Cobalt Kama Head
tconstruct:kama_head:0, Ardite Kama Head
tconstruct:kama_head:0, Manyullyn Kama Head
tconstruct:kama_head:0, Copper Kama Head
tconstruct:kama_head:0, Bronze Kama Head
tconstruct:kama_head:0, Lead Kama Head
tconstruct:kama_head:0, Silver Kama Head
tconstruct:kama_head:0, Electrum Kama Head
tconstruct:kama_head:0, Steel Kama Head
tconstruct:kama_head:0, Certus Quartz Kama Head
tconstruct:kama_head:0, Fluix Crystal Kama Head
tconstruct:kama_head:0, Charged Certus Quartz Kama Head
tconstruct:kama_head:0, Starmetal Kama Head
tconstruct:kama_head:0, Glowstone Kama Head
tconstruct:kama_head:0, Zinc Kama Head
tconstruct:kama_head:0, Titanium Kama Head
tconstruct:kama_head:0, Iridium Kama Head
tconstruct:kama_head:0, Aluminum Kama Head
tconstruct:kama_head:0, Platinum Kama Head
tconstruct:kama_head:0, Invar Kama Head
tconstruct:kama_head:0, Amethyst Kama Head
tconstruct:kama_head:0, Ruby Kama Head
tconstruct:kama_head:0, Sapphire Kama Head
tconstruct:kama_head:0, Peridot Kama Head
tconstruct:kama_head:0, Yellorium Kama Head
tconstruct:kama_head:0, Cyanite Kama Head
tconstruct:kama_head:0, Ludicrite Kama Head
tconstruct:kama_head:0, Blutonium Kama Head
tconstruct:kama_head:0, Osmium Kama Head
tconstruct:kama_head:0, Refined Obsidian Kama Head
tconstruct:kama_head:0, Refined Glowstone Kama Head
tconstruct:kama_head:0, Thaumium Kama Head
tconstruct:kama_head:0, Lavium Kama Head
tconstruct:kama_head:0, Qivium Kama Head
tconstruct:kama_head:0, Treated Wood Kama Head
tconstruct:kama_head:0, Constantan Kama Head
tconstruct:scythe_head:0, Wooden Scythe Head
tconstruct:scythe_head:0, Stone Scythe Head
tconstruct:scythe_head:0, Flint Scythe Head
tconstruct:scythe_head:0, Cactus Scythe Head
tconstruct:scythe_head:0, Bone Scythe Head
tconstruct:scythe_head:0, Obsidian Scythe Head
tconstruct:scythe_head:0, Prismarine Scythe Head
tconstruct:scythe_head:0, End Scythe Head
tconstruct:scythe_head:0, Paper Scythe Head
tconstruct:scythe_head:0, Sponge Scythe Head
tconstruct:scythe_head:0, Firewood Scythe Head
tconstruct:scythe_head:0, Iron Scythe Head
tconstruct:scythe_head:0, Pig Iron Scythe Head
tconstruct:scythe_head:0, Knightslime Scythe Head
tconstruct:scythe_head:0, Slime Scythe Head
tconstruct:scythe_head:0, Slime Scythe Head
tconstruct:scythe_head:0, Magma Slime Scythe Head
tconstruct:scythe_head:0, Netherrack Scythe Head
tconstruct:scythe_head:0, Cobalt Scythe Head
tconstruct:scythe_head:0, Ardite Scythe Head
tconstruct:scythe_head:0, Manyullyn Scythe Head
tconstruct:scythe_head:0, Copper Scythe Head
tconstruct:scythe_head:0, Bronze Scythe Head
tconstruct:scythe_head:0, Lead Scythe Head
tconstruct:scythe_head:0, Silver Scythe Head
tconstruct:scythe_head:0, Electrum Scythe Head
tconstruct:scythe_head:0, Steel Scythe Head
tconstruct:scythe_head:0, Certus Quartz Scythe Head
tconstruct:scythe_head:0, Fluix Crystal Scythe Head
tconstruct:scythe_head:0, Charged Certus Quartz Scythe Head
tconstruct:scythe_head:0, Starmetal Scythe Head
tconstruct:scythe_head:0, Glowstone Scythe Head
tconstruct:scythe_head:0, Zinc Scythe Head
tconstruct:scythe_head:0, Titanium Scythe Head
tconstruct:scythe_head:0, Iridium Scythe Head
tconstruct:scythe_head:0, Aluminum Scythe Head
tconstruct:scythe_head:0, Platinum Scythe Head
tconstruct:scythe_head:0, Invar Scythe Head
tconstruct:scythe_head:0, Amethyst Scythe Head
tconstruct:scythe_head:0, Ruby Scythe Head
tconstruct:scythe_head:0, Sapphire Scythe Head
tconstruct:scythe_head:0, Peridot Scythe Head
tconstruct:scythe_head:0, Yellorium Scythe Head
tconstruct:scythe_head:0, Cyanite Scythe Head
tconstruct:scythe_head:0, Ludicrite Scythe Head
tconstruct:scythe_head:0, Blutonium Scythe Head
tconstruct:scythe_head:0, Osmium Scythe Head
tconstruct:scythe_head:0, Refined Obsidian Scythe Head
tconstruct:scythe_head:0, Refined Glowstone Scythe Head
tconstruct:scythe_head:0, Thaumium Scythe Head
tconstruct:scythe_head:0, Lavium Scythe Head
tconstruct:scythe_head:0, Qivium Scythe Head
tconstruct:scythe_head:0, Treated Wood Scythe Head
tconstruct:scythe_head:0, Constantan Scythe Head
tconstruct:pan_head:0, Wooden Pan
tconstruct:pan_head:0, Stone Pan
tconstruct:pan_head:0, Flint Pan
tconstruct:pan_head:0, Cactus Pan
tconstruct:pan_head:0, Bone Pan
tconstruct:pan_head:0, Obsidian Pan
tconstruct:pan_head:0, Prismarine Pan
tconstruct:pan_head:0, End Pan
tconstruct:pan_head:0, Paper Pan
tconstruct:pan_head:0, Sponge Pan
tconstruct:pan_head:0, Firewood Pan
tconstruct:pan_head:0, Iron Pan
tconstruct:pan_head:0, Pig Iron Pan
tconstruct:pan_head:0, Knightslime Pan
tconstruct:pan_head:0, Slime Pan
tconstruct:pan_head:0, Slime Pan
tconstruct:pan_head:0, Magma Slime Pan
tconstruct:pan_head:0, Netherrack Pan
tconstruct:pan_head:0, Cobalt Pan
tconstruct:pan_head:0, Ardite Pan
tconstruct:pan_head:0, Manyullyn Pan
tconstruct:pan_head:0, Copper Pan
tconstruct:pan_head:0, Bronze Pan
tconstruct:pan_head:0, Lead Pan
tconstruct:pan_head:0, Silver Pan
tconstruct:pan_head:0, Electrum Pan
tconstruct:pan_head:0, Steel Pan
tconstruct:pan_head:0, Certus Quartz Pan
tconstruct:pan_head:0, Fluix Crystal Pan
tconstruct:pan_head:0, Charged Certus Quartz Pan
tconstruct:pan_head:0, Starmetal Pan
tconstruct:pan_head:0, Glowstone Pan
tconstruct:pan_head:0, Zinc Pan
tconstruct:pan_head:0, Titanium Pan
tconstruct:pan_head:0, Iridium Pan
tconstruct:pan_head:0, Aluminum Pan
tconstruct:pan_head:0, Platinum Pan
tconstruct:pan_head:0, Invar Pan
tconstruct:pan_head:0, Amethyst Pan
tconstruct:pan_head:0, Ruby Pan
tconstruct:pan_head:0, Sapphire Pan
tconstruct:pan_head:0, Peridot Pan
tconstruct:pan_head:0, Yellorium Pan
tconstruct:pan_head:0, Cyanite Pan
tconstruct:pan_head:0, Ludicrite Pan
tconstruct:pan_head:0, Blutonium Pan
tconstruct:pan_head:0, Osmium Pan
tconstruct:pan_head:0, Refined Obsidian Pan
tconstruct:pan_head:0, Refined Glowstone Pan
tconstruct:pan_head:0, Thaumium Pan
tconstruct:pan_head:0, Lavium Pan
tconstruct:pan_head:0, Qivium Pan
tconstruct:pan_head:0, Treated Wood Pan
tconstruct:pan_head:0, Constantan Pan
tconstruct:sign_head:0, Wooden Sign Plate
tconstruct:sign_head:0, Stone Sign Plate
tconstruct:sign_head:0, Flint Sign Plate
tconstruct:sign_head:0, Cactus Sign Plate
tconstruct:sign_head:0, Bone Sign Plate
tconstruct:sign_head:0, Obsidian Sign Plate
tconstruct:sign_head:0, Prismarine Sign Plate
tconstruct:sign_head:0, End Sign Plate
tconstruct:sign_head:0, Paper Sign Plate
tconstruct:sign_head:0, Sponge Sign Plate
tconstruct:sign_head:0, Firewood Sign Plate
tconstruct:sign_head:0, Iron Sign Plate
tconstruct:sign_head:0, Pig Iron Sign Plate
tconstruct:sign_head:0, Knightslime Sign Plate
tconstruct:sign_head:0, Slime Sign Plate
tconstruct:sign_head:0, Slime Sign Plate
tconstruct:sign_head:0, Magma Slime Sign Plate
tconstruct:sign_head:0, Netherrack Sign Plate
tconstruct:sign_head:0, Cobalt Sign Plate
tconstruct:sign_head:0, Ardite Sign Plate
tconstruct:sign_head:0, Manyullyn Sign Plate
tconstruct:sign_head:0, Copper Sign Plate
tconstruct:sign_head:0, Bronze Sign Plate
tconstruct:sign_head:0, Lead Sign Plate
tconstruct:sign_head:0, Silver Sign Plate
tconstruct:sign_head:0, Electrum Sign Plate
tconstruct:sign_head:0, Steel Sign Plate
tconstruct:sign_head:0, Certus Quartz Sign Plate
tconstruct:sign_head:0, Fluix Crystal Sign Plate
tconstruct:sign_head:0, Charged Certus Quartz Sign Plate
tconstruct:sign_head:0, Starmetal Sign Plate
tconstruct:sign_head:0, Glowstone Sign Plate
tconstruct:sign_head:0, Zinc Sign Plate
tconstruct:sign_head:0, Titanium Sign Plate
tconstruct:sign_head:0, Iridium Sign Plate
tconstruct:sign_head:0, Aluminum Sign Plate
tconstruct:sign_head:0, Platinum Sign Plate
tconstruct:sign_head:0, Invar Sign Plate
tconstruct:sign_head:0, Amethyst Sign Plate
tconstruct:sign_head:0, Ruby Sign Plate
tconstruct:sign_head:0, Sapphire Sign Plate
tconstruct:sign_head:0, Peridot Sign Plate
tconstruct:sign_head:0, Yellorium Sign Plate
tconstruct:sign_head:0, Cyanite Sign Plate
tconstruct:sign_head:0, Ludicrite Sign Plate
tconstruct:sign_head:0, Blutonium Sign Plate
tconstruct:sign_head:0, Osmium Sign Plate
tconstruct:sign_head:0, Refined Obsidian Sign Plate
tconstruct:sign_head:0, Refined Glowstone Sign Plate
tconstruct:sign_head:0, Thaumium Sign Plate
tconstruct:sign_head:0, Lavium Sign Plate
tconstruct:sign_head:0, Qivium Sign Plate
tconstruct:sign_head:0, Treated Wood Sign Plate
tconstruct:sign_head:0, Constantan Sign Plate
tconstruct:tool_rod:0, Wooden Tool Rod
tconstruct:tool_rod:0, Stone Tool Rod
tconstruct:tool_rod:0, Flint Tool Rod
tconstruct:tool_rod:0, Cactus Tool Rod
tconstruct:tool_rod:0, Bone Tool Rod
tconstruct:tool_rod:0, Obsidian Tool Rod
tconstruct:tool_rod:0, Prismarine Tool Rod
tconstruct:tool_rod:0, End Tool Rod
tconstruct:tool_rod:0, Paper Tool Rod
tconstruct:tool_rod:0, Sponge Tool Rod
tconstruct:tool_rod:0, Firewood Tool Rod
tconstruct:tool_rod:0, Iron Tool Rod
tconstruct:tool_rod:0, Pig Iron Tool Rod
tconstruct:tool_rod:0, Knightslime Tool Rod
tconstruct:tool_rod:0, Slime Tool Rod
tconstruct:tool_rod:0, Slime Tool Rod
tconstruct:tool_rod:0, Magma Slime Tool Rod
tconstruct:tool_rod:0, Netherrack Tool Rod
tconstruct:tool_rod:0, Cobalt Tool Rod
tconstruct:tool_rod:0, Ardite Tool Rod
tconstruct:tool_rod:0, Manyullyn Tool Rod
tconstruct:tool_rod:0, Copper Tool Rod
tconstruct:tool_rod:0, Bronze Tool Rod
tconstruct:tool_rod:0, Lead Tool Rod
tconstruct:tool_rod:0, Silver Tool Rod
tconstruct:tool_rod:0, Electrum Tool Rod
tconstruct:tool_rod:0, Steel Tool Rod
tconstruct:tool_rod:0, Certus Quartz Tool Rod
tconstruct:tool_rod:0, Fluix Crystal Tool Rod
tconstruct:tool_rod:0, Charged Certus Quartz Tool Rod
tconstruct:tool_rod:0, Starmetal Tool Rod
tconstruct:tool_rod:0, Glowstone Tool Rod
tconstruct:tool_rod:0, Zinc Tool Rod
tconstruct:tool_rod:0, Titanium Tool Rod
tconstruct:tool_rod:0, Iridium Tool Rod
tconstruct:tool_rod:0, Aluminum Tool Rod
tconstruct:tool_rod:0, Platinum Tool Rod
tconstruct:tool_rod:0, Invar Tool Rod
tconstruct:tool_rod:0, Amethyst Tool Rod
tconstruct:tool_rod:0, Ruby Tool Rod
tconstruct:tool_rod:0, Sapphire Tool Rod
tconstruct:tool_rod:0, Peridot Tool Rod
tconstruct:tool_rod:0, Yellorium Tool Rod
tconstruct:tool_rod:0, Cyanite Tool Rod
tconstruct:tool_rod:0, Ludicrite Tool Rod
tconstruct:tool_rod:0, Blutonium Tool Rod
tconstruct:tool_rod:0, Osmium Tool Rod
tconstruct:tool_rod:0, Refined Obsidian Tool Rod
tconstruct:tool_rod:0, Refined Glowstone Tool Rod
tconstruct:tool_rod:0, Thaumium Tool Rod
tconstruct:tool_rod:0, Lavium Tool Rod
tconstruct:tool_rod:0, Qivium Tool Rod
tconstruct:tool_rod:0, Treated Wood Tool Rod
tconstruct:tool_rod:0, Constantan Tool Rod
tconstruct:tough_tool_rod:0, Wooden Tough Tool Rod
tconstruct:tough_tool_rod:0, Stone Tough Tool Rod
tconstruct:tough_tool_rod:0, Flint Tough Tool Rod
tconstruct:tough_tool_rod:0, Cactus Tough Tool Rod
tconstruct:tough_tool_rod:0, Bone Tough Tool Rod
tconstruct:tough_tool_rod:0, Obsidian Tough Tool Rod
tconstruct:tough_tool_rod:0, Prismarine Tough Tool Rod
tconstruct:tough_tool_rod:0, End Tough Tool Rod
tconstruct:tough_tool_rod:0, Paper Tough Tool Rod
tconstruct:tough_tool_rod:0, Sponge Tough Tool Rod
tconstruct:tough_tool_rod:0, Firewood Tough Tool Rod
tconstruct:tough_tool_rod:0, Iron Tough Tool Rod
tconstruct:tough_tool_rod:0, Pig Iron Tough Tool Rod
tconstruct:tough_tool_rod:0, Knightslime Tough Tool Rod
tconstruct:tough_tool_rod:0, Slime Tough Tool Rod
tconstruct:tough_tool_rod:0, Slime Tough Tool Rod
tconstruct:tough_tool_rod:0, Magma Slime Tough Tool Rod
tconstruct:tough_tool_rod:0, Netherrack Tough Tool Rod
tconstruct:tough_tool_rod:0, Cobalt Tough Tool Rod
tconstruct:tough_tool_rod:0, Ardite Tough Tool Rod
tconstruct:tough_tool_rod:0, Manyullyn Tough Tool Rod
tconstruct:tough_tool_rod:0, Copper Tough Tool Rod
tconstruct:tough_tool_rod:0, Bronze Tough Tool Rod
tconstruct:tough_tool_rod:0, Lead Tough Tool Rod
tconstruct:tough_tool_rod:0, Silver Tough Tool Rod
tconstruct:tough_tool_rod:0, Electrum Tough Tool Rod
tconstruct:tough_tool_rod:0, Steel Tough Tool Rod
tconstruct:tough_tool_rod:0, Certus Quartz Tough Tool Rod
tconstruct:tough_tool_rod:0, Fluix Crystal Tough Tool Rod
tconstruct:tough_tool_rod:0, Charged Certus Quartz Tough Tool Rod
tconstruct:tough_tool_rod:0, Starmetal Tough Tool Rod
tconstruct:tough_tool_rod:0, Glowstone Tough Tool Rod
tconstruct:tough_tool_rod:0, Zinc Tough Tool Rod
tconstruct:tough_tool_rod:0, Titanium Tough Tool Rod
tconstruct:tough_tool_rod:0, Iridium Tough Tool Rod
tconstruct:tough_tool_rod:0, Aluminum Tough Tool Rod
tconstruct:tough_tool_rod:0, Platinum Tough Tool Rod
tconstruct:tough_tool_rod:0, Invar Tough Tool Rod
tconstruct:tough_tool_rod:0, Amethyst Tough Tool Rod
tconstruct:tough_tool_rod:0, Ruby Tough Tool Rod
tconstruct:tough_tool_rod:0, Sapphire Tough Tool Rod
tconstruct:tough_tool_rod:0, Peridot Tough Tool Rod
tconstruct:tough_tool_rod:0, Yellorium Tough Tool Rod
tconstruct:tough_tool_rod:0, Cyanite Tough Tool Rod
tconstruct:tough_tool_rod:0, Ludicrite Tough Tool Rod
tconstruct:tough_tool_rod:0, Blutonium Tough Tool Rod
tconstruct:tough_tool_rod:0, Osmium Tough Tool Rod
tconstruct:tough_tool_rod:0, Refined Obsidian Tough Tool Rod
tconstruct:tough_tool_rod:0, Refined Glowstone Tough Tool Rod
tconstruct:tough_tool_rod:0, Thaumium Tough Tool Rod
tconstruct:tough_tool_rod:0, Lavium Tough Tool Rod
tconstruct:tough_tool_rod:0, Qivium Tough Tool Rod
tconstruct:tough_tool_rod:0, Treated Wood Tough Tool Rod
tconstruct:tough_tool_rod:0, Constantan Tough Tool Rod
tconstruct:binding:0, Wooden Binding
tconstruct:binding:0, Stone Binding
tconstruct:binding:0, Flint Binding
tconstruct:binding:0, Cactus Binding
tconstruct:binding:0, Bone Binding
tconstruct:binding:0, Obsidian Binding
tconstruct:binding:0, Prismarine Binding
tconstruct:binding:0, End Binding
tconstruct:binding:0, Paper Binding
tconstruct:binding:0, Sponge Binding
tconstruct:binding:0, Firewood Binding
tconstruct:binding:0, Iron Binding
tconstruct:binding:0, Pig Iron Binding
tconstruct:binding:0, Knightslime Binding
tconstruct:binding:0, Slime Binding
tconstruct:binding:0, Slime Binding
tconstruct:binding:0, Magma Slime Binding
tconstruct:binding:0, Netherrack Binding
tconstruct:binding:0, Cobalt Binding
tconstruct:binding:0, Ardite Binding
tconstruct:binding:0, Manyullyn Binding
tconstruct:binding:0, Copper Binding
tconstruct:binding:0, Bronze Binding
tconstruct:binding:0, Lead Binding
tconstruct:binding:0, Silver Binding
tconstruct:binding:0, Electrum Binding
tconstruct:binding:0, Steel Binding
tconstruct:binding:0, Certus Quartz Binding
tconstruct:binding:0, Fluix Crystal Binding
tconstruct:binding:0, Charged Certus Quartz Binding
tconstruct:binding:0, Starmetal Binding
tconstruct:binding:0, Glowstone Binding
tconstruct:binding:0, Zinc Binding
tconstruct:binding:0, Titanium Binding
tconstruct:binding:0, Iridium Binding
tconstruct:binding:0, Aluminum Binding
tconstruct:binding:0, Platinum Binding
tconstruct:binding:0, Invar Binding
tconstruct:binding:0, Amethyst Binding
tconstruct:binding:0, Ruby Binding
tconstruct:binding:0, Sapphire Binding
tconstruct:binding:0, Peridot Binding
tconstruct:binding:0, Yellorium Binding
tconstruct:binding:0, Cyanite Binding
tconstruct:binding:0, Ludicrite Binding
tconstruct:binding:0, Blutonium Binding
tconstruct:binding:0, Osmium Binding
tconstruct:binding:0, Refined Obsidian Binding
tconstruct:binding:0, Refined Glowstone Binding
tconstruct:binding:0, Thaumium Binding
tconstruct:binding:0, Lavium Binding
tconstruct:binding:0, Qivium Binding
tconstruct:binding:0, Treated Wood Binding
tconstruct:binding:0, Constantan Binding
tconstruct:tough_binding:0, Wooden Tough Binding
tconstruct:tough_binding:0, Stone Tough Binding
tconstruct:tough_binding:0, Flint Tough Binding
tconstruct:tough_binding:0, Cactus Tough Binding
tconstruct:tough_binding:0, Bone Tough Binding
tconstruct:tough_binding:0, Obsidian Tough Binding
tconstruct:tough_binding:0, Prismarine Tough Binding
tconstruct:tough_binding:0, End Tough Binding
tconstruct:tough_binding:0, Paper Tough Binding
tconstruct:tough_binding:0, Sponge Tough Binding
tconstruct:tough_binding:0, Firewood Tough Binding
tconstruct:tough_binding:0, Iron Tough Binding
tconstruct:tough_binding:0, Pig Iron Tough Binding
tconstruct:tough_binding:0, Knightslime Tough Binding
tconstruct:tough_binding:0, Slime Tough Binding
tconstruct:tough_binding:0, Slime Tough Binding
tconstruct:tough_binding:0, Magma Slime Tough Binding
tconstruct:tough_binding:0, Netherrack Tough Binding
tconstruct:tough_binding:0, Cobalt Tough Binding
tconstruct:tough_binding:0, Ardite Tough Binding
tconstruct:tough_binding:0, Manyullyn Tough Binding
tconstruct:tough_binding:0, Copper Tough Binding
tconstruct:tough_binding:0, Bronze Tough Binding
tconstruct:tough_binding:0, Lead Tough Binding
tconstruct:tough_binding:0, Silver Tough Binding
tconstruct:tough_binding:0, Electrum Tough Binding
tconstruct:tough_binding:0, Steel Tough Binding
tconstruct:tough_binding:0, Certus Quartz Tough Binding
tconstruct:tough_binding:0, Fluix Crystal Tough Binding
tconstruct:tough_binding:0, Charged Certus Quartz Tough Binding
tconstruct:tough_binding:0, Starmetal Tough Binding
tconstruct:tough_binding:0, Glowstone Tough Binding
tconstruct:tough_binding:0, Zinc Tough Binding
tconstruct:tough_binding:0, Titanium Tough Binding
tconstruct:tough_binding:0, Iridium Tough Binding
tconstruct:tough_binding:0, Aluminum Tough Binding
tconstruct:tough_binding:0, Platinum Tough Binding
tconstruct:tough_binding:0, Invar Tough Binding
tconstruct:tough_binding:0, Amethyst Tough Binding
tconstruct:tough_binding:0, Ruby Tough Binding
tconstruct:tough_binding:0, Sapphire Tough Binding
tconstruct:tough_binding:0, Peridot Tough Binding
tconstruct:tough_binding:0, Yellorium Tough Binding
tconstruct:tough_binding:0, Cyanite Tough Binding
tconstruct:tough_binding:0, Ludicrite Tough Binding
tconstruct:tough_binding:0, Blutonium Tough Binding
tconstruct:tough_binding:0, Osmium Tough Binding
tconstruct:tough_binding:0, Refined Obsidian Tough Binding
tconstruct:tough_binding:0, Refined Glowstone Tough Binding
tconstruct:tough_binding:0, Thaumium Tough Binding
tconstruct:tough_binding:0, Lavium Tough Binding
tconstruct:tough_binding:0, Qivium Tough Binding
tconstruct:tough_binding:0, Treated Wood Tough Binding
tconstruct:tough_binding:0, Constantan Tough Binding
tconstruct:wide_guard:0, Wooden Wide Guard
tconstruct:wide_guard:0, Stone Wide Guard
tconstruct:wide_guard:0, Flint Wide Guard
tconstruct:wide_guard:0, Cactus Wide Guard
tconstruct:wide_guard:0, Bone Wide Guard
tconstruct:wide_guard:0, Obsidian Wide Guard
tconstruct:wide_guard:0, Prismarine Wide Guard
tconstruct:wide_guard:0, End Wide Guard
tconstruct:wide_guard:0, Paper Wide Guard
tconstruct:wide_guard:0, Sponge Wide Guard
tconstruct:wide_guard:0, Firewood Wide Guard
tconstruct:wide_guard:0, Iron Wide Guard
tconstruct:wide_guard:0, Pig Iron Wide Guard
tconstruct:wide_guard:0, Knightslime Wide Guard
tconstruct:wide_guard:0, Slime Wide Guard
tconstruct:wide_guard:0, Slime Wide Guard
tconstruct:wide_guard:0, Magma Slime Wide Guard
tconstruct:wide_guard:0, Netherrack Wide Guard
tconstruct:wide_guard:0, Cobalt Wide Guard
tconstruct:wide_guard:0, Ardite Wide Guard
tconstruct:wide_guard:0, Manyullyn Wide Guard
tconstruct:wide_guard:0, Copper Wide Guard
tconstruct:wide_guard:0, Bronze Wide Guard
tconstruct:wide_guard:0, Lead Wide Guard
tconstruct:wide_guard:0, Silver Wide Guard
tconstruct:wide_guard:0, Electrum Wide Guard
tconstruct:wide_guard:0, Steel Wide Guard
tconstruct:wide_guard:0, Certus Quartz Wide Guard
tconstruct:wide_guard:0, Fluix Crystal Wide Guard
tconstruct:wide_guard:0, Charged Certus Quartz Wide Guard
tconstruct:wide_guard:0, Starmetal Wide Guard
tconstruct:wide_guard:0, Glowstone Wide Guard
tconstruct:wide_guard:0, Zinc Wide Guard
tconstruct:wide_guard:0, Titanium Wide Guard
tconstruct:wide_guard:0, Iridium Wide Guard
tconstruct:wide_guard:0, Aluminum Wide Guard
tconstruct:wide_guard:0, Platinum Wide Guard
tconstruct:wide_guard:0, Invar Wide Guard
tconstruct:wide_guard:0, Amethyst Wide Guard
tconstruct:wide_guard:0, Ruby Wide Guard
tconstruct:wide_guard:0, Sapphire Wide Guard
tconstruct:wide_guard:0, Peridot Wide Guard
tconstruct:wide_guard:0, Yellorium Wide Guard
tconstruct:wide_guard:0, Cyanite Wide Guard
tconstruct:wide_guard:0, Ludicrite Wide Guard
tconstruct:wide_guard:0, Blutonium Wide Guard
tconstruct:wide_guard:0, Osmium Wide Guard
tconstruct:wide_guard:0, Refined Obsidian Wide Guard
tconstruct:wide_guard:0, Refined Glowstone Wide Guard
tconstruct:wide_guard:0, Thaumium Wide Guard
tconstruct:wide_guard:0, Lavium Wide Guard
tconstruct:wide_guard:0, Qivium Wide Guard
tconstruct:wide_guard:0, Treated Wood Wide Guard
tconstruct:wide_guard:0, Constantan Wide Guard
tconstruct:hand_guard:0, Wooden Hand Guard
tconstruct:hand_guard:0, Stone Hand Guard
tconstruct:hand_guard:0, Flint Hand Guard
tconstruct:hand_guard:0, Cactus Hand Guard
tconstruct:hand_guard:0, Bone Hand Guard
tconstruct:hand_guard:0, Obsidian Hand Guard
tconstruct:hand_guard:0, Prismarine Hand Guard
tconstruct:hand_guard:0, End Hand Guard
tconstruct:hand_guard:0, Paper Hand Guard
tconstruct:hand_guard:0, Sponge Hand Guard
tconstruct:hand_guard:0, Firewood Hand Guard
tconstruct:hand_guard:0, Iron Hand Guard
tconstruct:hand_guard:0, Pig Iron Hand Guard
tconstruct:hand_guard:0, Knightslime Hand Guard
tconstruct:hand_guard:0, Slime Hand Guard
tconstruct:hand_guard:0, Slime Hand Guard
tconstruct:hand_guard:0, Magma Slime Hand Guard
tconstruct:hand_guard:0, Netherrack Hand Guard
tconstruct:hand_guard:0, Cobalt Hand Guard
tconstruct:hand_guard:0, Ardite Hand Guard
tconstruct:hand_guard:0, Manyullyn Hand Guard
tconstruct:hand_guard:0, Copper Hand Guard
tconstruct:hand_guard:0, Bronze Hand Guard
tconstruct:hand_guard:0, Lead Hand Guard
tconstruct:hand_guard:0, Silver Hand Guard
tconstruct:hand_guard:0, Electrum Hand Guard
tconstruct:hand_guard:0, Steel Hand Guard
tconstruct:hand_guard:0, Certus Quartz Hand Guard
tconstruct:hand_guard:0, Fluix Crystal Hand Guard
tconstruct:hand_guard:0, Charged Certus Quartz Hand Guard
tconstruct:hand_guard:0, Starmetal Hand Guard
tconstruct:hand_guard:0, Glowstone Hand Guard
tconstruct:hand_guard:0, Zinc Hand Guard
tconstruct:hand_guard:0, Titanium Hand Guard
tconstruct:hand_guard:0, Iridium Hand Guard
tconstruct:hand_guard:0, Aluminum Hand Guard
tconstruct:hand_guard:0, Platinum Hand Guard
tconstruct:hand_guard:0, Invar Hand Guard
tconstruct:hand_guard:0, Amethyst Hand Guard
tconstruct:hand_guard:0, Ruby Hand Guard
tconstruct:hand_guard:0, Sapphire Hand Guard
tconstruct:hand_guard:0, Peridot Hand Guard
tconstruct:hand_guard:0, Yellorium Hand Guard
tconstruct:hand_guard:0, Cyanite Hand Guard
tconstruct:hand_guard:0, Ludicrite Hand Guard
tconstruct:hand_guard:0, Blutonium Hand Guard
tconstruct:hand_guard:0, Osmium Hand Guard
tconstruct:hand_guard:0, Refined Obsidian Hand Guard
tconstruct:hand_guard:0, Refined Glowstone Hand Guard
tconstruct:hand_guard:0, Thaumium Hand Guard
tconstruct:hand_guard:0, Lavium Hand Guard
tconstruct:hand_guard:0, Qivium Hand Guard
tconstruct:hand_guard:0, Treated Wood Hand Guard
tconstruct:hand_guard:0, Constantan Hand Guard
tconstruct:cross_guard:0, Wooden Cross Guard
tconstruct:cross_guard:0, Stone Cross Guard
tconstruct:cross_guard:0, Flint Cross Guard
tconstruct:cross_guard:0, Cactus Cross Guard
tconstruct:cross_guard:0, Bone Cross Guard
tconstruct:cross_guard:0, Obsidian Cross Guard
tconstruct:cross_guard:0, Prismarine Cross Guard
tconstruct:cross_guard:0, End Cross Guard
tconstruct:cross_guard:0, Paper Cross Guard
tconstruct:cross_guard:0, Sponge Cross Guard
tconstruct:cross_guard:0, Firewood Cross Guard
tconstruct:cross_guard:0, Iron Cross Guard
tconstruct:cross_guard:0, Pig Iron Cross Guard
tconstruct:cross_guard:0, Knightslime Cross Guard
tconstruct:cross_guard:0, Slime Cross Guard
tconstruct:cross_guard:0, Slime Cross Guard
tconstruct:cross_guard:0, Magma Slime Cross Guard
tconstruct:cross_guard:0, Netherrack Cross Guard
tconstruct:cross_guard:0, Cobalt Cross Guard
tconstruct:cross_guard:0, Ardite Cross Guard
tconstruct:cross_guard:0, Manyullyn Cross Guard
tconstruct:cross_guard:0, Copper Cross Guard
tconstruct:cross_guard:0, Bronze Cross Guard
tconstruct:cross_guard:0, Lead Cross Guard
tconstruct:cross_guard:0, Silver Cross Guard
tconstruct:cross_guard:0, Electrum Cross Guard
tconstruct:cross_guard:0, Steel Cross Guard
tconstruct:cross_guard:0, Certus Quartz Cross Guard
tconstruct:cross_guard:0, Fluix Crystal Cross Guard
tconstruct:cross_guard:0, Charged Certus Quartz Cross Guard
tconstruct:cross_guard:0, Starmetal Cross Guard
tconstruct:cross_guard:0, Glowstone Cross Guard
tconstruct:cross_guard:0, Zinc Cross Guard
tconstruct:cross_guard:0, Titanium Cross Guard
tconstruct:cross_guard:0, Iridium Cross Guard
tconstruct:cross_guard:0, Aluminum Cross Guard
tconstruct:cross_guard:0, Platinum Cross Guard
tconstruct:cross_guard:0, Invar Cross Guard
tconstruct:cross_guard:0, Amethyst Cross Guard
tconstruct:cross_guard:0, Ruby Cross Guard
tconstruct:cross_guard:0, Sapphire Cross Guard
tconstruct:cross_guard:0, Peridot Cross Guard
tconstruct:cross_guard:0, Yellorium Cross Guard
tconstruct:cross_guard:0, Cyanite Cross Guard
tconstruct:cross_guard:0, Ludicrite Cross Guard
tconstruct:cross_guard:0, Blutonium Cross Guard
tconstruct:cross_guard:0, Osmium Cross Guard
tconstruct:cross_guard:0, Refined Obsidian Cross Guard
tconstruct:cross_guard:0, Refined Glowstone Cross Guard
tconstruct:cross_guard:0, Thaumium Cross Guard
tconstruct:cross_guard:0, Lavium Cross Guard
tconstruct:cross_guard:0, Qivium Cross Guard
tconstruct:cross_guard:0, Treated Wood Cross Guard
tconstruct:cross_guard:0, Constantan Cross Guard
tconstruct:large_plate:0, Wooden Large Plate
tconstruct:large_plate:0, Stone Large Plate
tconstruct:large_plate:0, Flint Large Plate
tconstruct:large_plate:0, Cactus Large Plate
tconstruct:large_plate:0, Bone Large Plate
tconstruct:large_plate:0, Obsidian Large Plate
tconstruct:large_plate:0, Prismarine Large Plate
tconstruct:large_plate:0, End Large Plate
tconstruct:large_plate:0, Paper Large Plate
tconstruct:large_plate:0, Sponge Large Plate
tconstruct:large_plate:0, Firewood Large Plate
tconstruct:large_plate:0, Iron Large Plate
tconstruct:large_plate:0, Pig Iron Large Plate
tconstruct:large_plate:0, Knightslime Large Plate
tconstruct:large_plate:0, Slime Large Plate
tconstruct:large_plate:0, Slime Large Plate
tconstruct:large_plate:0, Magma Slime Large Plate
tconstruct:large_plate:0, Netherrack Large Plate
tconstruct:large_plate:0, Cobalt Large Plate
tconstruct:large_plate:0, Ardite Large Plate
tconstruct:large_plate:0, Manyullyn Large Plate
tconstruct:large_plate:0, Copper Large Plate
tconstruct:large_plate:0, Bronze Large Plate
tconstruct:large_plate:0, Lead Large Plate
tconstruct:large_plate:0, Silver Large Plate
tconstruct:large_plate:0, Electrum Large Plate
tconstruct:large_plate:0, Steel Large Plate
tconstruct:large_plate:0, Certus Quartz Large Plate
tconstruct:large_plate:0, Fluix Crystal Large Plate
tconstruct:large_plate:0, Charged Certus Quartz Large Plate
tconstruct:large_plate:0, Starmetal Large Plate
tconstruct:large_plate:0, Glowstone Large Plate
tconstruct:large_plate:0, Zinc Large Plate
tconstruct:large_plate:0, Titanium Large Plate
tconstruct:large_plate:0, Iridium Large Plate
tconstruct:large_plate:0, Aluminum Large Plate
tconstruct:large_plate:0, Platinum Large Plate
tconstruct:large_plate:0, Invar Large Plate
tconstruct:large_plate:0, Amethyst Large Plate
tconstruct:large_plate:0, Ruby Large Plate
tconstruct:large_plate:0, Sapphire Large Plate
tconstruct:large_plate:0, Peridot Large Plate
tconstruct:large_plate:0, Yellorium Large Plate
tconstruct:large_plate:0, Cyanite Large Plate
tconstruct:large_plate:0, Ludicrite Large Plate
tconstruct:large_plate:0, Blutonium Large Plate
tconstruct:large_plate:0, Osmium Large Plate
tconstruct:large_plate:0, Refined Obsidian Large Plate
tconstruct:large_plate:0, Refined Glowstone Large Plate
tconstruct:large_plate:0, Thaumium Large Plate
tconstruct:large_plate:0, Lavium Large Plate
tconstruct:large_plate:0, Qivium Large Plate
tconstruct:large_plate:0, Treated Wood Large Plate
tconstruct:large_plate:0, Constantan Large Plate
tconstruct:knife_blade:0, Wooden Knife Blade
tconstruct:knife_blade:0, Stone Knife Blade
tconstruct:knife_blade:0, Flint Knife Blade
tconstruct:knife_blade:0, Cactus Knife Blade
tconstruct:knife_blade:0, Bone Knife Blade
tconstruct:knife_blade:0, Obsidian Knife Blade
tconstruct:knife_blade:0, Prismarine Knife Blade
tconstruct:knife_blade:0, End Knife Blade
tconstruct:knife_blade:0, Paper Knife Blade
tconstruct:knife_blade:0, Sponge Knife Blade
tconstruct:knife_blade:0, Firewood Knife Blade
tconstruct:knife_blade:0, Iron Knife Blade
tconstruct:knife_blade:0, Pig Iron Knife Blade
tconstruct:knife_blade:0, Knightslime Knife Blade
tconstruct:knife_blade:0, Slime Knife Blade
tconstruct:knife_blade:0, Slime Knife Blade
tconstruct:knife_blade:0, Magma Slime Knife Blade
tconstruct:knife_blade:0, Netherrack Knife Blade
tconstruct:knife_blade:0, Cobalt Knife Blade
tconstruct:knife_blade:0, Ardite Knife Blade
tconstruct:knife_blade:0, Manyullyn Knife Blade
tconstruct:knife_blade:0, Copper Knife Blade
tconstruct:knife_blade:0, Bronze Knife Blade
tconstruct:knife_blade:0, Lead Knife Blade
tconstruct:knife_blade:0, Silver Knife Blade
tconstruct:knife_blade:0, Electrum Knife Blade
tconstruct:knife_blade:0, Steel Knife Blade
tconstruct:knife_blade:0, Certus Quartz Knife Blade
tconstruct:knife_blade:0, Fluix Crystal Knife Blade
tconstruct:knife_blade:0, Charged Certus Quartz Knife Blade
tconstruct:knife_blade:0, Starmetal Knife Blade
tconstruct:knife_blade:0, Glowstone Knife Blade
tconstruct:knife_blade:0, Zinc Knife Blade
tconstruct:knife_blade:0, Titanium Knife Blade
tconstruct:knife_blade:0, Iridium Knife Blade
tconstruct:knife_blade:0, Aluminum Knife Blade
tconstruct:knife_blade:0, Platinum Knife Blade
tconstruct:knife_blade:0, Invar Knife Blade
tconstruct:knife_blade:0, Amethyst Knife Blade
tconstruct:knife_blade:0, Ruby Knife Blade
tconstruct:knife_blade:0, Sapphire Knife Blade
tconstruct:knife_blade:0, Peridot Knife Blade
tconstruct:knife_blade:0, Yellorium Knife Blade
tconstruct:knife_blade:0, Cyanite Knife Blade
tconstruct:knife_blade:0, Ludicrite Knife Blade
tconstruct:knife_blade:0, Blutonium Knife Blade
tconstruct:knife_blade:0, Osmium Knife Blade
tconstruct:knife_blade:0, Refined Obsidian Knife Blade
tconstruct:knife_blade:0, Refined Glowstone Knife Blade
tconstruct:knife_blade:0, Thaumium Knife Blade
tconstruct:knife_blade:0, Lavium Knife Blade
tconstruct:knife_blade:0, Qivium Knife Blade
tconstruct:knife_blade:0, Treated Wood Knife Blade
tconstruct:knife_blade:0, Constantan Knife Blade
tconstruct:bow_limb:0, Wooden Bowlimb
tconstruct:bow_limb:0, Stone Bowlimb
tconstruct:bow_limb:0, Flint Bowlimb
tconstruct:bow_limb:0, Cactus Bowlimb
tconstruct:bow_limb:0, Bone Bowlimb
tconstruct:bow_limb:0, Obsidian Bowlimb
tconstruct:bow_limb:0, Prismarine Bowlimb
tconstruct:bow_limb:0, End Bowlimb
tconstruct:bow_limb:0, Paper Bowlimb
tconstruct:bow_limb:0, Sponge Bowlimb
tconstruct:bow_limb:0, Firewood Bowlimb
tconstruct:bow_limb:0, Iron Bowlimb
tconstruct:bow_limb:0, Pig Iron Bowlimb
tconstruct:bow_limb:0, Knightslime Bowlimb
tconstruct:bow_limb:0, Slime Bowlimb
tconstruct:bow_limb:0, Slime Bowlimb
tconstruct:bow_limb:0, Magma Slime Bowlimb
tconstruct:bow_limb:0, Netherrack Bowlimb
tconstruct:bow_limb:0, Cobalt Bowlimb
tconstruct:bow_limb:0, Ardite Bowlimb
tconstruct:bow_limb:0, Manyullyn Bowlimb
tconstruct:bow_limb:0, Copper Bowlimb
tconstruct:bow_limb:0, Bronze Bowlimb
tconstruct:bow_limb:0, Lead Bowlimb
tconstruct:bow_limb:0, Silver Bowlimb
tconstruct:bow_limb:0, Electrum Bowlimb
tconstruct:bow_limb:0, Steel Bowlimb
tconstruct:bow_limb:0, Certus Quartz Bowlimb
tconstruct:bow_limb:0, Fluix Crystal Bowlimb
tconstruct:bow_limb:0, Charged Certus Quartz Bowlimb
tconstruct:bow_limb:0, Starmetal Bowlimb
tconstruct:bow_limb:0, Glowstone Bowlimb
tconstruct:bow_limb:0, Zinc Bowlimb
tconstruct:bow_limb:0, Titanium Bowlimb
tconstruct:bow_limb:0, Iridium Bowlimb
tconstruct:bow_limb:0, Aluminum Bowlimb
tconstruct:bow_limb:0, Platinum Bowlimb
tconstruct:bow_limb:0, Invar Bowlimb
tconstruct:bow_limb:0, Amethyst Bowlimb
tconstruct:bow_limb:0, Ruby Bowlimb
tconstruct:bow_limb:0, Sapphire Bowlimb
tconstruct:bow_limb:0, Peridot Bowlimb
tconstruct:bow_limb:0, Yellorium Bowlimb
tconstruct:bow_limb:0, Cyanite Bowlimb
tconstruct:bow_limb:0, Ludicrite Bowlimb
tconstruct:bow_limb:0, Blutonium Bowlimb
tconstruct:bow_limb:0, Osmium Bowlimb
tconstruct:bow_limb:0, Refined Obsidian Bowlimb
tconstruct:bow_limb:0, Refined Glowstone Bowlimb
tconstruct:bow_limb:0, Thaumium Bowlimb
tconstruct:bow_limb:0, Lavium Bowlimb
tconstruct:bow_limb:0, Qivium Bowlimb
tconstruct:bow_limb:0, Treated Wood Bowlimb
tconstruct:bow_limb:0, Constantan Bowlimb
tconstruct:bow_string:0, String Bowstring
tconstruct:bow_string:0, Slimevine Bowstring
tconstruct:bow_string:0, Slimevine Bowstring
tconstruct:bow_string:0, Vines Bowstring
tconstruct:bow_string:0, Hemp Fiber Bowstring
tconstruct:arrow_head:0, Wooden Arrow Head
tconstruct:arrow_head:0, Stone Arrow Head
tconstruct:arrow_head:0, Flint Arrow Head
tconstruct:arrow_head:0, Cactus Arrow Head
tconstruct:arrow_head:0, Bone Arrow Head
tconstruct:arrow_head:0, Obsidian Arrow Head
tconstruct:arrow_head:0, Prismarine Arrow Head
tconstruct:arrow_head:0, End Arrow Head
tconstruct:arrow_head:0, Paper Arrow Head
tconstruct:arrow_head:0, Sponge Arrow Head
tconstruct:arrow_head:0, Firewood Arrow Head
tconstruct:arrow_head:0, Iron Arrow Head
tconstruct:arrow_head:0, Pig Iron Arrow Head
tconstruct:arrow_head:0, Knightslime Arrow Head
tconstruct:arrow_head:0, Slime Arrow Head
tconstruct:arrow_head:0, Slime Arrow Head
tconstruct:arrow_head:0, Magma Slime Arrow Head
tconstruct:arrow_head:0, Netherrack Arrow Head
tconstruct:arrow_head:0, Cobalt Arrow Head
tconstruct:arrow_head:0, Ardite Arrow Head
tconstruct:arrow_head:0, Manyullyn Arrow Head
tconstruct:arrow_head:0, Copper Arrow Head
tconstruct:arrow_head:0, Bronze Arrow Head
tconstruct:arrow_head:0, Lead Arrow Head
tconstruct:arrow_head:0, Silver Arrow Head
tconstruct:arrow_head:0, Electrum Arrow Head
tconstruct:arrow_head:0, Steel Arrow Head
tconstruct:arrow_head:0, Certus Quartz Arrow Head
tconstruct:arrow_head:0, Fluix Crystal Arrow Head
tconstruct:arrow_head:0, Charged Certus Quartz Arrow Head
tconstruct:arrow_head:0, Starmetal Arrow Head
tconstruct:arrow_head:0, Glowstone Arrow Head
tconstruct:arrow_head:0, Zinc Arrow Head
tconstruct:arrow_head:0, Titanium Arrow Head
tconstruct:arrow_head:0, Iridium Arrow Head
tconstruct:arrow_head:0, Aluminum Arrow Head
tconstruct:arrow_head:0, Platinum Arrow Head
tconstruct:arrow_head:0, Invar Arrow Head
tconstruct:arrow_head:0, Amethyst Arrow Head
tconstruct:arrow_head:0, Ruby Arrow Head
tconstruct:arrow_head:0, Sapphire Arrow Head
tconstruct:arrow_head:0, Peridot Arrow Head
tconstruct:arrow_head:0, Yellorium Arrow Head
tconstruct:arrow_head:0, Cyanite Arrow Head
tconstruct:arrow_head:0, Ludicrite Arrow Head
tconstruct:arrow_head:0, Blutonium Arrow Head
tconstruct:arrow_head:0, Osmium Arrow Head
tconstruct:arrow_head:0, Refined Obsidian Arrow Head
tconstruct:arrow_head:0, Refined Glowstone Arrow Head
tconstruct:arrow_head:0, Thaumium Arrow Head
tconstruct:arrow_head:0, Lavium Arrow Head
tconstruct:arrow_head:0, Qivium Arrow Head
tconstruct:arrow_head:0, Treated Wood Arrow Head
tconstruct:arrow_head:0, Constantan Arrow Head
tconstruct:arrow_shaft:0, Wooden Arrow Shaft
tconstruct:arrow_shaft:0, Bone Arrow Shaft
tconstruct:arrow_shaft:0, Blazerod Arrow Shaft
tconstruct:arrow_shaft:0, Reeds Arrow Shaft
tconstruct:arrow_shaft:0, Ice Arrow Shaft
tconstruct:arrow_shaft:0, Endrod Arrow Shaft
tconstruct:arrow_shaft:0, Treated Wood Arrow Shaft
tconstruct:fletching:0, Feather Fletching
tconstruct:fletching:0, Slimeleaf Fletching
tconstruct:fletching:0, Slimeleaf Fletching
tconstruct:fletching:0, Slimeleaf Fletching
tconstruct:fletching:0, Leaf Fletching
tconstruct:bolt_core:0, Wood-Iron Bolt Core
tconstruct:bolt_core:0, Bone-Iron Bolt Core
tconstruct:bolt_core:0, Blazerod-Iron Bolt Core
tconstruct:bolt_core:0, Reeds-Iron Bolt Core
tconstruct:bolt_core:0, Ice-Iron Bolt Core
tconstruct:bolt_core:0, Endrod-Iron Bolt Core
tconstruct:bolt_core:0, Treated Wood-Iron Bolt Core
tconstruct:tooltables:0, Crafting Station
tconstruct:tooltables:1, Stencil Table
tconstruct:tooltables:1, Stencil Table
tconstruct:tooltables:1, Stencil Table
tconstruct:tooltables:1, Stencil Table
tconstruct:tooltables:1, Stencil Table
tconstruct:tooltables:1, Stencil Table
tconstruct:tooltables:1, Stencil Table
tconstruct:tooltables:1, Stencil Table
tconstruct:tooltables:1, Stencil Table
tconstruct:tooltables:1, Stencil Table
tconstruct:tooltables:1, Stencil Table
tconstruct:tooltables:1, Stencil Table
tconstruct:tooltables:1, Stencil Table
tconstruct:tooltables:1, Stencil Table
tconstruct:tooltables:1, Stencil Table
tconstruct:tooltables:1, Stencil Table
tconstruct:tooltables:1, Stencil Table
tconstruct:tooltables:1, Stencil Table
tconstruct:tooltables:1, Stencil Table
tconstruct:tooltables:4, Pattern Chest
tconstruct:tooltables:2, Part Builder
tconstruct:tooltables:2, Part Builder
tconstruct:tooltables:2, Part Builder
tconstruct:tooltables:2, Part Builder
tconstruct:tooltables:2, Part Builder
tconstruct:tooltables:2, Part Builder
tconstruct:tooltables:2, Part Builder
tconstruct:tooltables:2, Part Builder
tconstruct:tooltables:2, Part Builder
tconstruct:tooltables:2, Part Builder
tconstruct:tooltables:2, Part Builder
tconstruct:tooltables:2, Part Builder
tconstruct:tooltables:2, Part Builder
tconstruct:tooltables:2, Part Builder
tconstruct:tooltables:2, Part Builder
tconstruct:tooltables:2, Part Builder
tconstruct:tooltables:2, Part Builder
tconstruct:tooltables:2, Part Builder
tconstruct:tooltables:2, Part Builder
tconstruct:tooltables:2, Part Builder
tconstruct:tooltables:2, Part Builder
tconstruct:tooltables:2, Part Builder
tconstruct:tooltables:2, Part Builder
tconstruct:tooltables:2, Part Builder
tconstruct:tooltables:2, Part Builder
tconstruct:tooltables:2, Part Builder
tconstruct:tooltables:2, Part Builder
tconstruct:tooltables:2, Part Builder
tconstruct:tooltables:2, Part Builder
tconstruct:tooltables:2, Part Builder
tconstruct:tooltables:2, Part Builder
tconstruct:tooltables:2, Part Builder
tconstruct:tooltables:2, Part Builder
tconstruct:tooltables:2, Part Builder
tconstruct:tooltables:2, Part Builder
tconstruct:tooltables:2, Part Builder
tconstruct:tooltables:2, Part Builder
tconstruct:tooltables:2, Part Builder
tconstruct:tooltables:2, Part Builder
tconstruct:tooltables:2, Part Builder
tconstruct:tooltables:2, Part Builder
tconstruct:tooltables:2, Part Builder
tconstruct:tooltables:2, Part Builder
tconstruct:tooltables:2, Part Builder
tconstruct:tooltables:2, Part Builder
tconstruct:tooltables:2, Part Builder
tconstruct:tooltables:2, Part Builder
tconstruct:tooltables:2, Part Builder
tconstruct:tooltables:2, Part Builder
tconstruct:tooltables:2, Part Builder
tconstruct:tooltables:2, Part Builder
tconstruct:tooltables:2, Part Builder
tconstruct:tooltables:2, Part Builder
tconstruct:tooltables:2, Part Builder
tconstruct:tooltables:2, Part Builder
tconstruct:tooltables:2, Part Builder
tconstruct:tooltables:2, Part Builder
tconstruct:tooltables:2, Part Builder
tconstruct:tooltables:2, Part Builder
tconstruct:tooltables:2, Part Builder
tconstruct:tooltables:2, Part Builder
tconstruct:tooltables:2, Part Builder
tconstruct:tooltables:2, Part Builder
tconstruct:tooltables:2, Part Builder
tconstruct:tooltables:2, Part Builder
tconstruct:tooltables:2, Part Builder
tconstruct:tooltables:5, Part Chest
tconstruct:tooltables:3, Tool Station
tconstruct:toolforge:0, Tool Forge
tconstruct:toolforge:0, Tool Forge
tconstruct:toolforge:0, Tool Forge
tconstruct:toolforge:0, Tool Forge
tconstruct:toolforge:0, Tool Forge
tconstruct:toolforge:0, Tool Forge
tconstruct:toolforge:0, Tool Forge
tconstruct:toolforge:0, Tool Forge
tconstruct:toolforge:0, Tool Forge
tconstruct:toolforge:0, Tool Forge
tconstruct:toolforge:0, Tool Forge
tconstruct:toolforge:0, Tool Forge
tconstruct:toolforge:0, Tool Forge
tconstruct:toolforge:0, Tool Forge
tconstruct:toolforge:0, Tool Forge
tconstruct:toolforge:0, Tool Forge
tconstruct:toolforge:0, Tool Forge
tconstruct:toolforge:0, Tool Forge
tconstruct:toolforge:0, Tool Forge
tconstruct:toolforge:0, Tool Forge
tconstruct:pickaxe, Pickaxe
tconstruct:shovel, Shovel
tconstruct:hatchet, Hatchet
tconstruct:mattock, Mattock
tconstruct:kama, Kama
tconstruct:hammer, Hammer
tconstruct:excavator, Excavator
tconstruct:lumberaxe, Lumberaxe
tconstruct:scythe, Scythe
tconstruct:broadsword, Broadsword
tconstruct:longsword, Longsword
tconstruct:rapier, Rapier
tconstruct:frypan, Frypan
tconstruct:battlesign, Battlesign
tconstruct:cleaver, Cleaver
tconstruct:shortbow, Shortbow
tconstruct:longbow, Longbow
tconstruct:crossbow, Crossbow
tconstruct:arrow, Arrow
tconstruct:bolt, Bolt
tconstruct:shuriken, Shuriken
tconstruct:seared:0, Seared Stone
tconstruct:seared:1, Seared Cobblestone
tconstruct:seared:2, Seared Paver
tconstruct:seared:3, Seared Bricks
tconstruct:seared:4, Cracked Seared Bricks
tconstruct:seared:5, Fancy Seared Bricks
tconstruct:seared:6, Square Seared Bricks
tconstruct:seared:7, Seared Road
tconstruct:seared:8, Seared Creeperface
tconstruct:seared:9, Triangle Seared Bricks
tconstruct:seared:10, Small Seared Bricks
tconstruct:seared:11, Seared Tiles
tconstruct:smeltery_controller:0, Smeltery Controller
tconstruct:seared_tank:0, Seared Tank
tconstruct:seared_tank:1, Seared Gauge
tconstruct:seared_tank:2, Seared Window
tconstruct:faucet:0, Seared Faucet
tconstruct:channel:0, Casting Channel
tconstruct:casting:0, Casting Table
tconstruct:casting:1, Casting Basin
tconstruct:smeltery_io:0, Seared Drain
tconstruct:seared_glass:0, Seared Glass
tconstruct:seared_furnace_controller:0, Seared Furnace Controller
tconstruct:tinker_tank_controller:0, Tinker Tank Controller
tconstruct:seared_slab:0, Seared Stone Slab
tconstruct:seared_slab:1, Seared Cobblestone Slab
tconstruct:seared_slab:2, Seared Paver Slab
tconstruct:seared_slab:3, Seared Bricks Slab
tconstruct:seared_slab:4, Cracked Seared Bricks Slab
tconstruct:seared_slab:5, Fancy Seared Bricks Slab
tconstruct:seared_slab:6, Square Seared Bricks Slab
tconstruct:seared_slab:7, Seared Road Slab
tconstruct:seared_slab2:0, Seared Creeperface Slab
tconstruct:seared_slab2:1, Triangle Seared Bricks Slab
tconstruct:seared_slab2:2, Small Seared Bricks Slab
tconstruct:seared_slab2:3, Seared Tile Slab
tconstruct:seared_stairs_stone:0, Seared Stone Stairs
tconstruct:seared_stairs_cobble:0, Seared Cobblestone Stairs
tconstruct:seared_stairs_paver:0, Seared Paver Stairs
tconstruct:seared_stairs_brick:0, Seared Bricks Stairs
tconstruct:seared_stairs_brick_cracked:0, Cracked Seared Bricks Stairs
tconstruct:seared_stairs_brick_fancy:0, Fancy Seared Bricks Stairs
tconstruct:seared_stairs_brick_square:0, Square Seared Bricks Stairs
tconstruct:seared_stairs_brick_triangle:0, Triangle Seared Bricks Stairs
tconstruct:seared_stairs_brick_small:0, Small Seared Bricks Stairs
tconstruct:seared_stairs_road:0, Seared Road Stairs
tconstruct:seared_stairs_tile:0, Seared Tile Stairs
tconstruct:seared_stairs_creeper:0, Seared Creeperface Stairs
tconstruct:cast:0, Blank Cast
tconstruct:cast:0, Sword Blade Cast
tconstruct:cast:0, Wide Guard Cast
tconstruct:cast:0, Shovel Head Cast
tconstruct:cast:0, Large Plate Cast
tconstruct:cast:0, Armor Trim Cast
tconstruct:cast:0, Binding Cast
tconstruct:cast:0, Boots Core Cast
tconstruct:cast:0, Hand Guard Cast
tconstruct:cast:0, Excavator Head Cast
tconstruct:cast:0, Knife Blade Cast
tconstruct:cast:0, Cross Guard Cast
tconstruct:cast:0, Axe Head Cast
tconstruct:cast:0, Hammer Head Cast
tconstruct:cast:0, Polishing Kit Cast
tconstruct:cast:0, Arrow Head Cast
tconstruct:cast:0, Light Blade Cast
tconstruct:cast:0, Leggings Core Cast
tconstruct:cast:0, Helmet Core Cast
tconstruct:cast:0, Sign Plate Cast
tconstruct:cast:0, Sharpening Kit Cast
tconstruct:cast:0, Scythe Head Cast
tconstruct:cast:0, Large Sword Blade Cast
tconstruct:cast:0, Armor Plates Cast
tconstruct:cast:0, Pickaxe Head Cast
tconstruct:cast:0, Broad Axe Head Cast
tconstruct:cast:0, Tough Tool Rod Cast
tconstruct:cast:0, Chestplate Core Cast
tconstruct:cast:0, Shard Cast
tconstruct:cast:0, Tough Binding Cast
tconstruct:cast:0, Bowlimb Cast
tconstruct:cast:0, Tool Rod Cast
tconstruct:cast:0, Pan Cast
tconstruct:cast:0, Kama Head Cast
tconstruct:cast_custom:0, Ingot Cast
tconstruct:cast_custom:1, Nugget Cast
tconstruct:cast_custom:2, Gem Cast
tconstruct:cast_custom:3, Plate Cast
tconstruct:cast_custom:4, Gear Cast
tconstruct:clay_cast:0, item.tconstruct.clay_cast.blank
tconstruct:clay_cast:0, Sword Blade Clay Cast
tconstruct:clay_cast:0, Wide Guard Clay Cast
tconstruct:clay_cast:0, Shovel Head Clay Cast
tconstruct:clay_cast:0, Large Plate Clay Cast
tconstruct:clay_cast:0, Armor Trim Clay Cast
tconstruct:clay_cast:0, Binding Clay Cast
tconstruct:clay_cast:0, Boots Core Clay Cast
tconstruct:clay_cast:0, Hand Guard Clay Cast
tconstruct:clay_cast:0, Excavator Head Clay Cast
tconstruct:clay_cast:0, Knife Blade Clay Cast
tconstruct:clay_cast:0, Cross Guard Clay Cast
tconstruct:clay_cast:0, Axe Head Clay Cast
tconstruct:clay_cast:0, Hammer Head Clay Cast
tconstruct:clay_cast:0, Polishing Kit Clay Cast
tconstruct:clay_cast:0, Arrow Head Clay Cast
tconstruct:clay_cast:0, Light Blade Clay Cast
tconstruct:clay_cast:0, Leggings Core Clay Cast
tconstruct:clay_cast:0, Helmet Core Clay Cast
tconstruct:clay_cast:0, Sign Plate Clay Cast
tconstruct:clay_cast:0, Sharpening Kit Clay Cast
tconstruct:clay_cast:0, Scythe Head Clay Cast
tconstruct:clay_cast:0, Large Sword Blade Clay Cast
tconstruct:clay_cast:0, Armor Plates Clay Cast
tconstruct:clay_cast:0, Pickaxe Head Clay Cast
tconstruct:clay_cast:0, Broad Axe Head Clay Cast
tconstruct:clay_cast:0, Tough Tool Rod Clay Cast
tconstruct:clay_cast:0, Chestplate Core Clay Cast
tconstruct:clay_cast:0, Shard Clay Cast
tconstruct:clay_cast:0, Tough Binding Clay Cast
tconstruct:clay_cast:0, Bowlimb Clay Cast
tconstruct:clay_cast:0, Tool Rod Clay Cast
tconstruct:clay_cast:0, Pan Clay Cast
tconstruct:clay_cast:0, Kama Head Clay Cast
tconstruct:stone_torch:0, Stone Torch
tconstruct:stone_ladder:0, Stone Ladder
tconstruct:punji:0, Punji Sticks
tconstruct:rack:0, Item Rack
tconstruct:rack:1, Drying Rack
tconstruct:wood_rail:0, Wooden Rail
tconstruct:wood_rail_trapdoor:0, Wooden Rail with a Trapdoor
tconstruct:wooden_hopper:0, Wooden Hopper
tconstruct:slime_channel:0, Slime Channel
tconstruct:slime_channel:1, Slime Channel
tconstruct:slime_channel:2, Slime Channel
tconstruct:slime_channel:3, Blood Channel
tconstruct:slime_channel:4, Slime Channel
tconstruct:dried_clay:0, Dried Clay
tconstruct:dried_clay:1, Dried Bricks
tconstruct:dried_clay_slab:0, Dried Clay Slab
tconstruct:dried_clay_slab:1, Dried Bricks Slab
tconstruct:dried_clay_stairs:0, Dried Clay Stairs
tconstruct:dried_brick_stairs:0, Dried Bricks Stairs
tconstruct:brownstone:0, Smooth Brownstone
tconstruct:brownstone:1, Rough Brownstone
tconstruct:brownstone:2, Brownstone Paver
tconstruct:brownstone:3, Brownstone Bricks
tconstruct:brownstone:4, Cracked Brownstone Bricks
tconstruct:brownstone:5, Fancy Brownstone Bricks
tconstruct:brownstone:6, Square Brownstone Bricks
tconstruct:brownstone:7, Brownstone Road
tconstruct:brownstone:8, Brownstone Creeperface
tconstruct:brownstone:9, Triangle Brownstone Bricks
tconstruct:brownstone:10, Small Brownstone Bricks
tconstruct:brownstone:11, Brownstone Tiles
tconstruct:brownstone_slab:0, Smooth Brownstone Slab
tconstruct:brownstone_slab:1, Rough Brownstone Slab
tconstruct:brownstone_slab:2, Brownstone Paver Slab
tconstruct:brownstone_slab:3, Brownstone Bricks Slab
tconstruct:brownstone_slab:4, Cracked Brownstone Bricks Slab
tconstruct:brownstone_slab:5, Fancy Brownstone Bricks Slab
tconstruct:brownstone_slab:6, Square Brownstone Bricks Slab
tconstruct:brownstone_slab:7, Brownstone Road Slab
tconstruct:brownstone_slab2:0, Brownstone Creeperface Slab
tconstruct:brownstone_slab2:1, Triangle Brownstone Bricks Slab
tconstruct:brownstone_slab2:2, Small Brownstone Bricks Slab
tconstruct:brownstone_slab2:3, Brownstone Tile Slab
tconstruct:brownstone_stairs_smooth:0, Smooth Brownstone Stairs
tconstruct:brownstone_stairs_rough:0, Rough Brownstone Stairs
tconstruct:brownstone_stairs_paver:0, Brownstone Paver Stairs
tconstruct:brownstone_stairs_brick:0, Brownstone Bricks Stairs
tconstruct:brownstone_stairs_brick_cracked:0, Cracked Brownstone Bricks Stairs
tconstruct:brownstone_stairs_brick_fancy:0, Fancy Brownstone Bricks Stairs
tconstruct:brownstone_stairs_brick_square:0, Square Brownstone Bricks Stairs
tconstruct:brownstone_stairs_brick_triangle:0, Triangle Brownstone Bricks Stairs
tconstruct:brownstone_stairs_brick_small:0, Small Brownstone Bricks Stairs
tconstruct:brownstone_stairs_road:0, Brownstone Road Stairs
tconstruct:brownstone_stairs_tile:0, Brownstone Tile Stairs
tconstruct:brownstone_stairs_creeper:0, Brownstone Creeperface Stairs
tconstruct:slimesling:0, Slimesling
tconstruct:slimesling:1, Slimesling
tconstruct:slimesling:2, Slimesling
tconstruct:slimesling:3, Congealed Bloodsling
tconstruct:slimesling:4, Slimesling
tconstruct:slime_boots:0, Slime Boots
tconstruct:slime_boots:1, Slime Boots
tconstruct:slime_boots:2, Slime Boots
tconstruct:slime_boots:3, Congealed Blood Boots
tconstruct:slime_boots:4, Slime Boots
tconstruct:piggybackpack, Piggybackpack
tconstruct:throwball:0, Glowball
tconstruct:throwball:1, EFLN
tconstruct:stone_stick, Stone Rod
tconstruct:fancy_frame:0, Fancy Item Frame
tconstruct:fancy_frame:1, Aluminium Brass Item Frame
tconstruct:fancy_frame:2, Cobalt Item Frame
tconstruct:fancy_frame:3, Ardite Item Frame
tconstruct:fancy_frame:4, Manyullyn Item Frame
tconstruct:fancy_frame:5, Golden Item Frame
tconstruct:fancy_frame:6, Clear Item Frame
tconstruct:moms_spaghetti, Mom's Spaghetti
bhc:red_heart, Red Heart
bhc:yellow_heart, Yellow Heart
bhc:green_heart, Green Heart
bhc:blue_heart, Blue Heart
bhc:canister, Canister
bhc:red_heart_canister, Red Heart Canister
bhc:yellow_heart_canister, Yellow Heart Canister
bhc:green_heart_canister, Green Heart Canister
bhc:blue_heart_canister, Blue Heart Canister
bhc:relic_apple, Relic Apple
bhc:wither_bone, Wither Bone
bhc:heart_amulet, Heart Amulet
mekanism:electricbow, Electric Bow
mekanism:dust:0, Iron Dust
mekanism:dust:1, Gold Dust
mekanism:dust:2, Osmium Dust
mekanism:dust:3, Copper Dust
mekanism:dust:4, Tin Dust
mekanism:dust:5, Silver Dust
mekanism:dust:6, Lead Dust
mekanism:ingot:0, Refined Obsidian Ingot
mekanism:ingot:1, Osmium Ingot
mekanism:ingot:2, Bronze Ingot
mekanism:ingot:3, Glowstone Ingot
mekanism:ingot:4, Steel Ingot
mekanism:ingot:5, Copper Ingot
mekanism:ingot:6, Tin Ingot
mekanism:nugget:0, Refined Obsidian Nugget
mekanism:nugget:1, Osmium Nugget
mekanism:nugget:2, Bronze Nugget
mekanism:nugget:3, Glowstone Nugget
mekanism:nugget:4, Steel Nugget
mekanism:nugget:5, Copper Nugget
mekanism:nugget:6, Tin Nugget
mekanism:energytablet, Energy Tablet
mekanism:speedupgrade, Speed Upgrade
mekanism:energyupgrade, Energy Upgrade
mekanism:filterupgrade, Filter Upgrade
mekanism:mufflingupgrade, Muffling Upgrade
mekanism:gasupgrade, Gas Upgrade
mekanism:anchorupgrade, Anchor Upgrade
mekanism:robit, Robit
mekanism:atomicdisassembler, Atomic Disassembler
mekanism:enrichedalloy, Infused Alloy
mekanism:reinforcedalloy, Reinforced Alloy
mekanism:atomicalloy, Atomic Alloy
mekanism:itemproxy, item.ItemProxy.name
mekanism:controlcircuit:0, Basic Control Circuit
mekanism:controlcircuit:1, Advanced Control Circuit
mekanism:controlcircuit:2, Elite Control Circuit
mekanism:controlcircuit:3, Ultimate Control Circuit
mekanism:enrichediron, Enriched Iron
mekanism:compressedcarbon, Compressed Carbon
mekanism:compressedredstone, Compressed Redstone
mekanism:compresseddiamond, Compressed Diamond
mekanism:compressedobsidian, Compressed Obsidian
mekanism:portableteleporter, Portable Teleporter
mekanism:teleportationcore, Teleportation Core
mekanism:clump:0, Iron Clump
mekanism:clump:1, Gold Clump
mekanism:clump:2, Osmium Clump
mekanism:clump:3, Copper Clump
mekanism:clump:4, Tin Clump
mekanism:clump:5, Silver Clump
mekanism:clump:6, Lead Clump
mekanism:dirtydust:0, Dirty Iron Dust
mekanism:dirtydust:1, Dirty Gold Dust
mekanism:dirtydust:2, Dirty Osmium Dust
mekanism:dirtydust:3, Dirty Copper Dust
mekanism:dirtydust:4, Dirty Tin Dust
mekanism:dirtydust:5, Dirty Silver Dust
mekanism:dirtydust:6, Dirty Lead Dust
mekanism:configurator, Configurator
mekanism:networkreader, Network Reader
mekanism:walkietalkie, Walkie-Talkie
mekanism:jetpack, Jetpack
mekanism:dictionary, Dictionary
mekanism:gasmask, Gas Mask
mekanism:scubatank, Scuba Tank
mekanism:balloon:0, §8Black Balloon
mekanism:balloon:1, §cRed Balloon
mekanism:balloon:2, §2Green Balloon
mekanism:balloon:3, §6Brown Balloon
mekanism:balloon:4, §1Blue Balloon
mekanism:balloon:5, §5Purple Balloon
mekanism:balloon:6, §3Cyan Balloon
mekanism:balloon:7, §7Light Grey Balloon
mekanism:balloon:8, §8Grey Balloon
mekanism:balloon:9, §dPink Balloon
mekanism:balloon:10, §aLime Balloon
mekanism:balloon:11, §eYellow Balloon
mekanism:balloon:12, §9Light Blue Balloon
mekanism:balloon:13, §dMagenta Balloon
mekanism:balloon:14, §6Orange Balloon
mekanism:balloon:15, §fWhite Balloon
mekanism:shard:0, Iron Shard
mekanism:shard:1, Gold Shard
mekanism:shard:2, Osmium Shard
mekanism:shard:3, Copper Shard
mekanism:shard:4, Tin Shard
mekanism:shard:5, Silver Shard
mekanism:shard:6, Lead Shard
mekanism:electrolyticcore, Electrolytic Core
mekanism:sawdust, Sawdust
mekanism:salt, Salt
mekanism:crystal:0, Iron Crystal
mekanism:crystal:1, Gold Crystal
mekanism:crystal:2, Osmium Crystal
mekanism:crystal:3, Copper Crystal
mekanism:crystal:4, Tin Crystal
mekanism:crystal:5, Silver Crystal
mekanism:crystal:6, Lead Crystal
mekanism:freerunners, Free Runners
mekanism:armoredjetpack, Armored Jetpack
mekanism:configurationcard, Configuration Card
mekanism:craftingformula, Crafting Formula
mekanism:seismicreader, Seismic Reader
mekanism:substrate, Substrate
mekanism:polyethene:0, HDPE Pellet
mekanism:polyethene:1, HDPE Rod
mekanism:polyethene:2, HDPE Sheet
mekanism:polyethene:3, PlaStick
mekanism:biofuel, Bio Fuel
mekanism:flamethrower, Flamethrower
mekanism:gaugedropper, Gauge Dropper
mekanism:tierinstaller:0, Basic Tier Installer
mekanism:tierinstaller:1, Advanced Tier Installer
mekanism:tierinstaller:2, Elite Tier Installer
mekanism:tierinstaller:3, Ultimate Tier Installer
mekanism:otherdust:0, Diamond Dust
mekanism:otherdust:1, Steel Dust
mekanism:otherdust:3, Sulfur Dust
mekanism:otherdust:4, Lithium Dust
mekanism:otherdust:5, Refined Obsidian Dust
mekanism:otherdust:6, Obsidian Dust
mekanism:basicblock:0, Osmium Block
mekanism:basicblock:1, Bronze Block
mekanism:basicblock:2, Refined Obsidian
mekanism:basicblock:3, Charcoal Block
mekanism:basicblock:4, Refined Glowstone
mekanism:basicblock:5, Steel Block
mekanism:basicblock:6, Basic Bin
mekanism:basicblock:6, Advanced Bin
mekanism:basicblock:6, Elite Bin
mekanism:basicblock:6, Ultimate Bin
mekanism:basicblock:6, Creative Bin
mekanism:basicblock:7, Teleporter Frame
mekanism:basicblock:8, Steel Casing
mekanism:basicblock:9, Dynamic Tank
mekanism:basicblock:10, Structural Glass
mekanism:basicblock:11, Dynamic Valve
mekanism:basicblock:12, Copper Block
mekanism:basicblock:13, Tin Block
mekanism:basicblock:14, Thermal Evaporation Controller
mekanism:basicblock:15, Thermal Evaporation Valve
mekanism:basicblock2:0, Thermal Evaporation Block
mekanism:basicblock2:1, Induction Casing
mekanism:basicblock2:2, Induction Port
mekanism:basicblock2:3, Basic Induction Cell
mekanism:basicblock2:3, Advanced Induction Cell
mekanism:basicblock2:3, Elite Induction Cell
mekanism:basicblock2:3, Ultimate Induction Cell
mekanism:basicblock2:4, Basic Induction Provider
mekanism:basicblock2:4, Advanced Induction Provider
mekanism:basicblock2:4, Elite Induction Provider
mekanism:basicblock2:4, Ultimate Induction Provider
mekanism:basicblock2:5, Superheating Element
mekanism:basicblock2:6, Pressure Disperser
mekanism:basicblock2:7, Boiler Casing
mekanism:basicblock2:8, Boiler Valve
mekanism:basicblock2:9, Security Desk
mekanism:machineblock:0, Enrichment Chamber
mekanism:machineblock:1, Osmium Compressor
mekanism:machineblock:2, Combiner
mekanism:machineblock:3, Crusher
mekanism:machineblock:4, Digital Miner
mekanism:machineblock:5, Basic Smelting Factory
mekanism:machineblock:5, Basic Enriching Factory
mekanism:machineblock:5, Basic Crushing Factory
mekanism:machineblock:5, Basic Compressing Factory
mekanism:machineblock:5, Basic Combining Factory
mekanism:machineblock:5, Basic Purifying Factory
mekanism:machineblock:5, Basic Injecting Factory
mekanism:machineblock:5, Basic Infusing Factory
mekanism:machineblock:5, Basic Sawing Factory
mekanism:machineblock:6, Advanced Smelting Factory
mekanism:machineblock:6, Advanced Enriching Factory
mekanism:machineblock:6, Advanced Crushing Factory
mekanism:machineblock:6, Advanced Compressing Factory
mekanism:machineblock:6, Advanced Combining Factory
mekanism:machineblock:6, Advanced Purifying Factory
mekanism:machineblock:6, Advanced Injecting Factory
mekanism:machineblock:6, Advanced Infusing Factory
mekanism:machineblock:6, Advanced Sawing Factory
mekanism:machineblock:7, Elite Smelting Factory
mekanism:machineblock:7, Elite Enriching Factory
mekanism:machineblock:7, Elite Crushing Factory
mekanism:machineblock:7, Elite Compressing Factory
mekanism:machineblock:7, Elite Combining Factory
mekanism:machineblock:7, Elite Purifying Factory
mekanism:machineblock:7, Elite Injecting Factory
mekanism:machineblock:7, Elite Infusing Factory
mekanism:machineblock:7, Elite Sawing Factory
mekanism:machineblock:8, Metallurgic Infuser
mekanism:machineblock:9, Purification Chamber
mekanism:machineblock:10, Energized Smelter
mekanism:machineblock:11, Teleporter
mekanism:machineblock:12, Electric Pump
mekanism:machineblock:13, Personal Chest
mekanism:machineblock:14, Chargepad
mekanism:machineblock:15, Logistical Sorter
mekanism:machineblock2:0, Rotary Condensentrator
mekanism:machineblock2:1, Chemical Oxidizer
mekanism:machineblock2:2, Chemical Infuser
mekanism:machineblock2:3, Chemical Injection Chamber
mekanism:machineblock2:4, Electrolytic Separator
mekanism:machineblock2:5, Precision Sawmill
mekanism:machineblock2:6, Chemical Dissolution Chamber
mekanism:machineblock2:7, Chemical Washer
mekanism:machineblock2:8, Chemical Crystallizer
mekanism:machineblock2:9, Seismic Vibrator
mekanism:machineblock2:10, Pressurized Reaction Chamber
mekanism:machineblock2:11, Basic Fluid Tank
mekanism:machineblock2:11, Advanced Fluid Tank
mekanism:machineblock2:11, Elite Fluid Tank
mekanism:machineblock2:11, Ultimate Fluid Tank
mekanism:machineblock2:11, Creative Fluid Tank
mekanism:machineblock2:12, Fluidic Plenisher
mekanism:machineblock2:13, Laser
mekanism:machineblock2:14, Laser Amplifier
mekanism:machineblock2:15, Laser Tractor Beam
mekanism:machineblock3:0, Quantum Entangloporter
mekanism:machineblock3:1, Solar Neutron Activator
mekanism:machineblock3:3, Oredictionificator
mekanism:machineblock3:4, Resistive Heater
mekanism:machineblock3:5, Formulaic Assemblicator
mekanism:machineblock3:6, Fuelwood Heater
mekanism:oreblock:0, Osmium Ore
mekanism:oreblock:1, Copper Ore
mekanism:oreblock:2, Tin Ore
mekanism:energycube:0, Basic Energy Cube
mekanism:energycube:0, Basic Energy Cube
mekanism:energycube:0, Advanced Energy Cube
mekanism:energycube:0, Advanced Energy Cube
mekanism:energycube:0, Elite Energy Cube
mekanism:energycube:0, Elite Energy Cube
mekanism:energycube:0, Ultimate Energy Cube
mekanism:energycube:0, Ultimate Energy Cube
mekanism:energycube:0, Creative Energy Cube
mekanism:energycube:0, Creative Energy Cube
mekanism:transmitter:0, Basic Universal Cable
mekanism:transmitter:0, Advanced Universal Cable
mekanism:transmitter:0, Elite Universal Cable
mekanism:transmitter:0, Ultimate Universal Cable
mekanism:transmitter:1, Basic Mechanical Pipe
mekanism:transmitter:1, Advanced Mechanical Pipe
mekanism:transmitter:1, Elite Mechanical Pipe
mekanism:transmitter:1, Ultimate Mechanical Pipe
mekanism:transmitter:2, Basic Pressurized Tube
mekanism:transmitter:2, Advanced Pressurized Tube
mekanism:transmitter:2, Elite Pressurized Tube
mekanism:transmitter:2, Ultimate Pressurized Tube
mekanism:transmitter:3, Basic Logistical Transporter
mekanism:transmitter:3, Advanced Logistical Transporter
mekanism:transmitter:3, Elite Logistical Transporter
mekanism:transmitter:3, Ultimate Logistical Transporter
mekanism:transmitter:4, Restrictive Transporter
mekanism:transmitter:5, Diversion Transporter
mekanism:transmitter:6, Basic Thermodynamic Conductor
mekanism:transmitter:6, Advanced Thermodynamic Conductor
mekanism:transmitter:6, Elite Thermodynamic Conductor
mekanism:transmitter:6, Ultimate Thermodynamic Conductor
mekanism:obsidiantnt, Obsidian TNT
mekanism:boundingblock, Bounding Block
mekanism:gastank:0, Basic Gas Tank
mekanism:gastank:0, Advanced Gas Tank
mekanism:gastank:0, Elite Gas Tank
mekanism:gastank:0, Ultimate Gas Tank
mekanism:gastank:0, Creative Gas Tank
mekanism:gastank:0, Creative Gas Tank
mekanism:gastank:0, Creative Gas Tank
mekanism:gastank:0, Creative Gas Tank
mekanism:gastank:0, Creative Gas Tank
mekanism:gastank:0, Creative Gas Tank
mekanism:gastank:0, Creative Gas Tank
mekanism:gastank:0, Creative Gas Tank
mekanism:gastank:0, Creative Gas Tank
mekanism:gastank:0, Creative Gas Tank
mekanism:gastank:0, Creative Gas Tank
mekanism:gastank:0, Creative Gas Tank
mekanism:gastank:0, Creative Gas Tank
mekanism:gastank:0, Creative Gas Tank
mekanism:gastank:0, Creative Gas Tank
mekanism:gastank:0, Creative Gas Tank
mekanism:cardboardbox, Cardboard Box
mekanism:glowpanel:0, §8Black Glow Panel
mekanism:glowpanel:1, §cRed Glow Panel
mekanism:glowpanel:2, §2Green Glow Panel
mekanism:glowpanel:3, §6Brown Glow Panel
mekanism:glowpanel:4, §1Blue Glow Panel
mekanism:glowpanel:5, §5Purple Glow Panel
mekanism:glowpanel:6, §3Cyan Glow Panel
mekanism:glowpanel:7, §7Light Grey Glow Panel
mekanism:glowpanel:8, §8Grey Glow Panel
mekanism:glowpanel:9, §dPink Glow Panel
mekanism:glowpanel:10, §aLime Glow Panel
mekanism:glowpanel:11, §eYellow Glow Panel
mekanism:glowpanel:12, §9Light Blue Glow Panel
mekanism:glowpanel:13, §dMagenta Glow Panel
mekanism:glowpanel:14, §6Orange Glow Panel
mekanism:glowpanel:15, §fWhite Glow Panel
mekanism:plasticblock:0, §8Black Plastic Block
mekanism:plasticblock:1, §cRed Plastic Block
mekanism:plasticblock:2, §2Green Plastic Block
mekanism:plasticblock:3, §6Brown Plastic Block
mekanism:plasticblock:4, §1Blue Plastic Block
mekanism:plasticblock:5, §5Purple Plastic Block
mekanism:plasticblock:6, §3Cyan Plastic Block
mekanism:plasticblock:7, §7Light Grey Plastic Block
mekanism:plasticblock:8, §8Grey Plastic Block
mekanism:plasticblock:9, §dPink Plastic Block
mekanism:plasticblock:10, §aLime Plastic Block
mekanism:plasticblock:11, §eYellow Plastic Block
mekanism:plasticblock:12, §9Light Blue Plastic Block
mekanism:plasticblock:13, §dMagenta Plastic Block
mekanism:plasticblock:14, §6Orange Plastic Block
mekanism:plasticblock:15, §fWhite Plastic Block
mekanism:slickplasticblock:0, §8Black Slick Plastic Block
mekanism:slickplasticblock:1, §cRed Slick Plastic Block
mekanism:slickplasticblock:2, §2Green Slick Plastic Block
mekanism:slickplasticblock:3, §6Brown Slick Plastic Block
mekanism:slickplasticblock:4, §1Blue Slick Plastic Block
mekanism:slickplasticblock:5, §5Purple Slick Plastic Block
mekanism:slickplasticblock:6, §3Cyan Slick Plastic Block
mekanism:slickplasticblock:7, §7Light Grey Slick Plastic Block
mekanism:slickplasticblock:8, §8Grey Slick Plastic Block
mekanism:slickplasticblock:9, §dPink Slick Plastic Block
mekanism:slickplasticblock:10, §aLime Slick Plastic Block
mekanism:slickplasticblock:11, §eYellow Slick Plastic Block
mekanism:slickplasticblock:12, §9Light Blue Slick Plastic Block
mekanism:slickplasticblock:13, §dMagenta Slick Plastic Block
mekanism:slickplasticblock:14, §6Orange Slick Plastic Block
mekanism:slickplasticblock:15, §fWhite Slick Plastic Block
mekanism:glowplasticblock:0, §8Black Plastic Glow Block
mekanism:glowplasticblock:1, §cRed Plastic Glow Block
mekanism:glowplasticblock:2, §2Green Plastic Glow Block
mekanism:glowplasticblock:3, §6Brown Plastic Glow Block
mekanism:glowplasticblock:4, §1Blue Plastic Glow Block
mekanism:glowplasticblock:5, §5Purple Plastic Glow Block
mekanism:glowplasticblock:6, §3Cyan Plastic Glow Block
mekanism:glowplasticblock:7, §7Light Grey Plastic Glow Block
mekanism:glowplasticblock:8, §8Grey Plastic Glow Block
mekanism:glowplasticblock:9, §dPink Plastic Glow Block
mekanism:glowplasticblock:10, §aLime Plastic Glow Block
mekanism:glowplasticblock:11, §eYellow Plastic Glow Block
mekanism:glowplasticblock:12, §9Light Blue Plastic Glow Block
mekanism:glowplasticblock:13, §dMagenta Plastic Glow Block
mekanism:glowplasticblock:14, §6Orange Plastic Glow Block
mekanism:glowplasticblock:15, §fWhite Plastic Glow Block
mekanism:reinforcedplasticblock:0, §8Black Reinforced Plastic Block
mekanism:reinforcedplasticblock:1, §cRed Reinforced Plastic Block
mekanism:reinforcedplasticblock:2, §2Green Reinforced Plastic Block
mekanism:reinforcedplasticblock:3, §6Brown Reinforced Plastic Block
mekanism:reinforcedplasticblock:4, §1Blue Reinforced Plastic Block
mekanism:reinforcedplasticblock:5, §5Purple Reinforced Plastic Block
mekanism:reinforcedplasticblock:6, §3Cyan Reinforced Plastic Block
mekanism:reinforcedplasticblock:7, §7Light Grey Reinforced Plastic Block
mekanism:reinforcedplasticblock:8, §8Grey Reinforced Plastic Block
mekanism:reinforcedplasticblock:9, §dPink Reinforced Plastic Block
mekanism:reinforcedplasticblock:10, §aLime Reinforced Plastic Block
mekanism:reinforcedplasticblock:11, §eYellow Reinforced Plastic Block
mekanism:reinforcedplasticblock:12, §9Light Blue Reinforced Plastic Block
mekanism:reinforcedplasticblock:13, §dMagenta Reinforced Plastic Block
mekanism:reinforcedplasticblock:14, §6Orange Reinforced Plastic Block
mekanism:reinforcedplasticblock:15, §fWhite Reinforced Plastic Block
mekanism:roadplasticblock:0, §8Black Plastic Road
mekanism:roadplasticblock:1, §cRed Plastic Road
mekanism:roadplasticblock:2, §2Green Plastic Road
mekanism:roadplasticblock:3, §6Brown Plastic Road
mekanism:roadplasticblock:4, §1Blue Plastic Road
mekanism:roadplasticblock:5, §5Purple Plastic Road
mekanism:roadplasticblock:6, §3Cyan Plastic Road
mekanism:roadplasticblock:7, §7Light Grey Plastic Road
mekanism:roadplasticblock:8, §8Grey Plastic Road
mekanism:roadplasticblock:9, §dPink Plastic Road
mekanism:roadplasticblock:10, §aLime Plastic Road
mekanism:roadplasticblock:11, §eYellow Plastic Road
mekanism:roadplasticblock:12, §9Light Blue Plastic Road
mekanism:roadplasticblock:13, §dMagenta Plastic Road
mekanism:roadplasticblock:14, §6Orange Plastic Road
mekanism:roadplasticblock:15, §fWhite Plastic Road
mekanism:plasticfence:0, §8Black Plastic Barrier
mekanism:plasticfence:1, §cRed Plastic Barrier
mekanism:plasticfence:2, §2Green Plastic Barrier
mekanism:plasticfence:3, §6Brown Plastic Barrier
mekanism:plasticfence:4, §1Blue Plastic Barrier
mekanism:plasticfence:5, §5Purple Plastic Barrier
mekanism:plasticfence:6, §3Cyan Plastic Barrier
mekanism:plasticfence:7, §7Light Grey Plastic Barrier
mekanism:plasticfence:8, §8Grey Plastic Barrier
mekanism:plasticfence:9, §dPink Plastic Barrier
mekanism:plasticfence:10, §aLime Plastic Barrier
mekanism:plasticfence:11, §eYellow Plastic Barrier
mekanism:plasticfence:12, §9Light Blue Plastic Barrier
mekanism:plasticfence:13, §dMagenta Plastic Barrier
mekanism:plasticfence:14, §6Orange Plastic Barrier
mekanism:plasticfence:15, §fWhite Plastic Barrier
mekanism:saltblock, Salt Block
mekanismgenerators:solarpanel, Solar Panel
mekanismgenerators:hohlraum, Hohlraum
mekanismgenerators:turbineblade, Turbine Blade
mekanismgenerators:generator:0, Heat Generator
mekanismgenerators:generator:1, Solar Generator
mekanismgenerators:generator:3, Gas-Burning Generator
mekanismgenerators:generator:4, Bio-Generator
mekanismgenerators:generator:5, Advanced Solar Generator
mekanismgenerators:generator:6, Wind Generator
mekanismgenerators:generator:7, Turbine Rotor
mekanismgenerators:generator:8, Rotational Complex
mekanismgenerators:generator:9, Electromagnetic Coil
mekanismgenerators:generator:10, Turbine Casing
mekanismgenerators:generator:11, Turbine Valve
mekanismgenerators:generator:12, Turbine Vent
mekanismgenerators:generator:13, Saturating Condenser
mekanismgenerators:reactor:0, Reactor Controller
mekanismgenerators:reactor:1, Reactor Frame
mekanismgenerators:reactor:2, Reactor Port
mekanismgenerators:reactor:3, Reactor Logic Adapter
mekanismgenerators:reactorglass:0, Reactor Glass
mekanismgenerators:reactorglass:1, Laser Focus Matrix
bfr:reactor:0, Reactor Controller
bfr:reactor:1, Reactor Frame
bfr:reactor:2, Reactor Port
bfr:reactor:3, Reactor Logic Adapter
bfr:reactorglass:0, Reactor Glass
bfr:reactorglass:1, Laser Focus Matrix
conarm:helmet_core:0, Wooden Helmet Core
conarm:helmet_core:0, Stone Helmet Core
conarm:helmet_core:0, Flint Helmet Core
conarm:helmet_core:0, Cactus Helmet Core
conarm:helmet_core:0, Bone Helmet Core
conarm:helmet_core:0, Obsidian Helmet Core
conarm:helmet_core:0, Prismarine Helmet Core
conarm:helmet_core:0, End Helmet Core
conarm:helmet_core:0, Paper Helmet Core
conarm:helmet_core:0, Sponge Helmet Core
conarm:helmet_core:0, Firewood Helmet Core
conarm:helmet_core:0, Iron Helmet Core
conarm:helmet_core:0, Pig Iron Helmet Core
conarm:helmet_core:0, Knightslime Helmet Core
conarm:helmet_core:0, Slime Helmet Core
conarm:helmet_core:0, Slime Helmet Core
conarm:helmet_core:0, Magma Slime Helmet Core
conarm:helmet_core:0, Netherrack Helmet Core
conarm:helmet_core:0, Cobalt Helmet Core
conarm:helmet_core:0, Ardite Helmet Core
conarm:helmet_core:0, Manyullyn Helmet Core
conarm:helmet_core:0, Copper Helmet Core
conarm:helmet_core:0, Bronze Helmet Core
conarm:helmet_core:0, Lead Helmet Core
conarm:helmet_core:0, Silver Helmet Core
conarm:helmet_core:0, Electrum Helmet Core
conarm:helmet_core:0, Steel Helmet Core
conarm:helmet_core:0, Certus Quartz Helmet Core
conarm:helmet_core:0, Fluix Crystal Helmet Core
conarm:helmet_core:0, Charged Certus Quartz Helmet Core
conarm:helmet_core:0, Starmetal Helmet Core
conarm:helmet_core:0, Glowstone Helmet Core
conarm:helmet_core:0, Zinc Helmet Core
conarm:helmet_core:0, Titanium Helmet Core
conarm:helmet_core:0, Iridium Helmet Core
conarm:helmet_core:0, Aluminum Helmet Core
conarm:helmet_core:0, Platinum Helmet Core
conarm:helmet_core:0, Invar Helmet Core
conarm:helmet_core:0, Amethyst Helmet Core
conarm:helmet_core:0, Ruby Helmet Core
conarm:helmet_core:0, Sapphire Helmet Core
conarm:helmet_core:0, Peridot Helmet Core
conarm:helmet_core:0, Yellorium Helmet Core
conarm:helmet_core:0, Cyanite Helmet Core
conarm:helmet_core:0, Ludicrite Helmet Core
conarm:helmet_core:0, Blutonium Helmet Core
conarm:helmet_core:0, Osmium Helmet Core
conarm:helmet_core:0, Refined Obsidian Helmet Core
conarm:helmet_core:0, Refined Glowstone Helmet Core
conarm:helmet_core:0, Thaumium Helmet Core
conarm:helmet_core:0, Lavium Helmet Core
conarm:helmet_core:0, Qivium Helmet Core
conarm:armor_trim:0, Wooden Armor Trim
conarm:armor_trim:0, Stone Armor Trim
conarm:armor_trim:0, Flint Armor Trim
conarm:armor_trim:0, Cactus Armor Trim
conarm:armor_trim:0, Bone Armor Trim
conarm:armor_trim:0, Obsidian Armor Trim
conarm:armor_trim:0, Prismarine Armor Trim
conarm:armor_trim:0, End Armor Trim
conarm:armor_trim:0, Paper Armor Trim
conarm:armor_trim:0, Sponge Armor Trim
conarm:armor_trim:0, Firewood Armor Trim
conarm:armor_trim:0, Iron Armor Trim
conarm:armor_trim:0, Pig Iron Armor Trim
conarm:armor_trim:0, Knightslime Armor Trim
conarm:armor_trim:0, Slime Armor Trim
conarm:armor_trim:0, Slime Armor Trim
conarm:armor_trim:0, Magma Slime Armor Trim
conarm:armor_trim:0, Netherrack Armor Trim
conarm:armor_trim:0, Cobalt Armor Trim
conarm:armor_trim:0, Ardite Armor Trim
conarm:armor_trim:0, Manyullyn Armor Trim
conarm:armor_trim:0, Copper Armor Trim
conarm:armor_trim:0, Bronze Armor Trim
conarm:armor_trim:0, Lead Armor Trim
conarm:armor_trim:0, Silver Armor Trim
conarm:armor_trim:0, Electrum Armor Trim
conarm:armor_trim:0, Steel Armor Trim
conarm:armor_trim:0, Certus Quartz Armor Trim
conarm:armor_trim:0, Fluix Crystal Armor Trim
conarm:armor_trim:0, Charged Certus Quartz Armor Trim
conarm:armor_trim:0, Starmetal Armor Trim
conarm:armor_trim:0, Glowstone Armor Trim
conarm:armor_trim:0, Zinc Armor Trim
conarm:armor_trim:0, Titanium Armor Trim
conarm:armor_trim:0, Iridium Armor Trim
conarm:armor_trim:0, Aluminum Armor Trim
conarm:armor_trim:0, Platinum Armor Trim
conarm:armor_trim:0, Invar Armor Trim
conarm:armor_trim:0, Amethyst Armor Trim
conarm:armor_trim:0, Ruby Armor Trim
conarm:armor_trim:0, Sapphire Armor Trim
conarm:armor_trim:0, Peridot Armor Trim
conarm:armor_trim:0, Yellorium Armor Trim
conarm:armor_trim:0, Cyanite Armor Trim
conarm:armor_trim:0, Ludicrite Armor Trim
conarm:armor_trim:0, Blutonium Armor Trim
conarm:armor_trim:0, Osmium Armor Trim
conarm:armor_trim:0, Refined Obsidian Armor Trim
conarm:armor_trim:0, Refined Glowstone Armor Trim
conarm:armor_trim:0, Thaumium Armor Trim
conarm:armor_trim:0, Lavium Armor Trim
conarm:armor_trim:0, Qivium Armor Trim
conarm:armor_plate:0, Wooden Armor Plates
conarm:armor_plate:0, Stone Armor Plates
conarm:armor_plate:0, Flint Armor Plates
conarm:armor_plate:0, Cactus Armor Plates
conarm:armor_plate:0, Bone Armor Plates
conarm:armor_plate:0, Obsidian Armor Plates
conarm:armor_plate:0, Prismarine Armor Plates
conarm:armor_plate:0, End Armor Plates
conarm:armor_plate:0, Paper Armor Plates
conarm:armor_plate:0, Sponge Armor Plates
conarm:armor_plate:0, Firewood Armor Plates
conarm:armor_plate:0, Iron Armor Plates
conarm:armor_plate:0, Pig Iron Armor Plates
conarm:armor_plate:0, Knightslime Armor Plates
conarm:armor_plate:0, Slime Armor Plates
conarm:armor_plate:0, Slime Armor Plates
conarm:armor_plate:0, Magma Slime Armor Plates
conarm:armor_plate:0, Netherrack Armor Plates
conarm:armor_plate:0, Cobalt Armor Plates
conarm:armor_plate:0, Ardite Armor Plates
conarm:armor_plate:0, Manyullyn Armor Plates
conarm:armor_plate:0, Copper Armor Plates
conarm:armor_plate:0, Bronze Armor Plates
conarm:armor_plate:0, Lead Armor Plates
conarm:armor_plate:0, Silver Armor Plates
conarm:armor_plate:0, Electrum Armor Plates
conarm:armor_plate:0, Steel Armor Plates
conarm:armor_plate:0, Certus Quartz Armor Plates
conarm:armor_plate:0, Fluix Crystal Armor Plates
conarm:armor_plate:0, Charged Certus Quartz Armor Plates
conarm:armor_plate:0, Starmetal Armor Plates
conarm:armor_plate:0, Glowstone Armor Plates
conarm:armor_plate:0, Zinc Armor Plates
conarm:armor_plate:0, Titanium Armor Plates
conarm:armor_plate:0, Iridium Armor Plates
conarm:armor_plate:0, Aluminum Armor Plates
conarm:armor_plate:0, Platinum Armor Plates
conarm:armor_plate:0, Invar Armor Plates
conarm:armor_plate:0, Amethyst Armor Plates
conarm:armor_plate:0, Ruby Armor Plates
conarm:armor_plate:0, Sapphire Armor Plates
conarm:armor_plate:0, Peridot Armor Plates
conarm:armor_plate:0, Yellorium Armor Plates
conarm:armor_plate:0, Cyanite Armor Plates
conarm:armor_plate:0, Ludicrite Armor Plates
conarm:armor_plate:0, Blutonium Armor Plates
conarm:armor_plate:0, Osmium Armor Plates
conarm:armor_plate:0, Refined Obsidian Armor Plates
conarm:armor_plate:0, Refined Glowstone Armor Plates
conarm:armor_plate:0, Thaumium Armor Plates
conarm:armor_plate:0, Lavium Armor Plates
conarm:armor_plate:0, Qivium Armor Plates
conarm:chest_core:0, Wooden Chestplate Core
conarm:chest_core:0, Stone Chestplate Core
conarm:chest_core:0, Flint Chestplate Core
conarm:chest_core:0, Cactus Chestplate Core
conarm:chest_core:0, Bone Chestplate Core
conarm:chest_core:0, Obsidian Chestplate Core
conarm:chest_core:0, Prismarine Chestplate Core
conarm:chest_core:0, End Chestplate Core
conarm:chest_core:0, Paper Chestplate Core
conarm:chest_core:0, Sponge Chestplate Core
conarm:chest_core:0, Firewood Chestplate Core
conarm:chest_core:0, Iron Chestplate Core
conarm:chest_core:0, Pig Iron Chestplate Core
conarm:chest_core:0, Knightslime Chestplate Core
conarm:chest_core:0, Slime Chestplate Core
conarm:chest_core:0, Slime Chestplate Core
conarm:chest_core:0, Magma Slime Chestplate Core
conarm:chest_core:0, Netherrack Chestplate Core
conarm:chest_core:0, Cobalt Chestplate Core
conarm:chest_core:0, Ardite Chestplate Core
conarm:chest_core:0, Manyullyn Chestplate Core
conarm:chest_core:0, Copper Chestplate Core
conarm:chest_core:0, Bronze Chestplate Core
conarm:chest_core:0, Lead Chestplate Core
conarm:chest_core:0, Silver Chestplate Core
conarm:chest_core:0, Electrum Chestplate Core
conarm:chest_core:0, Steel Chestplate Core
conarm:chest_core:0, Certus Quartz Chestplate Core
conarm:chest_core:0, Fluix Crystal Chestplate Core
conarm:chest_core:0, Charged Certus Quartz Chestplate Core
conarm:chest_core:0, Starmetal Chestplate Core
conarm:chest_core:0, Glowstone Chestplate Core
conarm:chest_core:0, Zinc Chestplate Core
conarm:chest_core:0, Titanium Chestplate Core
conarm:chest_core:0, Iridium Chestplate Core
conarm:chest_core:0, Aluminum Chestplate Core
conarm:chest_core:0, Platinum Chestplate Core
conarm:chest_core:0, Invar Chestplate Core
conarm:chest_core:0, Amethyst Chestplate Core
conarm:chest_core:0, Ruby Chestplate Core
conarm:chest_core:0, Sapphire Chestplate Core
conarm:chest_core:0, Peridot Chestplate Core
conarm:chest_core:0, Yellorium Chestplate Core
conarm:chest_core:0, Cyanite Chestplate Core
conarm:chest_core:0, Ludicrite Chestplate Core
conarm:chest_core:0, Blutonium Chestplate Core
conarm:chest_core:0, Osmium Chestplate Core
conarm:chest_core:0, Refined Obsidian Chestplate Core
conarm:chest_core:0, Refined Glowstone Chestplate Core
conarm:chest_core:0, Thaumium Chestplate Core
conarm:chest_core:0, Lavium Chestplate Core
conarm:chest_core:0, Qivium Chestplate Core
conarm:leggings_core:0, Wooden Leggings Core
conarm:leggings_core:0, Stone Leggings Core
conarm:leggings_core:0, Flint Leggings Core
conarm:leggings_core:0, Cactus Leggings Core
conarm:leggings_core:0, Bone Leggings Core
conarm:leggings_core:0, Obsidian Leggings Core
conarm:leggings_core:0, Prismarine Leggings Core
conarm:leggings_core:0, End Leggings Core
conarm:leggings_core:0, Paper Leggings Core
conarm:leggings_core:0, Sponge Leggings Core
conarm:leggings_core:0, Firewood Leggings Core
conarm:leggings_core:0, Iron Leggings Core
conarm:leggings_core:0, Pig Iron Leggings Core
conarm:leggings_core:0, Knightslime Leggings Core
conarm:leggings_core:0, Slime Leggings Core
conarm:leggings_core:0, Slime Leggings Core
conarm:leggings_core:0, Magma Slime Leggings Core
conarm:leggings_core:0, Netherrack Leggings Core
conarm:leggings_core:0, Cobalt Leggings Core
conarm:leggings_core:0, Ardite Leggings Core
conarm:leggings_core:0, Manyullyn Leggings Core
conarm:leggings_core:0, Copper Leggings Core
conarm:leggings_core:0, Bronze Leggings Core
conarm:leggings_core:0, Lead Leggings Core
conarm:leggings_core:0, Silver Leggings Core
conarm:leggings_core:0, Electrum Leggings Core
conarm:leggings_core:0, Steel Leggings Core
conarm:leggings_core:0, Certus Quartz Leggings Core
conarm:leggings_core:0, Fluix Crystal Leggings Core
conarm:leggings_core:0, Charged Certus Quartz Leggings Core
conarm:leggings_core:0, Starmetal Leggings Core
conarm:leggings_core:0, Glowstone Leggings Core
conarm:leggings_core:0, Zinc Leggings Core
conarm:leggings_core:0, Titanium Leggings Core
conarm:leggings_core:0, Iridium Leggings Core
conarm:leggings_core:0, Aluminum Leggings Core
conarm:leggings_core:0, Platinum Leggings Core
conarm:leggings_core:0, Invar Leggings Core
conarm:leggings_core:0, Amethyst Leggings Core
conarm:leggings_core:0, Ruby Leggings Core
conarm:leggings_core:0, Sapphire Leggings Core
conarm:leggings_core:0, Peridot Leggings Core
conarm:leggings_core:0, Yellorium Leggings Core
conarm:leggings_core:0, Cyanite Leggings Core
conarm:leggings_core:0, Ludicrite Leggings Core
conarm:leggings_core:0, Blutonium Leggings Core
conarm:leggings_core:0, Osmium Leggings Core
conarm:leggings_core:0, Refined Obsidian Leggings Core
conarm:leggings_core:0, Refined Glowstone Leggings Core
conarm:leggings_core:0, Thaumium Leggings Core
conarm:leggings_core:0, Lavium Leggings Core
conarm:leggings_core:0, Qivium Leggings Core
conarm:boots_core:0, Wooden Boots Core
conarm:boots_core:0, Stone Boots Core
conarm:boots_core:0, Flint Boots Core
conarm:boots_core:0, Cactus Boots Core
conarm:boots_core:0, Bone Boots Core
conarm:boots_core:0, Obsidian Boots Core
conarm:boots_core:0, Prismarine Boots Core
conarm:boots_core:0, End Boots Core
conarm:boots_core:0, Paper Boots Core
conarm:boots_core:0, Sponge Boots Core
conarm:boots_core:0, Firewood Boots Core
conarm:boots_core:0, Iron Boots Core
conarm:boots_core:0, Pig Iron Boots Core
conarm:boots_core:0, Knightslime Boots Core
conarm:boots_core:0, Slime Boots Core
conarm:boots_core:0, Slime Boots Core
conarm:boots_core:0, Magma Slime Boots Core
conarm:boots_core:0, Netherrack Boots Core
conarm:boots_core:0, Cobalt Boots Core
conarm:boots_core:0, Ardite Boots Core
conarm:boots_core:0, Manyullyn Boots Core
conarm:boots_core:0, Copper Boots Core
conarm:boots_core:0, Bronze Boots Core
conarm:boots_core:0, Lead Boots Core
conarm:boots_core:0, Silver Boots Core
conarm:boots_core:0, Electrum Boots Core
conarm:boots_core:0, Steel Boots Core
conarm:boots_core:0, Certus Quartz Boots Core
conarm:boots_core:0, Fluix Crystal Boots Core
conarm:boots_core:0, Charged Certus Quartz Boots Core
conarm:boots_core:0, Starmetal Boots Core
conarm:boots_core:0, Glowstone Boots Core
conarm:boots_core:0, Zinc Boots Core
conarm:boots_core:0, Titanium Boots Core
conarm:boots_core:0, Iridium Boots Core
conarm:boots_core:0, Aluminum Boots Core
conarm:boots_core:0, Platinum Boots Core
conarm:boots_core:0, Invar Boots Core
conarm:boots_core:0, Amethyst Boots Core
conarm:boots_core:0, Ruby Boots Core
conarm:boots_core:0, Sapphire Boots Core
conarm:boots_core:0, Peridot Boots Core
conarm:boots_core:0, Yellorium Boots Core
conarm:boots_core:0, Cyanite Boots Core
conarm:boots_core:0, Ludicrite Boots Core
conarm:boots_core:0, Blutonium Boots Core
conarm:boots_core:0, Osmium Boots Core
conarm:boots_core:0, Refined Obsidian Boots Core
conarm:boots_core:0, Refined Glowstone Boots Core
conarm:boots_core:0, Thaumium Boots Core
conarm:boots_core:0, Lavium Boots Core
conarm:boots_core:0, Qivium Boots Core
conarm:helmet, Helmet
conarm:chestplate, Chestplate
conarm:leggings, Leggings
conarm:boots, Boots
conarm:book, Materials and You - Armory Addendum
conarm:invisible_ink, Invisible Ink
conarm:resist_mat, Resistance
conarm:resist_mat_fire, Fire Resistance
conarm:resist_mat_proj, Projectile Resistance
conarm:resist_mat_blast, Blast Resistance
conarm:gauntlet_mat, Gauntlet (Base)
conarm:gauntlet_mat_speed, Gauntlet of Dexterity
conarm:gauntlet_mat_attack, Gauntlet of Power
conarm:gauntlet_mat_reach, Gauntlet of Far Reach
conarm:frosty_soles, Frosty Soles
conarm:travel_belt_base, Traveller's Belt (Base)
conarm:travel_belt, Traveller's Belt (Storage)
conarm:travel_potion, Traveller's Belt (Alchemy)
conarm:travel_sack, Traveller's Knapsack
conarm:travel_goggles_base, Traveller's Goggles (Base)
conarm:travel_goggles, Traveller's Goggles (Zoom)
conarm:travel_night, Traveller's Goggles (Night Vision)
conarm:travel_cloak, Traveller's Cloak (Base)
conarm:travel_sneak, Traveller's Cloak (Invisibility)
conarm:travel_slowfall, Traveller's Cloak (Slow Fall)
conarm:travel_soul, Traveller's Goggles (Soul Sight)
conarm:polishing_kit:0, Wooden Polishing Kit
conarm:polishing_kit:0, Stone Polishing Kit
conarm:polishing_kit:0, Flint Polishing Kit
conarm:polishing_kit:0, Cactus Polishing Kit
conarm:polishing_kit:0, Bone Polishing Kit
conarm:polishing_kit:0, Obsidian Polishing Kit
conarm:polishing_kit:0, Prismarine Polishing Kit
conarm:polishing_kit:0, End Polishing Kit
conarm:polishing_kit:0, Paper Polishing Kit
conarm:polishing_kit:0, Sponge Polishing Kit
conarm:polishing_kit:0, Firewood Polishing Kit
conarm:polishing_kit:0, Iron Polishing Kit
conarm:polishing_kit:0, Pig Iron Polishing Kit
conarm:polishing_kit:0, Knightslime Polishing Kit
conarm:polishing_kit:0, Slime Polishing Kit
conarm:polishing_kit:0, Slime Polishing Kit
conarm:polishing_kit:0, Magma Slime Polishing Kit
conarm:polishing_kit:0, Netherrack Polishing Kit
conarm:polishing_kit:0, Cobalt Polishing Kit
conarm:polishing_kit:0, Ardite Polishing Kit
conarm:polishing_kit:0, Manyullyn Polishing Kit
conarm:polishing_kit:0, Copper Polishing Kit
conarm:polishing_kit:0, Bronze Polishing Kit
conarm:polishing_kit:0, Lead Polishing Kit
conarm:polishing_kit:0, Silver Polishing Kit
conarm:polishing_kit:0, Electrum Polishing Kit
conarm:polishing_kit:0, Steel Polishing Kit
conarm:polishing_kit:0, Certus Quartz Polishing Kit
conarm:polishing_kit:0, Fluix Crystal Polishing Kit
conarm:polishing_kit:0, Charged Certus Quartz Polishing Kit
conarm:polishing_kit:0, Starmetal Polishing Kit
conarm:polishing_kit:0, Glowstone Polishing Kit
conarm:polishing_kit:0, Zinc Polishing Kit
conarm:polishing_kit:0, Titanium Polishing Kit
conarm:polishing_kit:0, Iridium Polishing Kit
conarm:polishing_kit:0, Aluminum Polishing Kit
conarm:polishing_kit:0, Platinum Polishing Kit
conarm:polishing_kit:0, Invar Polishing Kit
conarm:polishing_kit:0, Amethyst Polishing Kit
conarm:polishing_kit:0, Ruby Polishing Kit
conarm:polishing_kit:0, Sapphire Polishing Kit
conarm:polishing_kit:0, Peridot Polishing Kit
conarm:polishing_kit:0, Yellorium Polishing Kit
conarm:polishing_kit:0, Cyanite Polishing Kit
conarm:polishing_kit:0, Ludicrite Polishing Kit
conarm:polishing_kit:0, Blutonium Polishing Kit
conarm:polishing_kit:0, Osmium Polishing Kit
conarm:polishing_kit:0, Refined Obsidian Polishing Kit
conarm:polishing_kit:0, Refined Glowstone Polishing Kit
conarm:polishing_kit:0, Thaumium Polishing Kit
conarm:polishing_kit:0, Lavium Polishing Kit
conarm:polishing_kit:0, Qivium Polishing Kit
conarm:armorforge:0, Armor Forge
conarm:armorforge:0, Armor Forge
conarm:armorforge:0, Armor Forge
conarm:armorforge:0, Armor Forge
conarm:armorforge:0, Armor Forge
conarm:armorforge:0, Armor Forge
conarm:armorforge:0, Armor Forge
conarm:armorforge:0, Armor Forge
conarm:armorforge:0, Armor Forge
conarm:armorforge:0, Armor Forge
conarm:armorforge:0, Armor Forge
conarm:armorforge:0, Armor Forge
conarm:armorforge:0, Armor Forge
conarm:armorforge:0, Armor Forge
conarm:armorforge:0, Armor Forge
conarm:armorforge:0, Armor Forge
conarm:armorforge:0, Armor Forge
conarm:armorforge:0, Armor Forge
conarm:armorforge:0, Armor Forge
conarm:armorforge:0, Armor Forge
conarm:armorstation:0, Armor Station
bountifulbaubles:reforger, Reforging Station
bountifulbaubles:modifierbook, item.bountifulbaubles.modifierBook.name
bountifulbaubles:ringiron, Iron Ring
bountifulbaubles:trinketballoon, Balloon
bountifulbaubles:shieldcobalt, Cobalt Shield
bountifulbaubles:trinketobsidianskull, Obsidian Skull
bountifulbaubles:shieldobsidian, Obsidian Shield
bountifulbaubles:trinketmagiclenses, Sunglasses
bountifulbaubles:trinketapple, Forbidden Fruit
bountifulbaubles:trinketvitamins, Vitamins
bountifulbaubles:ringoverclocking, Ring of Overclocking
bountifulbaubles:trinketshulkerheart, Shulker Heart
bountifulbaubles:ringfreeaction, Ring of Free Action
bountifulbaubles:trinketbezoar, Bezoar
bountifulbaubles:enderdragonscale, Ender Dragon Scale
bountifulbaubles:brokenblackdragonscale, Cracked Black Dragon Scale
bountifulbaubles:trinketblackdragonscale, Black Dragon Scale
bountifulbaubles:trinketmixeddragonscale, Mixed Color Dragon Scale
bountifulbaubles:trinketankhcharm, Ankh Charm
bountifulbaubles:shieldankh, Ankh Shield
bountifulbaubles:ringflywheel, Flywheel Ring
bountifulbaubles:ringflywheeladvanced, Advanced Flywheel Ring
bountifulbaubles:magicmirror, Magic Mirror
bountifulbaubles:potionrecall, Recall Potion
bountifulbaubles:wormholemirror, Wormhole Mirror
bountifulbaubles:potionwormhole, Wormhole Potion
bountifulbaubles:trinketluckyhorseshoe, Lucky Horseshoe
bountifulbaubles:amuletsinempty, Sin Pendant (Empty)
bountifulbaubles:amuletsingluttony, Gluttony Pendant
bountifulbaubles:crowngold, Golden Crown
bountifulbaubles:amuletsinpride, Pride Pendant
bountifulbaubles:amuletsinwrath, Wrath Pendant
bountifulbaubles:trinketbrokenheart, Broken Heart
bountifulbaubles:amuletcross, Cross Necklace
bountifulbaubles:phantomprism, Phantom Prism
bountifulbaubles:disintegrationtablet, Disintegration Tablet
bountifulbaubles:spectralsilt, Spectral Silt
bountifulbaubles:flaregun, Flare Gun
bountifulbaubles:flare_red, Flare
corpsecomplex:scroll, Grave Scroll
crossbows:crossbow, Crossbow
deeperdepths:deepslate:0, Deepslate
deeperdepths:deepslate:1, Infested Deepslate
deeperdepths:stone:0, Tuff
deeperdepths:stone:1, Polished Tuff
deeperdepths:stone:2, Chiseled Tuff
deeperdepths:stone:3, Tuff Bricks
deeperdepths:stone:4, Chiseled Tuff Bricks
deeperdepths:stone:5, Calcite
deeperdepths:stone:6, Cobbled Deepslate
deeperdepths:stone:7, Chiseled Deepslate
deeperdepths:stone:8, Polished Deepslate
deeperdepths:stone:9, Deepslate Bricks
deeperdepths:stone:10, Cracked Deepslate Bricks
deeperdepths:stone:11, Deepslate Tiles
deeperdepths:stone:12, Cracked Deepslate Tiles
deeperdepths:stone_slab:0, Tuff Slab
deeperdepths:stone_slab:1, Polished Tuff Slab
deeperdepths:stone_slab:2, Tuff Brick Slab
deeperdepths:stone_slab:3, Cobbled Deepslate Slab
deeperdepths:stone_slab:4, Polished Deepslate Slab
deeperdepths:stone_slab:5, Deepslate Brick Slab
deeperdepths:stone_slab:6, Deepslate Tile Slab
deeperdepths:tuff_stairs, Tuff Stairs
deeperdepths:polished_tuff_stairs, Polished Tuff Stairs
deeperdepths:tuff_brick_stairs, Tuff Brick Stairs
deeperdepths:cobbled_deepslate_stairs, Cobbled Deepslate Stairs
deeperdepths:polished_deepslate_stairs, Polished Deepslate Stairs
deeperdepths:deepslate_brick_stairs, Deepslate Brick Stairs
deeperdepths:deepslate_tile_stairs, Deepslate Tile Stairs
deeperdepths:stone_wall:0, Tuff Wall
deeperdepths:stone_wall:1, Polished Tuff Wall
deeperdepths:stone_wall:2, Tuff Brick Wall
deeperdepths:stone_wall:3, Cobbled Deepslate Wall
deeperdepths:stone_wall:4, Polished Deepslate Wall
deeperdepths:stone_wall:5, Deepslate Brick Wall
deeperdepths:stone_wall:6, Deepslate Tile Wall
deeperdepths:reinforced_deepslate, Reinforced Deepslate
deeperdepths:copper_ore, Copper Ore
deeperdepths:copper_block:0, Block of Copper
deeperdepths:copper_block:1, Exposed Copper
deeperdepths:copper_block:2, Weathered Copper
deeperdepths:copper_block:3, Oxidized Copper
deeperdepths:copper_block:4, Waxed Block of Copper
deeperdepths:copper_block:5, Waxed Exposed Copper
deeperdepths:copper_block:6, Waxed Weathered Copper
deeperdepths:copper_block:7, Waxed Oxidized Copper
deeperdepths:cut_copper:0, Cut Copper
deeperdepths:cut_copper:1, Exposed Cut Copper
deeperdepths:cut_copper:2, Weathered Cut Copper
deeperdepths:cut_copper:3, Oxidized Cut Copper
deeperdepths:cut_copper:4, Waxed Cut Copper
deeperdepths:cut_copper:5, Waxed Exposed Cut Copper
deeperdepths:cut_copper:6, Waxed Weathered Cut Copper
deeperdepths:cut_copper:7, Waxed Oxidized Cut Copper
deeperdepths:cut_copper_slab:0, Cut Copper Slab
deeperdepths:cut_copper_slab:1, Exposed Cut Copper Slab
deeperdepths:cut_copper_slab:2, Weathered Cut Copper Slab
deeperdepths:cut_copper_slab:3, Oxidized Cut Copper Slab
deeperdepths:cut_copper_slab:4, Waxed Cut Copper Slab
deeperdepths:cut_copper_slab:5, Waxed Exposed Cut Copper Slab
deeperdepths:cut_copper_slab:6, Waxed Weathered Cut Copper Slab
deeperdepths:cut_copper_slab:7, Waxed Oxidized Cut Copper Slab
deeperdepths:chiseled_copper:0, Chiseled Copper
deeperdepths:chiseled_copper:1, Exposed Chiseled Copper
deeperdepths:chiseled_copper:2, Weathered Chiseled Copper
deeperdepths:chiseled_copper:3, Oxidized Chiseled Copper
deeperdepths:chiseled_copper:4, Waxed Chiseled Copper
deeperdepths:chiseled_copper:5, Waxed Exposed Chiseled Copper
deeperdepths:chiseled_copper:6, Waxed Weathered Chiseled Copper
deeperdepths:chiseled_copper:7, Waxed Oxidized Chiseled Copper
deeperdepths:copper_grate:0, Copper Grate
deeperdepths:copper_grate:1, Exposed Copper Grate
deeperdepths:copper_grate:2, Weathered Copper Grate
deeperdepths:copper_grate:3, Oxidized Copper Grate
deeperdepths:copper_grate:4, Waxed Copper Grate
deeperdepths:copper_grate:5, Waxed Exposed Copper Grate
deeperdepths:copper_grate:6, Waxed Weathered Copper Grate
deeperdepths:copper_grate:7, Waxed Oxidized Copper Grate
deeperdepths:copper_bulb:0, Copper Bulb
deeperdepths:copper_bulb:1, Exposed Copper Bulb
deeperdepths:copper_bulb:2, Weathered Copper Bulb
deeperdepths:copper_bulb:3, Oxidized Copper Bulb
deeperdepths:waxed_copper_bulb:0, Waxed Copper Bulb
deeperdepths:waxed_copper_bulb:1, Waxed Exposed Copper Bulb
deeperdepths:waxed_copper_bulb:2, Waxed Weathered Copper Bulb
deeperdepths:waxed_copper_bulb:3, Waxed Oxidized Copper Bulb
deeperdepths:cut_copper_stairs, Cut Copper Stairs
deeperdepths:exposed_cut_copper_stairs, Exposed Cut Copper Stairs
deeperdepths:weathered_cut_copper_stairs, Weathered Cut Copper Stairs
deeperdepths:oxidized_cut_copper_stairs, Oxidized Cut Copper Stairs
deeperdepths:waxed_cut_copper_stairs, Waxed Cut Copper Stairs
deeperdepths:waxed_exposed_cut_copper_stairs, Waxed Exposed Cut Copper Stairs
deeperdepths:waxed_weathered_cut_copper_stairs, Waxed Weathered Cut Copper Stairs
deeperdepths:waxed_oxidized_cut_copper_stairs, Waxed Oxidized Cut Copper Stairs
deeperdepths:copper_trapdoor, Copper Trapdoor
deeperdepths:exposed_copper_trapdoor, Exposed Copper Trapdoor
deeperdepths:weathered_copper_trapdoor, Weathered Copper Trapdoor
deeperdepths:oxidized_copper_trapdoor, Oxidized Copper Trapdoor
deeperdepths:waxed_copper_trapdoor, Waxed Copper Trapdoor
deeperdepths:waxed_exposed_copper_trapdoor, Waxed Exposed Copper Trapdoor
deeperdepths:waxed_weathered_copper_trapdoor, Waxed Weathered Copper Trapdoor
deeperdepths:waxed_oxidized_copper_trapdoor, Waxed Oxidized Copper Trapdoor
deeperdepths:copper_door, Copper Door
deeperdepths:exposed_copper_door, Exposed Copper Door
deeperdepths:weathered_copper_door, Weathered Copper Door
deeperdepths:oxidized_copper_door, Oxidized Copper Door
deeperdepths:waxed_copper_door, Waxed Copper Door
deeperdepths:waxed_exposed_copper_door, Waxed Exposed Copper Door
deeperdepths:waxed_weathered_copper_door, Waxed Weathered Copper Door
deeperdepths:waxed_oxidized_copper_door, Waxed Oxidized Copper Door
deeperdepths:lightning_rod, Lightning Rod
deeperdepths:exposed_lightning_rod, Exposed Lightning Rod
deeperdepths:weathered_lightning_rod, Weathered Lightning Rod
deeperdepths:oxidized_lightning_rod, Oxidized Lightning Rod
deeperdepths:waxed_lightning_rod, Waxed Lightning Rod
deeperdepths:waxed_exposed_lightning_rod, Waxed Exposed Lightning Rod
deeperdepths:waxed_weathered_lightning_rod, Waxed Weathered Lightning Rod
deeperdepths:waxed_oxidized_lightning_rod, Waxed Oxidized Lightning Rod
deeperdepths:copper_bars, Copper Bars
deeperdepths:exposed_copper_bars, Exposed Copper Bars
deeperdepths:weathered_copper_bars, Weathered Copper Bars
deeperdepths:oxidized_copper_bars, Oxidized Copper Bars
deeperdepths:waxed_copper_bars, Waxed Copper Bars
deeperdepths:waxed_exposed_copper_bars, Waxed Exposed Copper Bars
deeperdepths:waxed_weathered_copper_bars, Waxed Weathered Copper Bars
deeperdepths:waxed_oxidized_copper_bars, Waxed Oxidized Copper Bars
deeperdepths:copper_chest:0, Copper Chest
deeperdepths:copper_chest:1, Exposed Copper Chest
deeperdepths:copper_chest:2, Weathered Copper Chest
deeperdepths:copper_chest:3, Oxidized Copper Chest
deeperdepths:waxed_copper_chest:0, Waxed Copper Chest
deeperdepths:waxed_copper_chest:1, Waxed Exposed Copper Chest
deeperdepths:waxed_copper_chest:2, Waxed Weathered Copper Chest
deeperdepths:waxed_copper_chest:3, Waxed Oxidized Copper Chest
deeperdepths:copper_chain:0, Copper Chain
deeperdepths:copper_chain:1, Exposed Copper Chain
deeperdepths:copper_chain:2, Weathered Copper Chain
deeperdepths:copper_chain:3, Oxidized Copper Chain
deeperdepths:waxed_copper_chain:0, Waxed Copper Chain
deeperdepths:waxed_copper_chain:1, Waxed Exposed Copper Chain
deeperdepths:waxed_copper_chain:2, Waxed Weathered Copper Chain
deeperdepths:waxed_copper_chain:3, Waxed Oxidized Copper Chain
deeperdepths:copper_lantern:0, Copper Lantern
deeperdepths:copper_lantern:1, Exposed Copper Lantern
deeperdepths:copper_lantern:2, Weathered Copper Lantern
deeperdepths:copper_lantern:3, Oxidized Copper Lantern
deeperdepths:copper_lantern:4, Waxed Copper Lantern
deeperdepths:copper_lantern:5, Waxed Exposed Copper Lantern
deeperdepths:copper_lantern:6, Waxed Weathered Copper Lantern
deeperdepths:copper_lantern:7, Waxed Oxidized Copper Lantern
deeperdepths:amethyst_block, Amethyst Block
deeperdepths:budding_amethyst, Budding Amethyst
deeperdepths:small_amethyst_bud, Small Amethyst Bud
deeperdepths:medium_amethyst_bud, Medium Amethyst Bud
deeperdepths:large_amethyst_bud, Large Amethyst Bud
deeperdepths:amethyst_cluster, Amethyst Cluster
deeperdepths:tinted_glass, Tinted Glass
deeperdepths:candle, Candle
deeperdepths:white_candle, White Candle
deeperdepths:orange_candle, Orange Candle
deeperdepths:magenta_candle, Magenta Candle
deeperdepths:light_blue_candle, Light Blue Candle
deeperdepths:yellow_candle, Yellow Candle
deeperdepths:lime_candle, Lime Candle
deeperdepths:pink_candle, Pink Candle
deeperdepths:gray_candle, Gray Candle
deeperdepths:light_gray_candle, Light Gray Candle
deeperdepths:cyan_candle, Cyan Candle
deeperdepths:purple_candle, Purple Candle
deeperdepths:blue_candle, Blue Candle
deeperdepths:brown_candle, Brown Candle
deeperdepths:green_candle, Green Candle
deeperdepths:red_candle, Red Candle
deeperdepths:black_candle, Black Candle
deeperdepths:trial_spawner, Trial Spawner
deeperdepths:vault:0, Vault
deeperdepths:vault:1, Ominous Vault
deeperdepths:trial_pot, Trial Pot
deeperdepths:heavy_core, Heavy Core
deeperdepths:copper_torch, Copper Torch
deeperdepths:material:0, Copper Ingot
deeperdepths:material:4, Copper Nugget
deeperdepths:material:1, Amethyst Shard
deeperdepths:material:3, Breeze Rod
deeperdepths:wind_charge, Wind Charge
deeperdepths:explorer_map:0, Trial Explorer Map
deeperdepths:copper_sword, Copper Sword
deeperdepths:copper_hoe, Copper Hoe
deeperdepths:copper_pickaxe, Copper Pickaxe
deeperdepths:copper_axe, Copper Axe
deeperdepths:copper_shovel, Copper Shovel
deeperdepths:copper_helmet, Copper Helmet
deeperdepths:copper_chestplate, Copper Chestplate
deeperdepths:copper_leggings, Copper Leggings
deeperdepths:copper_boots, Copper Boots
deeperdepths:copper_horse_armour, Copper Horse Armor
deeperdepths:spyglass, Spyglass
deeperdepths:trial_key:0, Trial Key
deeperdepths:trial_key:1, Ominous Trial Key
deeperdepths:trial_chambers_painting, Trial Chambers Painting
deeperdepths:ominous_bottle:0, Ominous Bottle
deeperdepths:ominous_bottle:1, Ominous Bottle
deeperdepths:ominous_bottle:2, Ominous Bottle
deeperdepths:ominous_bottle:3, Ominous Bottle
deeperdepths:ominous_bottle:4, Ominous Bottle
deeperdepths:mace, Mace
projecte:alchemical_chest, Alchemical Chest
projecte:collector_mk1, Energy Collector MK1
projecte:collector_mk2, Energy Collector MK2
projecte:collector_mk3, Energy Collector MK3
projecte:condenser_mk1, Energy Condenser
projecte:condenser_mk2, Energy Condenser MK2
projecte:dm_furnace, Dark Matter Furnace
projecte:dm_pedestal, Dark Matter Pedestal
projecte:fuel_block:0, Alchemical Coal Block
projecte:fuel_block:1, Mobius Fuel Block
projecte:fuel_block:2, Aeternalis Fuel Block
projecte:interdiction_torch, Interdiction Torch
projecte:matter_block:0, Dark Matter Block
projecte:matter_block:1, Red Matter Block
projecte:nova_catalyst, Nova Catalyst
projecte:nova_cataclysm, Nova Cataclysm
projecte:relay_mk1, Anti-Matter Relay MK1
projecte:relay_mk2, Anti-Matter Relay MK2
projecte:relay_mk3, Anti-Matter Relay MK3
projecte:rm_furnace, Red Matter Furnace
projecte:transmutation_table, Transmutation Table
projecte:item.pe_philosophers_stone, Philosopher's Stone
projecte:item.pe_alchemical_bag:0, Alchemical Bag (White)
projecte:item.pe_alchemical_bag:1, Alchemical Bag (Orange)
projecte:item.pe_alchemical_bag:2, Alchemical Bag (Magenta)
projecte:item.pe_alchemical_bag:3, Alchemical Bag (Light Blue)
projecte:item.pe_alchemical_bag:4, Alchemical Bag (Yellow)
projecte:item.pe_alchemical_bag:5, Alchemical Bag (Lime)
projecte:item.pe_alchemical_bag:6, Alchemical Bag (Pink)
projecte:item.pe_alchemical_bag:7, Alchemical Bag (Gray)
projecte:item.pe_alchemical_bag:8, Alchemical Bag (Light Gray)
projecte:item.pe_alchemical_bag:9, Alchemical Bag (Cyan)
projecte:item.pe_alchemical_bag:10, Alchemical Bag (Purple)
projecte:item.pe_alchemical_bag:11, Alchemical Bag (Blue)
projecte:item.pe_alchemical_bag:12, Alchemical Bag (Brown)
projecte:item.pe_alchemical_bag:13, Alchemical Bag (Green)
projecte:item.pe_alchemical_bag:14, Alchemical Bag (Red)
projecte:item.pe_alchemical_bag:15, Alchemical Bag (Black)
projecte:item.pe_repair_talisman, Repair Talisman
projecte:item.pe_klein_star:0, Klein Star Ein
projecte:item.pe_klein_star:1, Klein Star Zwei
projecte:item.pe_klein_star:2, Klein Star Drei
projecte:item.pe_klein_star:3, Klein Star Vier
projecte:item.pe_klein_star:4, Klein Star Sphere
projecte:item.pe_klein_star:5, Klein Star Omega
projecte:item.pe_fuel:0, Alchemical Coal
projecte:item.pe_fuel:1, Mobius Fuel
projecte:item.pe_fuel:2, Aeternalis Fuel
projecte:item.pe_covalence_dust:0, Low Covalence Dust
projecte:item.pe_covalence_dust:1, Medium Covalence Dust
projecte:item.pe_covalence_dust:2, High Covalence Dust
projecte:item.pe_matter:0, Dark Matter
projecte:item.pe_matter:1, Red Matter
projecte:item.pe_dm_pick, Dark Matter Pickaxe
projecte:item.pe_dm_axe, Dark Matter Axe
projecte:item.pe_dm_shovel, Dark Matter Shovel
projecte:item.pe_dm_sword, Dark Matter Sword
projecte:item.pe_dm_hoe, Dark Matter Hoe
projecte:item.pe_dm_shears, Dark Matter Shears
projecte:item.pe_dm_hammer, Dark Matter Hammer
projecte:item.pe_rm_pick, Red Matter Pickaxe
projecte:item.pe_rm_axe, Red Matter Axe
projecte:item.pe_rm_shovel, Red Matter Shovel
projecte:item.pe_rm_sword, Red Matter Sword
projecte:item.pe_rm_hoe, Red Matter Hoe
projecte:item.pe_rm_shears, Red Matter Shears
projecte:item.pe_rm_hammer, Red Matter Hammer
projecte:item.pe_rm_katar, Red Katar
projecte:item.pe_rm_morning_star, Red Morningstar
projecte:item.pe_dm_armor_3, Dark Matter Helmet
projecte:item.pe_dm_armor_2, Dark Matter Chestplate
projecte:item.pe_dm_armor_1, Dark Matter Leggings
projecte:item.pe_dm_armor_0, Dark Matter Boots
projecte:item.pe_rm_armor_3, Red Matter Helmet
projecte:item.pe_rm_armor_2, Red Matter Chestplate
projecte:item.pe_rm_armor_1, Red Matter Leggings
projecte:item.pe_rm_armor_0, Red Matter Boots
projecte:item.pe_gem_armor_3, Gem Helmet
projecte:item.pe_gem_armor_2, Gem Chestplate
projecte:item.pe_gem_armor_1, Gem Leggings
projecte:item.pe_gem_armor_0, Gem Boots
projecte:item.pe_ring_iron_band, Iron Band
projecte:item.pe_black_hole, Black Hole Band
projecte:item.pe_archangel_smite, Archangel's Smite
projecte:item.pe_harvest_god, Harvest Goddess Band
projecte:item.pe_ignition, Ignition Ring
projecte:item.pe_zero_ring, Zero Ring
projecte:item.pe_swrg, Swiftwolf's Rending Gale
projecte:item.pe_time_watch, Watch of Flowing Time
projecte:item.pe_gem_density, Gem of Eternal Density
projecte:item.pe_divining_rod_1, Divining Rod (low)
projecte:item.pe_divining_rod_2, Divining Rod (medium)
projecte:item.pe_divining_rod_3, Divining Rod (high)
projecte:item.pe_mercurial_eye, Mercurial Eye
projecte:item.pe_void_ring, Void Ring
projecte:item.pe_arcana_ring, Ring of Arcana
projecte:item.pe_body_stone, Body Stone
projecte:item.pe_soul_stone, Soul Stone
projecte:item.pe_mind_stone, Mind Stone
projecte:item.pe_life_stone, Life Stone
projecte:item.pe_evertide_amulet, Evertide Amulet
projecte:item.pe_volcanite_amulet, Volcanite Amulet
projecte:item.pe_water_orb, Water Orb
projecte:item.pe_lava_orb, Lava Orb
projecte:item.pe_randomizer, Randomizer Orb
projecte:item.pe_lens_explosive, Explosive Lens
projecte:item.pe_fire_projectile, item.pe_fire_projectile.name
projecte:item.pe_wind_projectile, item.pe_wind_projectile.name
projecte:item.pe_destruction_catalyst, Destruction Catalyst
projecte:item.pe_hyperkinetic_lens, Hyperkinetic Lens
projecte:item.pe_catalitic_lens, Catalytic Lens
projecte:item.pe_tome, Tome of Knowledge
projecte:item.pe_transmutation_tablet, Transmutation Tablet
projecte:item.pe_manual, Book of the Alchemist [WIP]
zerocore:debugtool, Debug Tool
bigreactors:ingotyellorium, Yellorium Ingot
bigreactors:ingotcyanite, Cyanite Ingot
bigreactors:ingotgraphite, Graphite Bar
bigreactors:ingotblutonium, Blutonium Ingot
bigreactors:ingotludicrite, Ludicrite Ingot
bigreactors:ingotsteel, Steel Ingot
bigreactors:dustyellorium, Yellorium Dust
bigreactors:dustcyanite, Cyanite Dust
bigreactors:dustgraphite, Graphite Dust
bigreactors:dustblutonium, Blutonium Dust
bigreactors:dustludicrite, Ludicrite Dust
bigreactors:duststeel, Steel Dust
bigreactors:mineralanglesite, Anglesite (PbSO4)
bigreactors:mineralbenitoite, Benitoite (BaTiSi3O9)
bigreactors:reactorcasingcores, Reactor Casing Core (Legacy)
bigreactors:turbinehousingcores, Turbine Housing Core (Legacy)
bigreactors:wrench, Extreme Wrench
bigreactors:blockyellorium, Yellorium Block
bigreactors:oreanglesite, Anglesite Ore
bigreactors:turbinecreativesteamgenerator, Turbine Creative Steam Generator (Legacy)
bigreactors:turbinerotorblade, Turbine Rotor Blade (Legacy)
bigreactors:blockblutonium, Blutonium Block
bigreactors:orebenitoite, Benitoite Ore
bigreactors:turbinebearing, Turbine Rotor Bearing (Legacy)
bigreactors:reactorrednetport, Reactor RedNet Port (Legacy)
bigreactors:turbinehousing, Turbine Housing (Legacy)
bigreactors:blocksteel, Steel Block
bigreactors:reactoraccessport, Reactor Access Port (Legacy)
bigreactors:turbinecomputerport, Turbine Computer Port (Legacy)
bigreactors:turbinerotorshaft, Turbine Rotor Shaft (Legacy)
bigreactors:reactorcreativecoolantport, Reactor Creative Coolant Port (Legacy)
bigreactors:turbinefluidport, Turbine Fluid Port (Legacy)
bigreactors:blockgraphite, Graphite Block
bigreactors:blockcyanite, Cyanite Block
bigreactors:reactorcoolantport, Reactor Coolant Port (Legacy)
bigreactors:turbinecontroller, Turbine Controller (Legacy)
bigreactors:reactorpowertaptesla, Reactor Tesla Power Tap (Legacy)
bigreactors:turbineglass, Turbine Glass (Legacy)
bigreactors:reactorcasing, Reactor Casing (Legacy)
bigreactors:reactorpowertaprf, Reactor Redstone Flux Power Tap (Legacy)
bigreactors:reactorcontroller, Reactor Controller (Legacy)
bigreactors:reactorredstoneport, Reactor Redstone Port (Legacy)
bigreactors:oreyellorite, Yellorite Ore
bigreactors:blockludicrite, Ludicrite Block
bigreactors:turbinepowertaprf, Turbine Redstone Flux Power Tap (Legacy)
bigreactors:turbinepowertaptesla, Turbine Tesla Power Tap (Legacy)
bigreactors:reactorcomputerport, Reactor Computer Port (Legacy)
bigreactors:reactorglass, Reactor Glass (Legacy)
bigreactors:reactorcontrolrod, Reactor Control Rod (Legacy)
bigreactors:reactorfuelrod, Reactor Fuel Rod (Legacy)
ironchest:iron_chest:0, Iron Chest
ironchest:iron_chest:1, Gold Chest
ironchest:iron_chest:2, Diamond Chest
ironchest:iron_chest:3, Copper Chest
ironchest:iron_chest:4, Silver Chest
ironchest:iron_chest:5, Crystal Chest
ironchest:iron_chest:6, Obsidian Chest
ironchest:iron_chest:7, DirtChest 9000!
ironchest:iron_shulker_box_white:0, White Iron Shulker Box
ironchest:iron_shulker_box_white:1, White Gold Shulker Box
ironchest:iron_shulker_box_white:2, White Diamond Shulker Box
ironchest:iron_shulker_box_white:3, White Copper Shulker Box
ironchest:iron_shulker_box_white:4, White Silver Shulker Box
ironchest:iron_shulker_box_white:5, White Crystal Shulker Box
ironchest:iron_shulker_box_white:6, White Obsidian Shulker Box
ironchest:iron_shulker_box_orange:0, Orange Iron Shulker Box
ironchest:iron_shulker_box_orange:1, Orange Gold Shulker Box
ironchest:iron_shulker_box_orange:2, Orange Diamond Shulker Box
ironchest:iron_shulker_box_orange:3, Orange Copper Shulker Box
ironchest:iron_shulker_box_orange:4, Orange Silver Shulker Box
ironchest:iron_shulker_box_orange:5, Orange Crystal Shulker Box
ironchest:iron_shulker_box_orange:6, Orange Obsidian Shulker Box
ironchest:iron_shulker_box_magenta:0, Magenta Iron Shulker Box
ironchest:iron_shulker_box_magenta:1, Magenta Gold Shulker Box
ironchest:iron_shulker_box_magenta:2, Magenta Diamond Shulker Box
ironchest:iron_shulker_box_magenta:3, Magenta Copper Shulker Box
ironchest:iron_shulker_box_magenta:4, Magenta Silver Shulker Box
ironchest:iron_shulker_box_magenta:5, Magenta Crystal Shulker Box
ironchest:iron_shulker_box_magenta:6, Magenta Obsidian Shulker Box
ironchest:iron_shulker_box_light_blue:0, Light Blue Iron Shulker Box
ironchest:iron_shulker_box_light_blue:1, Light Blue Gold Shulker Box
ironchest:iron_shulker_box_light_blue:2, Light Blue Diamond Shulker Box
ironchest:iron_shulker_box_light_blue:3, Light Blue Copper Shulker Box
ironchest:iron_shulker_box_light_blue:4, Light Blue Silver Shulker Box
ironchest:iron_shulker_box_light_blue:5, Light Blue Crystal Shulker Box
ironchest:iron_shulker_box_light_blue:6, Light Blue Obsidian Shulker Box
ironchest:iron_shulker_box_yellow:0, Yellow Iron Shulker Box
ironchest:iron_shulker_box_yellow:1, Yellow Gold Shulker Box
ironchest:iron_shulker_box_yellow:2, Yellow Diamond Shulker Box
ironchest:iron_shulker_box_yellow:3, Yellow Copper Shulker Box
ironchest:iron_shulker_box_yellow:4, Yellow Silver Shulker Box
ironchest:iron_shulker_box_yellow:5, Yellow Crystal Shulker Box
ironchest:iron_shulker_box_yellow:6, Yellow Obsidian Shulker Box
ironchest:iron_shulker_box_lime:0, Lime Iron Shulker Box
ironchest:iron_shulker_box_lime:1, Lime Gold Shulker Box
ironchest:iron_shulker_box_lime:2, Lime Diamond Shulker Box
ironchest:iron_shulker_box_lime:3, Lime Copper Shulker Box
ironchest:iron_shulker_box_lime:4, Lime Silver Shulker Box
ironchest:iron_shulker_box_lime:5, Lime Crystal Shulker Box
ironchest:iron_shulker_box_lime:6, Lime Obsidian Shulker Box
ironchest:iron_shulker_box_pink:0, Pink Iron Shulker Box
ironchest:iron_shulker_box_pink:1, Pink Gold Shulker Box
ironchest:iron_shulker_box_pink:2, Pink Diamond Shulker Box
ironchest:iron_shulker_box_pink:3, Pink Copper Shulker Box
ironchest:iron_shulker_box_pink:4, Pink Silver Shulker Box
ironchest:iron_shulker_box_pink:5, Pink Crystal Shulker Box
ironchest:iron_shulker_box_pink:6, Pink Obsidian Shulker Box
ironchest:iron_shulker_box_gray:0, Gray Iron Shulker Box
ironchest:iron_shulker_box_gray:1, Gray Gold Shulker Box
ironchest:iron_shulker_box_gray:2, Gray Diamond Shulker Box
ironchest:iron_shulker_box_gray:3, Gray Copper Shulker Box
ironchest:iron_shulker_box_gray:4, Gray Silver Shulker Box
ironchest:iron_shulker_box_gray:5, Gray Crystal Shulker Box
ironchest:iron_shulker_box_gray:6, Gray Obsidian Shulker Box
ironchest:iron_shulker_box_silver:0, Light Gray Iron Shulker Box
ironchest:iron_shulker_box_silver:1, Light Gray Gold Shulker Box
ironchest:iron_shulker_box_silver:2, Light Gray Diamond Shulker Box
ironchest:iron_shulker_box_silver:3, Light Gray Copper Shulker Box
ironchest:iron_shulker_box_silver:4, Light Gray Silver Shulker Box
ironchest:iron_shulker_box_silver:5, Light Gray Crystal Shulker Box
ironchest:iron_shulker_box_silver:6, Light Gray Obsidian Shulker Box
ironchest:iron_shulker_box_cyan:0, Cyan Iron Shulker Box
ironchest:iron_shulker_box_cyan:1, Cyan Gold Shulker Box
ironchest:iron_shulker_box_cyan:2, Cyan Diamond Shulker Box
ironchest:iron_shulker_box_cyan:3, Cyan Copper Shulker Box
ironchest:iron_shulker_box_cyan:4, Cyan Silver Shulker Box
ironchest:iron_shulker_box_cyan:5, Cyan Crystal Shulker Box
ironchest:iron_shulker_box_cyan:6, Cyan Obsidian Shulker Box
ironchest:iron_shulker_box_purple:0, Purple Iron Shulker Box
ironchest:iron_shulker_box_purple:1, Purple Gold Shulker Box
ironchest:iron_shulker_box_purple:2, Purple Diamond Shulker Box
ironchest:iron_shulker_box_purple:3, Purple Copper Shulker Box
ironchest:iron_shulker_box_purple:4, Purple Silver Shulker Box
ironchest:iron_shulker_box_purple:5, Purple Crystal Shulker Box
ironchest:iron_shulker_box_purple:6, Purple Obsidian Shulker Box
ironchest:iron_shulker_box_blue:0, Blue Iron Shulker Box
ironchest:iron_shulker_box_blue:1, Blue Gold Shulker Box
ironchest:iron_shulker_box_blue:2, Blue Diamond Shulker Box
ironchest:iron_shulker_box_blue:3, Blue Copper Shulker Box
ironchest:iron_shulker_box_blue:4, Blue Silver Shulker Box
ironchest:iron_shulker_box_blue:5, Blue Crystal Shulker Box
ironchest:iron_shulker_box_blue:6, Blue Obsidian Shulker Box
ironchest:iron_shulker_box_brown:0, Brown Iron Shulker Box
ironchest:iron_shulker_box_brown:1, Brown Gold Shulker Box
ironchest:iron_shulker_box_brown:2, Brown Diamond Shulker Box
ironchest:iron_shulker_box_brown:3, Brown Copper Shulker Box
ironchest:iron_shulker_box_brown:4, Brown Silver Shulker Box
ironchest:iron_shulker_box_brown:5, Brown Crystal Shulker Box
ironchest:iron_shulker_box_brown:6, Brown Obsidian Shulker Box
ironchest:iron_shulker_box_green:0, Green Iron Shulker Box
ironchest:iron_shulker_box_green:1, Green Gold Shulker Box
ironchest:iron_shulker_box_green:2, Green Diamond Shulker Box
ironchest:iron_shulker_box_green:3, Green Copper Shulker Box
ironchest:iron_shulker_box_green:4, Green Silver Shulker Box
ironchest:iron_shulker_box_green:5, Green Crystal Shulker Box
ironchest:iron_shulker_box_green:6, Green Obsidian Shulker Box
ironchest:iron_shulker_box_red:0, Red Iron Shulker Box
ironchest:iron_shulker_box_red:1, Red Gold Shulker Box
ironchest:iron_shulker_box_red:2, Red Diamond Shulker Box
ironchest:iron_shulker_box_red:3, Red Copper Shulker Box
ironchest:iron_shulker_box_red:4, Red Silver Shulker Box
ironchest:iron_shulker_box_red:5, Red Crystal Shulker Box
ironchest:iron_shulker_box_red:6, Red Obsidian Shulker Box
ironchest:iron_shulker_box_black:0, Black Iron Shulker Box
ironchest:iron_shulker_box_black:1, Black Gold Shulker Box
ironchest:iron_shulker_box_black:2, Black Diamond Shulker Box
ironchest:iron_shulker_box_black:3, Black Copper Shulker Box
ironchest:iron_shulker_box_black:4, Black Silver Shulker Box
ironchest:iron_shulker_box_black:5, Black Crystal Shulker Box
ironchest:iron_shulker_box_black:6, Black Obsidian Shulker Box
ironchest:iron_gold_chest_upgrade, Iron to Gold Chest Upgrade
ironchest:gold_diamond_chest_upgrade, Gold to Diamond Chest Upgrade
ironchest:copper_silver_chest_upgrade, Copper to Silver Chest Upgrade
ironchest:silver_gold_chest_upgrade, Silver to Gold Chest Upgrade
ironchest:copper_iron_chest_upgrade, Copper to Iron Chest Upgrade
ironchest:diamond_crystal_chest_upgrade, Diamond to Crystal Chest Upgrade
ironchest:wood_iron_chest_upgrade, Wood to Iron Chest Upgrade
ironchest:wood_copper_chest_upgrade, Wood to Copper Chest Upgrade
ironchest:diamond_obsidian_chest_upgrade, Diamond to Obsidian Chest Upgrade
ironchest:iron_gold_shulker_upgrade, Iron to Gold Shulker Box Upgrade
ironchest:gold_diamond_shulker_upgrade, Gold to Diamond Shulker Box Upgrade
ironchest:copper_silver_shulker_upgrade, Copper to Silver Shulker Box Upgrade
ironchest:silver_gold_shulker_upgrade, Silver to Gold Shulker Box Upgrade
ironchest:copper_iron_shulker_upgrade, Copper to Iron Shulker Box Upgrade
ironchest:diamond_crystal_shulker_upgrade, Diamond to Crystal Shulker Box Upgrade
ironchest:vanilla_iron_shulker_upgrade, Vanilla to Iron Shulker Box Upgrade
ironchest:vanilla_copper_shulker_upgrade, Vanilla to Copper Shulker Box Upgrade
ironchest:diamond_obsidian_shulker_upgrade, Diamond to Obsidian Shulker Box Upgrade
lootr:lootr_chest, Loot Chest
lootr:lootr_trapped_chest, Loot Chest
lootr:lootr_shulker, Loot Shulker
lootr:trophy, Centennial Trophy
mekanismtools:woodpaxel, Wood Paxel
mekanismtools:stonepaxel, Stone Paxel
mekanismtools:ironpaxel, Iron Paxel
mekanismtools:diamondpaxel, Diamond Paxel
mekanismtools:goldpaxel, Gold Paxel
mekanismtools:glowstonepickaxe, Glowstone Pickaxe
mekanismtools:glowstoneaxe, Glowstone Axe
mekanismtools:glowstoneshovel, Glowstone Shovel
mekanismtools:glowstonehoe, Glowstone Hoe
mekanismtools:glowstonesword, Glowstone Sword
mekanismtools:glowstonepaxel, Glowstone Paxel
mekanismtools:glowstonehelmet, Glowstone Helmet
mekanismtools:glowstonechestplate, Glowstone Chestplate
mekanismtools:glowstoneleggings, Glowstone Leggings
mekanismtools:glowstoneboots, Glowstone Boots
mekanismtools:bronzepickaxe, Bronze Pickaxe
mekanismtools:bronzeaxe, Bronze Axe
mekanismtools:bronzeshovel, Bronze Shovel
mekanismtools:bronzehoe, Bronze Hoe
mekanismtools:bronzesword, Bronze Sword
mekanismtools:bronzepaxel, Bronze Paxel
mekanismtools:bronzehelmet, Bronze Helmet
mekanismtools:bronzechestplate, Bronze Chestplate
mekanismtools:bronzeleggings, Bronze Leggings
mekanismtools:bronzeboots, Bronze Boots
mekanismtools:osmiumpickaxe, Osmium Pickaxe
mekanismtools:osmiumaxe, Osmium Axe
mekanismtools:osmiumshovel, Osmium Shovel
mekanismtools:osmiumhoe, Osmium Hoe
mekanismtools:osmiumsword, Osmium Sword
mekanismtools:osmiumpaxel, Osmium Paxel
mekanismtools:osmiumhelmet, Osmium Helmet
mekanismtools:osmiumchestplate, Osmium Chestplate
mekanismtools:osmiumleggings, Osmium Leggings
mekanismtools:osmiumboots, Osmium Boots
mekanismtools:obsidianpickaxe, Obsidian Pickaxe
mekanismtools:obsidianaxe, Obsidian Axe
mekanismtools:obsidianshovel, Obsidian Shovel
mekanismtools:obsidianhoe, Obsidian Hoe
mekanismtools:obsidiansword, Obsidian Sword
mekanismtools:obsidianpaxel, Obsidian Paxel
mekanismtools:obsidianhelmet, Obsidian Helmet
mekanismtools:obsidianchestplate, Obsidian Chestplate
mekanismtools:obsidianleggings, Obsidian Leggings
mekanismtools:obsidianboots, Obsidian Boots
mekanismtools:lapislazulipickaxe, Lapis Lazuli Pickaxe
mekanismtools:lapislazuliaxe, Lapis Lazuli Axe
mekanismtools:lapislazulishovel, Lapis Lazuli Shovel
mekanismtools:lapislazulihoe, Lapis Lazuli Hoe
mekanismtools:lapislazulisword, Lapis Lazuli Sword
mekanismtools:lapislazulipaxel, Lapis Lazuli Paxel
mekanismtools:lapislazulihelmet, Lapis Lazuli Helmet
mekanismtools:lapislazulichestplate, Lapis Lazuli Chestplate
mekanismtools:lapislazulileggings, Lapis Lazuli Leggings
mekanismtools:lapislazuliboots, Lapis Lazuli Boots
mekanismtools:steelpickaxe, Steel Pickaxe
mekanismtools:steelaxe, Steel Axe
mekanismtools:steelshovel, Steel Shovel
mekanismtools:steelhoe, Steel Hoe
mekanismtools:steelsword, Steel Sword
mekanismtools:steelpaxel, Steel Paxel
mekanismtools:steelhelmet, Steel Helmet
mekanismtools:steelchestplate, Steel Chestplate
mekanismtools:steelleggings, Steel Leggings
mekanismtools:steelboots, Steel Boots
mutantbeasts:chemical_x, Chemical X
mutantbeasts:creeper_minion_tracker, Creeper Minion Tracker
mutantbeasts:creeper_shard, Creeper Shard
mutantbeasts:endersoul_hand, Endersoul Hand
mutantbeasts:hulk_hammer, Hulk Hammer
mutantbeasts:mutant_skeleton_arms, Mutant Skeleton Arms
mutantbeasts:mutant_skeleton_limb, Mutant Skeleton Limb
mutantbeasts:mutant_skeleton_shoulder_pad, Mutant Skeleton Shoulder Pad
mutantbeasts:mutant_skeleton_rib, Mutant Skeleton Rib
mutantbeasts:mutant_skeleton_rib_cage, Mutant Skeleton Rib Cage
mutantbeasts:mutant_skeleton_pelvis, Mutant Skeleton Pelvis
mutantbeasts:mutant_skeleton_skull, Mutant Skeleton Skull
mutantbeasts:mutant_skeleton_chestplate, Mutant Skeleton Chestplate
mutantbeasts:mutant_skeleton_leggings, Mutant Skeleton Leggings
mutantbeasts:mutant_skeleton_boots, Mutant Skeleton Boots
naturescompass:naturescompass, Nature's Compass
nb:fungus_on_stick, Warped Fungus on a Stick
nb:lode_stone_compass, Lodestone Compass
nb:netherite_horse_armor, Netherite Horse Armor
nb:pig_step_disc, Music Disc
nb:basalt, Basalt
nb:polished_basalt, Polished Basalt
nb:smooth_basalt, Smooth Basalt
nb:black_stone, Blackstone
nb:black_stone_stairs, Blackstone Stairs
nb:black_stone_wall, Blackstone Wall
nb:black_stone_bricks, Polished Blackstone Bricks
nb:black_stone_brick_stairs, Polished Blackstone Brick Stairs
nb:bricks_stone_wall, Polished Blackstone Bricks Wall
nb:cracked_stone_bricks, Cracked Polished Blackstone Bricks
nb:polished_black_stone, Polished Blackstone
nb:polished_black_stone_stairs, Polished Blackstone Stairs
nb:polished_stone_wall, Polished Blackstone Wall
nb:chisled_polished_black_stone, Chiseled Polished Blackstone
nb:polished_black_stone_button, Polished Blackstone Button
nb:polished_black_stone_pressure_plate, Polished Blackstone Pressure Plate
nb:chain_block, Chain
nb:crimson_stem, Crimson Stem
nb:crimson_hyphae, Crimson Hyphae
nb:stripped_crimson_stem, Stripped Crimson Stem
nb:stripped_crimson_hyphae, Stripped Crimson Hyphae
nb:crimson_planks, Crimson Planks
nb:crimson_door, Crimson Door
nb:crimson_fence, Crimson Fence
nb:crimson_gate, Crimson Fence Gate
nb:crimson_stairs, Crimson Stairs
nb:crimson_trapdoor, Crimson Trapdoor
nb:crimson_button, Crimson Button
nb:crimson_pressure_plate, Crimson Pressure Plate
nb:crimson_fungus, Crimson Fungus
nb:crimson_grass, Crimson Nylium
nb:crimson_roots, Crimson Roots
nb:crimson_vine, Weeping Vines
nb:crimson_wart, Crimson Wart Block
nb:cry_obi, Crying Obsidian
nb:gilded_blackstone, Gilded Blackstone
nb:lode_stone, Lodestone
nb:nether_gold_ore, Nether Gold Ore
nb:piglin_head:0, Piglin Head
nb:quartz_bricks, Quartz Bricks
nb:respawn_anchor, Respawn Anchor
nb:shroom_light, Shroomlight
nb:soul_fire, Soul Fire
nb:soul_lantern, Soul Lantern
nb:soul_torch, Soul Torch
nb:soul_soil, Soul Soil
nb:warped_stem, Warped Stem
nb:warped_hyphae, Warped Hyphae
nb:stripped_warped_stem, Stripped Warped Stem
nb:stripped_warped_hyphae, Stripped Warped Hyphae
nb:warped_planks, Warped Planks
nb:warped_door, Warped Door
nb:warped_fence, Warped Fence
nb:warped_gate, Warped Fence Gate
nb:warped_stairs, Warped Stairs
nb:warped_trapdoor, Warped Trapdoor
nb:warped_button, Warped Button
nb:warped_pressure_plate, tile.warped_pressure_plate.name
nb:warped_fungus, Warped Fungus
nb:warped_grass, Warped Nylium
nb:warped_wart, Warped Wart Block
nb:warped_roots, Warped Roots
nb:warped_sprout, Nether Sprout
nb:warped_vine, Twisting Vines
nb:netherite_block, Torridite Block
nb:netherite_ore, Torridite Ore
nb:black_stone_slab_half:0, Blackstone Slab
nb:black_bricks_slab_half:0, Blackstone Bricks Slab
nb:polished_black_stone_slab_half:0, Polished Blackstone Slab
nb:crimson_slab_half:0, Crimson Slab
nb:warped_slab_half:0, Warped Slab
nb:nether_scrap, Netherite Scrap
nb:netherite_ingot, Torridite Ingot
nb:netherite_helmet, Torridite Helmet
nb:netherite_chestplate, Torridite Chestplate
nb:netherite_leggings, Torridite Leggings
nb:netherite_boots, Torridite Boots
nb:netherite_sword, Netherite Sword
nb:netherite_shovel, Netherite Shovel
nb:netherite_axe, Netherite Axe
nb:netherite_pickaxe, Netherite Pickaxe
nb:netherite_hoe, Netherite Hoe
neenergistics:pattern_interface, Pattern Interface(WIP)
hbm:mp_fuselage_15_solid_panorama, Size 15 Solid Fuel Fuselage
hbm:mp_thruster_15_balefire, Size 15 BF Thruster with Nuclear Preheater
hbm:mp_fuselage_15_solid, Size 15 Solid Fuel Fuselage
hbm:mp_fuselage_15_balefire, Size 15 BF Fuselage
hbm:mp_fuselage_15_kerosene_blackjack, Size 15 Kerosene Fuselage
hbm:mp_warhead_10_cloud, Size 10 Pink Cloud Warhead
hbm:mp_fuselage_10_long_kerosene_vap, Size 10 Long Kerosene Fuselage
hbm:mp_fuselage_15_kerosene_metal, Size 15 Kerosene Fuselage
hbm:mp_fuselage_15_kerosene_steampunk, Size 15 Kerosene Fuselage
hbm:mp_thruster_15_hydrogen, Size 15 Hydrogen Thruster
hbm:mp_warhead_15_n2, Size 15 N² Mine
hbm:mp_stability_10_cruise, Size 10 Cruise Fins
hbm:mp_fuselage_15_kerosene_polite, Size 15 Kerosene Fuselage
hbm:mp_warhead_15_nuclear, Size 15 Nuclear Warhead
hbm:mp_thruster_15_hydrogen_dual, Size 15 Hydrogen Twin Thrusters
hbm:mp_fuselage_10_15_kerosene, Size 10/15 Kerosene Fuselage
hbm:mp_thruster_20_kerosene_triple, Size 20 Liquid Fuel Triple Thrusters
hbm:mp_warhead_10_taint, Size 10 Tainted Warhead
hbm:mp_warhead_15_thermo, Size 15 Thermonuclear Warhead
hbm:mp_warhead_10_he, Size 10 HE Warhead
hbm:mp_fuselage_10_long_kerosene_dash, Size 10 Long Kerosene Fuselage
hbm:mp_fuselage_15_solid_desh, Size 15 Solid Fuel Fuselage
hbm:mp_fuselage_15_solid_snowy, Size 15 Solid Fuel Fuselage
hbm:mp_fuselage_15_kerosene_sky, Size 15 Kerosene Fuselage
hbm:mp_fuselage_15_20_kerosene, Size 15/20 Kerosene Fuselage
hbm:mp_stability_15_soyuz, Size 15 Pointy Fins
hbm:mp_fuselage_10_solid, Size 10 Solid Fuel Fuselage
hbm:mp_thruster_15_balefire_large, Size 15 BF Thruster with Nuclear Preheater (Heavy Duty Nozzle)
hbm:mp_fuselage_15_kerosene_lambda, Size 15 Kerosene Fuselage
hbm:mp_warhead_15_mirv, Size 15 MIRV Warhead
hbm:mp_fuselage_10_xenon_bhole, Size 10 Xenon Fuselage
hbm:mp_fuselage_10_kerosene_sky, Size 10 Kerosene Fuselage
hbm:mp_fuselage_10_15_balefire, Size 10/15 BF Fuselage
hbm:mp_fuselage_10_long_kerosene_sky, Size 10 Long Kerosene Fuselage
hbm:mp_thruster_10_xenon, Size 10 Ion Thruster
hbm:mp_fuselage_15_kerosene_decorated, Size 15 Kerosene Fuselage
hbm:mp_thruster_15_kerosene_dual, Size 15 Liquid Fuel Twin Thrusters
hbm:mp_fuselage_10_solid_sleek, Size 10 Solid Fuel Fuselage
hbm:mp_fuselage_10_solid_duracell, Size 10 Solid Fuel Fuselage
hbm:mp_warhead_10_incendiary, Size 10 Incendiary Warhead
hbm:mp_fuselage_10_kerosene_metal, Size 10 Kerosene Fuselage
hbm:mp_stability_10_flat, Size 10 Flat Fins
hbm:mp_fuselage_10_solid_moonlit, Size 10 Solid Fuel Fuselage
hbm:mp_fuselage_10_kerosene_flames, Size 10 Kerosene Fuselage
hbm:mp_fuselage_10_kerosene_insulation, Size 10 Kerosene Fuselage
hbm:mp_fuselage_15_kerosene_insulation, Size 15 Kerosene Fuselage
hbm:mp_warhead_15_balefire, Size 15 BF Warhead
hbm:mp_fuselage_10_15_hydrogen, Size 10/15 Hydrogen Fuselage
hbm:mp_fuselage_15_kerosene_desert, Size 15 Kerosene Fuselage
hbm:mp_fuselage_10_kerosene_camo, Size 10 Kerosene Fuselage
hbm:mp_warhead_15_volcano, Size 15 Volcano Warhead
hbm:mp_fuselage_15_solid_faust, Size 15 Solid Fuel Fuselage
hbm:mp_warhead_10_nuclear_large, Size 10 Nuclear Warhead
hbm:mp_thruster_20_solid_multi, Size 20 Solid Fuel 30-Fold Thrusters
hbm:mp_fuselage_10_long_kerosene_sleek, Size 10 Long Kerosene Fuselage
hbm:mp_fuselage_15_20_kerosene_magnusson, Size 15/20 Kerosene Fuselage
hbm:mp_fuselage_10_solid_cathedral, Size 10 Solid Fuel Fuselage
hbm:mp_c_5, Tier 5 Missile Targeting Circuit
hbm:mp_fuselage_10_kerosene_desert, Size 10 Kerosene Fuselage
hbm:mp_stability_15_flat, Size 15 Flat Fins
hbm:mp_fuselage_15_solid_insulation, Size 15 Solid Fuel Fuselage
hbm:mp_warhead_10_nuclear, Size 10 Micro Nuclear Warhead
hbm:mp_fuselage_10_long_solid, Size 10 Long Solid Fuel Fuselage
hbm:mp_thruster_15_balefire_large_rad, Size 15 BF Thruster with Nuclear Preheater (Heavy Duty Nozzle)
hbm:mp_fuselage_15_kerosene_minuteman, Size 15 Kerosene Fuselage
hbm:mp_fuselage_10_long_kerosene_camo, Size 10 Long Kerosene Fuselage
hbm:mp_thruster_15_balefire_short, Size 15 BF Thruster with Nuclear Preheater (Shortened)
hbm:mp_fuselage_15_hydrogen_cathedral, Size 15 Hydrogen Fuselage
hbm:mp_fuselage_10_long_kerosene_insulation, Size 10 Long Kerosene Fuselage
hbm:mp_fuselage_10_long_solid_bullet, Size 10 Long Solid Fuselage
hbm:mp_warhead_15_he, Size 15 HE Warhead
hbm:mp_fuselage_10_long_kerosene_flames, Size 10 Long Kerosene Fuselage
hbm:mp_fuselage_15_solid_roses, Size 15 Solid Fuel Fuselage
hbm:mp_c_3, Tier 3 Missile Targeting Circuit
hbm:mp_thruster_15_kerosene, Size 15 Liquid Fuel Thruster
hbm:mp_fuselage_10_long_solid_insulation, Size 10 Long Solid Fuel Fuselage
hbm:mp_warhead_10_buster, Size 10 Bunker Buster Warhead
hbm:mp_fuselage_10_long_solid_silvermoonlight, Size 10 Long Solid Fuselage
hbm:mp_thruster_10_solid, Size 10 Solid Fuel Thruster
hbm:mp_fuselage_15_solid_silvermoonlight, Size 15 Solid Fuel Fuselage
hbm:mp_fuselage_10_kerosene_taint, Size 10 Kerosene Fuselage
hbm:mp_fuselage_10_solid_battery, Size 10 Solid Fuel Fuselage
hbm:mp_fuselage_10_long_kerosene_desert, Size 10 Long Kerosene Fuselage
hbm:mp_fuselage_15_hydrogen, Size 15 Hydrogen Fuselage
hbm:mp_fuselage_15_kerosene, Size 15 Kerosene Fuselage
hbm:mp_c_1, Tier 1 Missile Targeting Circuit
hbm:mp_fuselage_10_long_solid_flames, Size 10 Long Solid Fuel Fuselage
hbm:mp_c_2, Tier 2 Missile Targeting Circuit
hbm:mp_fuselage_10_long_kerosene, Size 10 Long Kerosene Fuselage
hbm:mp_c_4, Tier 4 Missile Targeting Circuit
hbm:mp_thruster_15_kerosene_triple, Size 15 Liquid Fuel Triple Thrusters
hbm:mp_fuselage_10_kerosene_sleek, Size 10 Kerosene Fuselage
hbm:mp_stability_15_thin, Size 15 Thin Fins
hbm:mp_fuselage_10_solid_flames, Size 10 Solid Fuel Fuselage
hbm:mp_warhead_15_turbine, Size 15 Jet Engine
hbm:mp_stability_10_space, Size 10 Space Fins
hbm:mp_fuselage_10_long_kerosene_metal, Size 10 Long Kerosene Fuselage
hbm:mp_fuselage_10_15_solid, Size 10/15 Solid Fuel Fuselage
hbm:mp_thruster_10_kerosene, Size 10 Liquid Fuel Thruster
hbm:mp_thruster_15_solid, Size 15 Solid Fuel Thruster
hbm:mp_fuselage_10_solid_soviet_glory, Size 10 Solid Fuel Fuselage
hbm:mp_fuselage_15_solid_soviet_glory, Size 15 Solid Fuel Fuselage
hbm:mp_warhead_15_incendiary, Size 15 Incendiary Warhead
hbm:mp_fuselage_15_solid_soviet_stank, Size 15 Solid Fuel Fuselage
hbm:mp_fuselage_10_long_solid_sleek, Size 10 Long Solid Fuel Fuselage
hbm:mp_fuselage_10_xenon, Size 10 Xenon Fuselage
hbm:mp_warhead_15_nuclear_shark, Size 15 Nuclear Warhead
hbm:mp_thruster_20_kerosene, Size 20 Liquid Fuel Thruster
hbm:mp_fuselage_10_long_kerosene_taint, Size 10 Long Kerosene Fuselage
hbm:mp_fuselage_15_kerosene_camo, Size 15 Kerosene Fuselage
hbm:mp_thruster_15_solid_hexdecuple, Size 15 Solid Fuel Hexdecuple Thrusters
hbm:mp_fuselage_10_solid_insulation, Size 10 Solid Fuel Fuselage
hbm:mp_fuselage_10_kerosene, Size 10 Kerosene Fuselage
hbm:mp_thruster_20_kerosene_dual, Size 20 Liquid Fuel Twin Thrusters
hbm:mp_fuselage_15_20_solid, Size 15/20 Solid Fuel Fuselage
hbm:mp_fuselage_15_kerosene_pip, Size 15 Kerosene Fuselage
hbm:mp_fuselage_15_kerosene_taint, Size 15 Kerosene Fuselage
hbm:mp_warhead_15_boxcar, Size 15 Boxcar?
hbm:mp_fuselage_15_solid_mimi, Size 15 Solid Fuel Mimi-chan's Body
hbm:mp_fuselage_15_kerosene_yuck, Size 15 Kerosene Fuselage
hbm:mp_thruster_20_solid, Size 20 Solid Fuel Thruster
hbm:mp_thruster_20_solid_multier, Size 20 Solid Fuel 47-Fold Thrusters
hbm:mp_fuselage_10_long_solid_soviet_glory, Size 10 Long Solid Fuselage
hbmspace:insert_cmb, CMB Insert
hbm:ore_oil, Oil Deposit
oe:turtle_helmet, Turtle Shell
oe:trident, Trident
oe:turtle_scute, Scute
oe:barnacle_shells, Barnacle Shells
oe:nautilus_shell, Nautilus Shell
oe:heart_of_the_sea, Heart of the Sea
oe:pearl, Pearl
oe:conch, Conch
oe:magic_conch, Magic Conch
oe:charm, Conduit Charm
oe:glow_ink_sac, Glow Ink Sac
oe:glow_item_frame, Glow Item Frame
oe:bleak, Bleak Mulch
oe:sponge_chunk, Sponge Chunk
oe:sponge_chunk_wet, Damp Sponge Chunk
oe:crab, Raw Crab
oe:cooked_crab, Cooked Crab
oe:crab_bisque, Crab Bisque
oe:crustacean_shell, Crustacean Shell
oe:lobster, Raw Lobster
oe:cooked_lobster, Cooked Lobster
oe:lobster_bisque, Lobster Bisque
oe:blue_slime_ball, Tropical Slimeball
oe:coconut_open, Cracked Coconut
oe:dried_kelp, Dried Kelp
oe:dried_dulse, Dried Dulse
oe:palm_boat, Palm Boat
oe:spawn_bucket, Bucket of %s
oe:heavy_boots, Heavy Boots
oe:guardian_spike, Guardian Spike
oe:sea_pickle, Sea Pickle
oe:turtle_egg, Turtle Egg
oe:coquina_brick_slab:0, Coquina Brick Slab
oe:palm_slab:0, Palm Slab
oe:palm_door, Palm Door
oe:pickled_head, Pickled Head
oe:blue_ice, Blue Ice
oe:coconut, Coconut
oe:conduit, Conduit
oe:coquina, Coquina
oe:coquina_brick, Coquina Brick
oe:coquina_brick_slab_double, Coquina Brick Slab
oe:coquina_brick_stairs, Coquina Brick Stairs
oe:coquina_brick_wall, Coquina Brick Wall
oe:stagnant, Stagnant
oe:dulse, Dulse
oe:dried_dulse_block, Dried Dulse Block
oe:blue_coral_block, Tube Coral Block
oe:pink_coral_block, Brain Coral Block
oe:purple_coral_block, Bubble Coral Block
oe:red_coral_block, Fire Coral Block
oe:yellow_coral_block, Horn Coral Block
oe:blue_coral_block_dead, Dead Tube Coral Block
oe:pink_coral_block_dead, Dead Brain Coral Block
oe:purple_coral_block_dead, Dead Bubble Coral Block
oe:red_coral_block_dead, Dead Fire Coral Block
oe:yellow_coral_block_dead, Dead Horn Coral Block
oe:blue_coral_fan, Tube Coral Fan
oe:pink_coral_fan, Brain Coral Fan
oe:purple_coral_fan, Bubble Coral Fan
oe:red_coral_fan, Fire Coral Fan
oe:yellow_coral_fan, Horn Coral Fan
oe:blue_coral_fan_dead, Dead Tube Coral Fan
oe:pink_coral_fan_dead, Dead Brain Coral Fan
oe:purple_coral_fan_dead, Dead Bubble Coral Fan
oe:red_coral_fan_dead, Dead Fire Coral Fan
oe:yellow_coral_fan_dead, Dead Horn Coral Fan
oe:blue_coral, Tube Coral
oe:pink_coral, Brain Coral
oe:purple_coral, Bubble Coral
oe:red_coral, Fire Coral
oe:yellow_coral, Horn Coral
oe:blue_coral_dead, Dead Tube Coral
oe:pink_coral_dead, Dead Brain Coral
oe:purple_coral_dead, Dead Bubble Coral
oe:red_coral_dead, Dead Fire Coral
oe:yellow_coral_dead, Dead Horn Coral
oe:kelp, Kelp
oe:dried_kelp_block, Dried Kelp Block
oe:palm_sapling, Palm Sapling
oe:palm_leaves, Palm Leaves
oe:palm_leaves_flowering, Flowering Palm Leaves
oe:palm_log, Palm Log
oe:palm_wood, Palm Wood
oe:palm_log_stripped, Stripped Palm Log
oe:palm_wood_stripped, Stripped Palm Wood
oe:palm_planks, Palm Planks
oe:palm_slab_double, Palm Slab
oe:palm_stairs, Palm Stairs
oe:palm_fence, Palm Fence
oe:palm_fence_gate, Palm Fence Gate
oe:prismarine_pot, Prismarine Pot
oe:nacre_block, Nacre Block
oe:nacre_smooth, Smooth Nacre Block
oe:blue_slime_block, Tropical Slime Block
oe:seagrass, Seagrass
oe:sea_oats, Sea Oats
oe:seastar, Sea Star
oe:shell_sand, Shelly Sand
oe:tube_sponge, Tube Sponge
oe:underwater_tnt, Underwater TNT
oe:underwater_torch, Underwater Torch
thaumcraft:thaumonomicon:0, Thaumonomicon
thaumcraft:curio:0, Arcane Curiosity
thaumcraft:curio:1, Preserved Curiosity
thaumcraft:curio:2, Ancient Curiosity
thaumcraft:curio:3, Eldritch Curiosity
thaumcraft:curio:4, Illuminating Curiosity
thaumcraft:curio:5, Twisted Curiosity
thaumcraft:curio:6, Crimson Rites
thaumcraft:curio:7, Basic Curiosity
thaumcraft:loot_bag:0, Common Treasure
thaumcraft:loot_bag:1, Uncommon Treasure
thaumcraft:loot_bag:2, Rare Treasure
thaumcraft:primordial_pearl, item.primordial_pearl.name
thaumcraft:pech_wand, Pech Wand
thaumcraft:celestial_notes:0, Celestial Notes
thaumcraft:celestial_notes:1, Celestial Notes
thaumcraft:celestial_notes:2, Celestial Notes
thaumcraft:celestial_notes:3, Celestial Notes
thaumcraft:celestial_notes:4, Celestial Notes
thaumcraft:celestial_notes:5, Celestial Notes
thaumcraft:celestial_notes:6, Celestial Notes
thaumcraft:celestial_notes:7, Celestial Notes
thaumcraft:celestial_notes:8, Celestial Notes
thaumcraft:celestial_notes:9, Celestial Notes
thaumcraft:celestial_notes:10, Celestial Notes
thaumcraft:celestial_notes:11, Celestial Notes
thaumcraft:celestial_notes:12, Celestial Notes
thaumcraft:amber, Amber
thaumcraft:quicksilver, Quicksilver
thaumcraft:ingot:0, Thaumium Ingot
thaumcraft:ingot:1, Void Metal Ingot
thaumcraft:ingot:2, Alchemical Brass Ingot
thaumcraft:nugget:0, Iron Nugget
thaumcraft:nugget:1, Copper Nugget
thaumcraft:nugget:2, Tin Nugget
thaumcraft:nugget:3, Silver Nugget
thaumcraft:nugget:4, Lead Nugget
thaumcraft:nugget:5, Quicksilver Drop
thaumcraft:nugget:6, Thaumium Nugget
thaumcraft:nugget:7, Void Metal Nugget
thaumcraft:nugget:8, Alchemical Brass Nugget
thaumcraft:nugget:9, Quartz Sliver
thaumcraft:nugget:10, Rare Earths
thaumcraft:cluster:0, Native Iron Cluster
thaumcraft:cluster:1, Native Gold Cluster
thaumcraft:cluster:2, Native Copper Cluster
thaumcraft:cluster:3, Native Tin Cluster
thaumcraft:cluster:4, Native Silver Cluster
thaumcraft:cluster:5, Native Lead Cluster
thaumcraft:cluster:6, Native Cinnabar Cluster
thaumcraft:cluster:7, Native Quartz Cluster
thaumcraft:fabric, Enchanted Fabric
thaumcraft:vis_resonator, Vis Resonator
thaumcraft:tallow, Magic Tallow
thaumcraft:mechanism_simple, Simple Arcane Mechanism
thaumcraft:mechanism_complex, Complex Arcane Mechanism
thaumcraft:plate:0, Brass Plate
thaumcraft:plate:1, Iron Plate
thaumcraft:plate:2, Thaumium Plate
thaumcraft:plate:3, Void Metal Plate
thaumcraft:filter, Essentia Filter
thaumcraft:morphic_resonator, Morphic Resonator
thaumcraft:salis_mundus, Salis Mundus
thaumcraft:mirrored_glass, Mirrored Glass
thaumcraft:void_seed, Void Seed
thaumcraft:mind:0, Clockwork Mind
thaumcraft:mind:1, Biothaumic Mind
thaumcraft:module:0, Vision Module
thaumcraft:module:1, Aggression Module
thaumcraft:crystal_essence, %s Vis Crystal
thaumcraft:chunk:0, Beef Nugget
thaumcraft:chunk:1, Chicken Nugget
thaumcraft:chunk:2, Pork Nugget
thaumcraft:chunk:3, Fish Nugget
thaumcraft:chunk:4, Rabbit Nugget
thaumcraft:chunk:5, Mutton Nugget
thaumcraft:triple_meat_treat, Triple Meat Treat
thaumcraft:brain, Zombie Brain
thaumcraft:label:0, Blank Label
thaumcraft:phial:0, Glass Phial
thaumcraft:phial:1, Phial of Aer Essentia
thaumcraft:phial:1, Phial of Terra Essentia
thaumcraft:phial:1, Phial of Ignis Essentia
thaumcraft:phial:1, Phial of Aqua Essentia
thaumcraft:phial:1, Phial of Ordo Essentia
thaumcraft:phial:1, Phial of Perditio Essentia
thaumcraft:phial:1, Phial of Vacuos Essentia
thaumcraft:phial:1, Phial of Lux Essentia
thaumcraft:phial:1, Phial of Motus Essentia
thaumcraft:phial:1, Phial of Gelum Essentia
thaumcraft:phial:1, Phial of Vitreus Essentia
thaumcraft:phial:1, Phial of Metallum Essentia
thaumcraft:phial:1, Phial of Victus Essentia
thaumcraft:phial:1, Phial of Mortuus Essentia
thaumcraft:phial:1, Phial of Potentia Essentia
thaumcraft:phial:1, Phial of Permutatio Essentia
thaumcraft:phial:1, Phial of Praecantatio Essentia
thaumcraft:phial:1, Phial of Auram Essentia
thaumcraft:phial:1, Phial of Alkimia Essentia
thaumcraft:phial:1, Phial of Vitium Essentia
thaumcraft:phial:1, Phial of Tenebrae Essentia
thaumcraft:phial:1, Phial of Alienis Essentia
thaumcraft:phial:1, Phial of Volatus Essentia
thaumcraft:phial:1, Phial of Herba Essentia
thaumcraft:phial:1, Phial of Instrumentum Essentia
thaumcraft:phial:1, Phial of Fabrico Essentia
thaumcraft:phial:1, Phial of Machina Essentia
thaumcraft:phial:1, Phial of Vinculum Essentia
thaumcraft:phial:1, Phial of Spiritus Essentia
thaumcraft:phial:1, Phial of Cognitio Essentia
thaumcraft:phial:1, Phial of Sensus Essentia
thaumcraft:phial:1, Phial of Aversio Essentia
thaumcraft:phial:1, Phial of Praemunio Essentia
thaumcraft:phial:1, Phial of Desiderium Essentia
thaumcraft:phial:1, Phial of Exanimis Essentia
thaumcraft:phial:1, Phial of Bestia Essentia
thaumcraft:phial:1, Phial of Humanus Essentia
thaumcraft:alumentum:0, Alumentum
thaumcraft:jar_brace, Brass Lid Brace
thaumcraft:bottle_taint, Bottle of Taint
thaumcraft:sanity_soap, Sanitizing Soap
thaumcraft:bath_salts, Purifying Bath Salts
thaumcraft:turret:0, Automated Crossbow
thaumcraft:turret:1, Advanced Automated Crossbow
thaumcraft:turret:2, Arcane Bore
thaumcraft:causality_collapser, Causality Collapser
thaumcraft:scribing_tools, Scribing Tools
thaumcraft:thaumometer, Thaumometer
thaumcraft:resonator, Essentia Resonator
thaumcraft:sanity_checker, Sanity Checker
thaumcraft:hand_mirror, Magic Hand Mirror
thaumcraft:thaumium_axe, Thaumium Axe
thaumcraft:thaumium_sword, Thaumium Sword
thaumcraft:thaumium_shovel, Thaumium Shovel
thaumcraft:thaumium_pick, Thaumium Pickaxe
thaumcraft:thaumium_hoe, Thaumium Hoe
thaumcraft:void_axe, Void Axe
thaumcraft:void_sword, Void Sword
thaumcraft:void_shovel, Void Shovel
thaumcraft:void_pick, Void Pickaxe
thaumcraft:void_hoe, Void Hoe
thaumcraft:elemental_axe, Axe of the Stream
thaumcraft:elemental_sword, Sword of the Zephyr
thaumcraft:elemental_shovel, Shovel of the Earthmover
thaumcraft:elemental_pick, Pickaxe of the Core
thaumcraft:elemental_hoe, Hoe of Growth
thaumcraft:primal_crusher, Primal Crusher
thaumcraft:crimson_blade, Crimson Blade
thaumcraft:grapple_gun, Arcane Grappler
thaumcraft:grapple_gun_tip, Grappler Head
thaumcraft:grapple_gun_spool, Grappler Spool
thaumcraft:goggles, Goggles of Revealing
thaumcraft:thaumium_helm, Thaumium Helm
thaumcraft:thaumium_chest, Thaumium Chestplate
thaumcraft:thaumium_legs, Thaumium Leggings
thaumcraft:thaumium_boots, Thaumium Boots
thaumcraft:cloth_chest, Thaumaturge's Robe
thaumcraft:cloth_legs, Thaumaturge's Leggings
thaumcraft:cloth_boots, Thaumaturge's Boots
thaumcraft:traveller_boots, Boots of the Traveller
thaumcraft:fortress_helm, Thaumium Fortress Helm
thaumcraft:fortress_chest, Thaumium Fortress Cuirass
thaumcraft:fortress_legs, Thaumium Fortress Thigh Guards
thaumcraft:void_helm, Void Helm
thaumcraft:void_chest, Void Chestplate
thaumcraft:void_legs, Void Leggings
thaumcraft:void_boots, Void Boots
thaumcraft:void_robe_helm, Void Thaumaturge Hood
thaumcraft:void_robe_chest, Void Thaumaturge Robe
thaumcraft:void_robe_legs, Void Thaumaturge Leggings
thaumcraft:crimson_plate_helm, Crimson Cult Helm
thaumcraft:crimson_plate_chest, Crimson Cult Chestplate
thaumcraft:crimson_plate_legs, Crimson Cult Greaves
thaumcraft:crimson_boots, Crimson Cult Boots
thaumcraft:crimson_robe_helm, Crimson Cult Hood
thaumcraft:crimson_robe_chest, Crimson Cult Robe
thaumcraft:crimson_robe_legs, Crimson Cult Leggings
thaumcraft:crimson_praetor_helm, Crimson Praetor Helm
thaumcraft:crimson_praetor_chest, Crimson Praetor Chestplate
thaumcraft:crimson_praetor_legs, Crimson Praetor Greaves
thaumcraft:baubles:0, Mundane Amulet
thaumcraft:baubles:1, Mundane Ring
thaumcraft:baubles:2, Mundane Belt
thaumcraft:baubles:3, Apprentice's Ring
thaumcraft:baubles:4, Fancy Amulet
thaumcraft:baubles:5, Fancy Ring
thaumcraft:baubles:6, Fancy Belt
thaumcraft:amulet_vis:0, Vis Stone
thaumcraft:amulet_vis:1, Amulet of Vis
thaumcraft:verdant_charm, Verdant Heart Charm
thaumcraft:curiosity_band, Headband of Curiosity
thaumcraft:voidseer_charm, Voidseer's Pearl
thaumcraft:cloud_ring, Cloudstepper Ring
thaumcraft:charm_undying, Charm of Undying
thaumcraft:creative_flux_sponge, Flux Sponge
thaumcraft:enchanted_placeholder, Any enchanted item
thaumcraft:caster_basic, Caster's Gauntlet 
thaumcraft:focus_1, Blank Lesser Focus
thaumcraft:focus_2, Blank Advanced Focus
thaumcraft:focus_3, Blank Greater Focus
thaumcraft:focus_pouch, Focus Pouch
thaumcraft:golem_bell, Golemancer's Bell
thaumcraft:golem, Golem
thaumcraft:seal:0, Blank Seal
thaumcraft:seal:1, Control Seal: Collect
thaumcraft:seal:2, Advanced Control Seal: Collect
thaumcraft:seal:3, Control Seal: Store
thaumcraft:seal:4, Advanced Control Seal: Store
thaumcraft:seal:5, Control Seal: Empty
thaumcraft:seal:6, Advanced Control Seal: Empty
thaumcraft:seal:7, Control Seal: Harvest
thaumcraft:seal:8, Control Seal: Butcher
thaumcraft:seal:9, Control Seal: Guard
thaumcraft:seal:10, Advanced Control Seal: Guard
thaumcraft:seal:11, Control Seal: Lumberjack
thaumcraft:seal:12, Control Seal: Block Breaker
thaumcraft:seal:13, Control Seal: Use
thaumcraft:seal:14, Control Seal: Provide
thaumcraft:seal:15, Control Seal: Stock
thaumcraft:seal:16, Control Seal: Advanced Block Breaker
phantoms:phantom_membrane, Phantom Membrane
raids:ominous_bottle:0, Ominous Bottle
raids:ominous_bottle:1, Ominous Bottle
raids:ominous_bottle:2, Ominous Bottle
raids:ominous_bottle:3, Ominous Bottle
raids:ominous_bottle:4, Ominous Bottle
artifacts:shock_pendant, Shock Pendant
artifacts:flame_pendant, Flame Pendant
artifacts:thorn_pendant, Thorn Pendant
artifacts:ultimate_pendant, Pendant of Ultimate Retribution
artifacts:panic_necklace, Panic Necklace
artifacts:whoopie_cushion, Whoopie Cushion
artifacts:bottled_cloud, Cloud in a Bottle
artifacts:bottled_fart, Fart in a Jar
artifacts:magma_stone, Magma Stone
artifacts:feral_claws, Feral Claws
artifacts:power_glove, Power Glove
artifacts:mechanical_glove, Mechanical Glove
artifacts:fire_gauntlet, Fire Gauntlet
artifacts:drinking_hat, Drinking Hat
artifacts:star_cloak, Star Cloak
artifacts:pocket_piston, Pocket Piston
artifacts:antidote_vessel, Antidote Vessel
artifacts:bubble_wrap, Bubble Wrap
artifacts:sacrificial_amulet, Sacrificial Amulet
artifacts:lucky_clover, Lucky Clover
snad:snad:0, Snad
snad:snad:1, Red Snad
spartanshields:shield_basic_wood, Crude Wooden Shield
spartanshields:shield_basic_stone, Stone Braced Shield
spartanshields:shield_basic_iron, Iron Plated Shield
spartanshields:shield_basic_gold, Gold Gilded Shield
spartanshields:shield_basic_diamond, Diamond Reinforced Shield
spartanshields:shield_basic_obsidian, Bulky Obsidian Shield
spartanshields:shield_tower_wood, Wooden Tower Shield
spartanshields:shield_tower_stone, Stone Tower Shield
spartanshields:shield_tower_iron, Iron Tower Shield
spartanshields:shield_tower_gold, Gold Tower Shield
spartanshields:shield_tower_diamond, Diamond Tower Shield
spartanshields:shield_tower_obsidian, Obsidian Tower Shield
spartanshields:shield_basic_bronze, Bronze Plated Shield
spartanshields:shield_tower_bronze, Bronze Tower Shield
spartanshields:shield_basic_steel, Steel Plated Shield
spartanshields:shield_tower_steel, Steel Tower Shield
spartanshields:shield_basic_copper, Copper Braced Shield
spartanshields:shield_tower_copper, Copper Tower Shield
spartanshields:shield_basic_tin, Tin Braced Shield
spartanshields:shield_tower_tin, Tin Tower Shield
spartanshields:shield_basic_silver, Silver Gilded Shield
spartanshields:shield_tower_silver, Silver Tower Shield
spartanshields:shield_basic_enderium, Enderium Strengthened Shield
spartanshields:shield_basic_invar, Invar Plated Shield
spartanshields:shield_tower_invar, Invar Tower Shield
spartanshields:shield_basic_platinum, Platinum Plated Shield
spartanshields:shield_tower_platinum, Platinum Tower Shield
spartanshields:shield_basic_electrum, Electrum Plated Shield
spartanshields:shield_tower_electrum, Electrum Tower Shield
spartanshields:shield_basic_nickel, Nickel Braced Shield
spartanshields:shield_tower_nickel, Nickel Tower Shield
spartanshields:shield_basic_lead, Lead Plated Shield
spartanshields:shield_tower_lead, Lead Tower Shield
spartanshields:shield_basic_signalum, Signalum Strengthened Shield
spartanshields:shield_basic_lumium, Radiant Lumium Shield
spartanshields:shield_botania_manasteel, Manasteel Plated Shield
spartanshields:shield_botania_terrasteel, Terrasteel Strengthened Shield
spartanshields:shield_botania_elementium, Elementium Plated Shield
spartanshields:shield_basic_constantan, Constantan Plated Shield
spartanshields:shield_tower_constantan, Constantan Tower Shield
spartanshields:shield_abyssalcraft_darkstone, Darkstone Braced Shield
spartanshields:shield_abyssalcraft_abyssalnite, Abyssalnite Plated Shield
spartanshields:shield_abyssalcraft_coralium, Coralium Plated Shield
spartanshields:shield_abyssalcraft_dreadium, Dreadium Reinforced Shield
spartanshields:shield_abyssalcraft_ethaxium, Ethaxium Strengthened Shield
spartanshields:shield_basic_soulforged_steel, Soulforged Steel Plated Shield
spartanshields:shield_tc_thaumium, Thaumium Plated Shield
spartanshields:shield_tc_void, Void Plated Shield
spartanshields:shield_riot_enderio, Dark Steel Riot Shield
spartanshields:shield_riot_rftools, Infused Riot Shield
spartanshields:shield_flux_ra, Flux-Infused Shield
xat:moon_rose, Moon Rose
xat:glowing_powder, Glowing Powder
xat:glowing_ingot, §eGlowing Ingot
xat:glowing_gem, §6Glowing Gem
xat:spark_powder, §6Spark Powder
xat:dwarf_stout, Dwarf Stout
xat:elf_sap, Elf Sap
xat:faelis_food, Faelis Nip
xat:fairy_dew, Fairy Dew
xat:goblin_soup, Goblin Soup
xat:titan_spirit, Titan's Spirit
xat:dragon_gem:0, §6Dragon Gem
xat:dragon_gem:1, §cFire Dragon Gem
xat:dragon_gem:2, §bIce Dragon Gem
xat:dragon_gem:3, §dLightning Dragon Gem
xat:taurus_tea, Taurus Grass Tea
xat:mana_candy, §bMana Candy
xat:mana_crystal, §6Mana Crystal
xat:mana_reagent, §6Mana Reagent
xat:restoration_serum, §6Restoration Serum
xat:weightless_stone, Stone of Negative Gravity
xat:inertia_null_stone, Stone of Inertia Null
xat:greater_inertia_stone, Stone of Greater Inertia
xat:glow_ring, §6Ring of Enchanted Eyes
xat:sea_stone, Stone of the Sea
xat:polarized_stone, Polarized Stone
xat:dragons_eye:0, §6Dragon's Eye
xat:dragons_eye:1, §cFire Dragon's Eye
xat:dragons_eye:2, §bIce Dragon's Eye
xat:dragons_eye:3, §dLightning Dragon's Eye
xat:wither_ring, Wither Ring
xat:poison_stone, Poison Stone
xat:ender_tiara, Ender Queen's Crown
xat:damage_shield, Shield of Honor
xat:arcing_orb, Arcing Orb
xat:teddy_bear:0, Teddy Bear
xat:faelis_claw, Faelis Claw
xat:cosmetic:0, Cosmetic Item
xat:fairy_ring, §6Ring of the Fairies
xat:dwarf_ring, §6Ring of the Dwarves
xat:titan_ring, §6Ring of the Titans
xat:goblin_ring, §6Ring of the Goblins
xat:elf_ring, §6Ring of the Elves
xat:faelis_ring, §6Ring of the Faelis
xat:dragon_ring:0, §6Ring of the Dragons
xat:dragon_ring:1, §6Ring of the §cFire §6Dragons
xat:dragon_ring:2, §6Ring of the §bIce §6Dragons
xat:dragon_ring:3, §6Ring of the §dLightning §6Dragons
xat:taurus_ring, §6Ring of the Taurus
spartanweaponry:material:0, Handle
spartanweaponry:material:1, Pole
spartanweaponry:material:2, Explosive Charge
spartanweaponry:dagger_wood, item.spartanweaponry:dagger_wood.name
spartanweaponry:dagger_stone, item.spartanweaponry:dagger_stone.name
spartanweaponry:dagger_iron, item.spartanweaponry:dagger_iron.name
spartanweaponry:dagger_gold, item.spartanweaponry:dagger_gold.name
spartanweaponry:dagger_diamond, item.spartanweaponry:dagger_diamond.name
spartanweaponry:parrying_dagger_wood, item.spartanweaponry:parrying_dagger_wood.name
spartanweaponry:parrying_dagger_stone, item.spartanweaponry:parrying_dagger_stone.name
spartanweaponry:parrying_dagger_iron, item.spartanweaponry:parrying_dagger_iron.name
spartanweaponry:parrying_dagger_gold, item.spartanweaponry:parrying_dagger_gold.name
spartanweaponry:parrying_dagger_diamond, item.spartanweaponry:parrying_dagger_diamond.name
spartanweaponry:longsword_wood, item.spartanweaponry:longsword_wood.name
spartanweaponry:longsword_stone, item.spartanweaponry:longsword_stone.name
spartanweaponry:longsword_iron, item.spartanweaponry:longsword_iron.name
spartanweaponry:longsword_gold, item.spartanweaponry:longsword_gold.name
spartanweaponry:longsword_diamond, item.spartanweaponry:longsword_diamond.name
spartanweaponry:katana_wood, item.spartanweaponry:katana_wood.name
spartanweaponry:katana_stone, item.spartanweaponry:katana_stone.name
spartanweaponry:katana_iron, item.spartanweaponry:katana_iron.name
spartanweaponry:katana_gold, item.spartanweaponry:katana_gold.name
spartanweaponry:katana_diamond, item.spartanweaponry:katana_diamond.name
spartanweaponry:scythe_wood, item.spartanweaponry:scythe_wood.name
spartanweaponry:scythe_stone, item.spartanweaponry:scythe_stone.name
spartanweaponry:scythe_iron, item.spartanweaponry:scythe_iron.name
spartanweaponry:scythe_gold, item.spartanweaponry:scythe_gold.name
spartanweaponry:scythe_diamond, item.spartanweaponry:scythe_diamond.name
spartanweaponry:saber_wood, item.spartanweaponry:saber_wood.name
spartanweaponry:saber_stone, item.spartanweaponry:saber_stone.name
spartanweaponry:saber_iron, item.spartanweaponry:saber_iron.name
spartanweaponry:saber_gold, item.spartanweaponry:saber_gold.name
spartanweaponry:saber_diamond, item.spartanweaponry:saber_diamond.name
spartanweaponry:rapier_wood, item.spartanweaponry:rapier_wood.name
spartanweaponry:rapier_stone, item.spartanweaponry:rapier_stone.name
spartanweaponry:rapier_iron, item.spartanweaponry:rapier_iron.name
spartanweaponry:rapier_gold, item.spartanweaponry:rapier_gold.name
spartanweaponry:rapier_diamond, item.spartanweaponry:rapier_diamond.name
spartanweaponry:greatsword_wood, item.spartanweaponry:greatsword_wood.name
spartanweaponry:greatsword_stone, item.spartanweaponry:greatsword_stone.name
spartanweaponry:greatsword_iron, item.spartanweaponry:greatsword_iron.name
spartanweaponry:greatsword_gold, item.spartanweaponry:greatsword_gold.name
spartanweaponry:greatsword_diamond, item.spartanweaponry:greatsword_diamond.name
spartanweaponry:caestus, Caestus
spartanweaponry:caestus_studded, Studded Caestus
spartanweaponry:club_wood, Wooden Club
spartanweaponry:club_studded, Studded Club
spartanweaponry:hammer_wood, item.spartanweaponry:hammer_wood.name
spartanweaponry:hammer_stone, item.spartanweaponry:hammer_stone.name
spartanweaponry:hammer_iron, item.spartanweaponry:hammer_iron.name
spartanweaponry:hammer_gold, item.spartanweaponry:hammer_gold.name
spartanweaponry:hammer_diamond, item.spartanweaponry:hammer_diamond.name
spartanweaponry:warhammer_wood, item.spartanweaponry:warhammer_wood.name
spartanweaponry:warhammer_stone, item.spartanweaponry:warhammer_stone.name
spartanweaponry:warhammer_iron, item.spartanweaponry:warhammer_iron.name
spartanweaponry:warhammer_gold, item.spartanweaponry:warhammer_gold.name
spartanweaponry:warhammer_diamond, item.spartanweaponry:warhammer_diamond.name
spartanweaponry:spear_wood, item.spartanweaponry:spear_wood.name
spartanweaponry:spear_stone, item.spartanweaponry:spear_stone.name
spartanweaponry:spear_iron, item.spartanweaponry:spear_iron.name
spartanweaponry:spear_gold, item.spartanweaponry:spear_gold.name
spartanweaponry:spear_diamond, item.spartanweaponry:spear_diamond.name
spartanweaponry:halberd_wood, item.spartanweaponry:halberd_wood.name
spartanweaponry:halberd_stone, item.spartanweaponry:halberd_stone.name
spartanweaponry:halberd_iron, item.spartanweaponry:halberd_iron.name
spartanweaponry:halberd_gold, item.spartanweaponry:halberd_gold.name
spartanweaponry:halberd_diamond, item.spartanweaponry:halberd_diamond.name
spartanweaponry:pike_wood, item.spartanweaponry:pike_wood.name
spartanweaponry:pike_stone, item.spartanweaponry:pike_stone.name
spartanweaponry:pike_iron, item.spartanweaponry:pike_iron.name
spartanweaponry:pike_gold, item.spartanweaponry:pike_gold.name
spartanweaponry:pike_diamond, item.spartanweaponry:pike_diamond.name
spartanweaponry:lance_wood, item.spartanweaponry:lance_wood.name
spartanweaponry:lance_stone, item.spartanweaponry:lance_stone.name
spartanweaponry:lance_iron, item.spartanweaponry:lance_iron.name
spartanweaponry:lance_gold, item.spartanweaponry:lance_gold.name
spartanweaponry:lance_diamond, item.spartanweaponry:lance_diamond.name
spartanweaponry:longbow_wood, Wooden Longbow
spartanweaponry:longbow_leather, Leather-Strengthened Longbow
spartanweaponry:longbow_iron, Iron-Strengthened Longbow
spartanweaponry:longbow_diamond, Diamond-Strengthened Longbow
spartanweaponry:crossbow_wood, Wooden Crossbow
spartanweaponry:crossbow_leather, Leather-Strengthened Crossbow
spartanweaponry:crossbow_iron, Iron-Strengthened Crossbow
spartanweaponry:crossbow_diamond, Diamond-Strengthened Crossbow
spartanweaponry:throwing_knife_wood, item.spartanweaponry:throwing_knife_wood.name
spartanweaponry:throwing_knife_stone, item.spartanweaponry:throwing_knife_stone.name
spartanweaponry:throwing_knife_iron, item.spartanweaponry:throwing_knife_iron.name
spartanweaponry:throwing_knife_gold, item.spartanweaponry:throwing_knife_gold.name
spartanweaponry:throwing_knife_diamond, item.spartanweaponry:throwing_knife_diamond.name
spartanweaponry:throwing_axe_wood, item.spartanweaponry:throwing_axe_wood.name
spartanweaponry:throwing_axe_stone, item.spartanweaponry:throwing_axe_stone.name
spartanweaponry:throwing_axe_iron, item.spartanweaponry:throwing_axe_iron.name
spartanweaponry:throwing_axe_gold, item.spartanweaponry:throwing_axe_gold.name
spartanweaponry:throwing_axe_diamond, item.spartanweaponry:throwing_axe_diamond.name
spartanweaponry:javelin_wood, item.spartanweaponry:javelin_wood.name
spartanweaponry:javelin_stone, item.spartanweaponry:javelin_stone.name
spartanweaponry:javelin_iron, item.spartanweaponry:javelin_iron.name
spartanweaponry:javelin_gold, item.spartanweaponry:javelin_gold.name
spartanweaponry:javelin_diamond, item.spartanweaponry:javelin_diamond.name
spartanweaponry:boomerang_wood, item.spartanweaponry:boomerang_wood.name
spartanweaponry:boomerang_stone, item.spartanweaponry:boomerang_stone.name
spartanweaponry:boomerang_iron, item.spartanweaponry:boomerang_iron.name
spartanweaponry:boomerang_gold, item.spartanweaponry:boomerang_gold.name
spartanweaponry:boomerang_diamond, item.spartanweaponry:boomerang_diamond.name
spartanweaponry:battleaxe_wood, item.spartanweaponry:battleaxe_wood.name
spartanweaponry:battleaxe_stone, item.spartanweaponry:battleaxe_stone.name
spartanweaponry:battleaxe_iron, item.spartanweaponry:battleaxe_iron.name
spartanweaponry:battleaxe_gold, item.spartanweaponry:battleaxe_gold.name
spartanweaponry:battleaxe_diamond, item.spartanweaponry:battleaxe_diamond.name
spartanweaponry:mace_wood, item.spartanweaponry:mace_wood.name
spartanweaponry:mace_stone, item.spartanweaponry:mace_stone.name
spartanweaponry:mace_iron, item.spartanweaponry:mace_iron.name
spartanweaponry:mace_gold, item.spartanweaponry:mace_gold.name
spartanweaponry:mace_diamond, item.spartanweaponry:mace_diamond.name
spartanweaponry:glaive_wood, item.spartanweaponry:glaive_wood.name
spartanweaponry:glaive_stone, item.spartanweaponry:glaive_stone.name
spartanweaponry:glaive_iron, item.spartanweaponry:glaive_iron.name
spartanweaponry:glaive_gold, item.spartanweaponry:glaive_gold.name
spartanweaponry:glaive_diamond, item.spartanweaponry:glaive_diamond.name
spartanweaponry:staff, item.spartanweaponry:staff.name
spartanweaponry:staff_stone, item.spartanweaponry:staff_stone.name
spartanweaponry:staff_iron, item.spartanweaponry:staff_iron.name
spartanweaponry:staff_gold, item.spartanweaponry:staff_gold.name
spartanweaponry:staff_diamond, item.spartanweaponry:staff_diamond.name
spartanweaponry:dynamite, Dynamite
spartanweaponry:quiver_arrow, Light Arrow Quiver
spartanweaponry:quiver_arrow_moderate, Moderate Arrow Quiver
spartanweaponry:quiver_arrow_heavy, Heavy Arrow Quiver
spartanweaponry:arrow_wood, Wooden Arrow
spartanweaponry:arrow_iron, Iron Arrow
spartanweaponry:arrow_diamond, Diamond Arrow
spartanweaponry:arrow_explosive, Explosive Arrow
spartanweaponry:arrow_wood_tipped, item.spartanweaponry:arrow_wood_tipped.name
spartanweaponry:arrow_iron_tipped, item.spartanweaponry:arrow_iron_tipped.name
spartanweaponry:arrow_diamond_tipped, item.spartanweaponry:arrow_diamond_tipped.name
spartanweaponry:quiver_bolt, Light Bolt Quiver
spartanweaponry:quiver_bolt_moderate, Moderate Bolt Quiver
spartanweaponry:quiver_bolt_heavy, Heavy Bolt Quiver
spartanweaponry:bolt, Bolt
spartanweaponry:bolt_diamond, Diamond Bolt
spartanweaponry:bolt_spectral, Spectral Bolt
spartanweaponry:bolt_tipped, item.spartanweaponry:bolt_tipped.name
spartanweaponry:bolt_diamond_tipped, item.spartanweaponry:bolt_diamond_tipped.name
spartanweaponry:dagger_copper, item.spartanweaponry:dagger_copper.name
spartanweaponry:longsword_copper, item.spartanweaponry:longsword_copper.name
spartanweaponry:katana_copper, item.spartanweaponry:katana_copper.name
spartanweaponry:scythe_copper, item.spartanweaponry:scythe_copper.name
spartanweaponry:saber_copper, item.spartanweaponry:saber_copper.name
spartanweaponry:rapier_copper, item.spartanweaponry:rapier_copper.name
spartanweaponry:greatsword_copper, item.spartanweaponry:greatsword_copper.name
spartanweaponry:hammer_copper, item.spartanweaponry:hammer_copper.name
spartanweaponry:warhammer_copper, item.spartanweaponry:warhammer_copper.name
spartanweaponry:spear_copper, item.spartanweaponry:spear_copper.name
spartanweaponry:halberd_copper, item.spartanweaponry:halberd_copper.name
spartanweaponry:pike_copper, item.spartanweaponry:pike_copper.name
spartanweaponry:lance_copper, item.spartanweaponry:lance_copper.name
spartanweaponry:longbow_copper, item.spartanweaponry:longbow_copper.name
spartanweaponry:crossbow_copper, item.spartanweaponry:spartanweaponry:crossbow_copper.name
spartanweaponry:throwing_knife_copper, item.spartanweaponry:throwing_knife_copper.name
spartanweaponry:throwing_axe_copper, item.spartanweaponry:throwing_axe_copper.name
spartanweaponry:javelin_copper, item.spartanweaponry:javelin_copper.name
spartanweaponry:boomerang_copper, item.spartanweaponry:boomerang_copper.name
spartanweaponry:battleaxe_copper, item.spartanweaponry:battleaxe_copper.name
spartanweaponry:mace_copper, item.spartanweaponry:mace_copper.name
spartanweaponry:glaive_copper, item.spartanweaponry:glaive_copper.name
spartanweaponry:staff_copper, item.spartanweaponry:staff_copper.name
spartanweaponry:parrying_dagger_copper, item.spartanweaponry:parrying_dagger_copper.name
spartanweaponry:dagger_tin, item.spartanweaponry:dagger_tin.name
spartanweaponry:longsword_tin, item.spartanweaponry:longsword_tin.name
spartanweaponry:katana_tin, item.spartanweaponry:katana_tin.name
spartanweaponry:scythe_tin, item.spartanweaponry:scythe_tin.name
spartanweaponry:saber_tin, item.spartanweaponry:saber_tin.name
spartanweaponry:rapier_tin, item.spartanweaponry:rapier_tin.name
spartanweaponry:greatsword_tin, item.spartanweaponry:greatsword_tin.name
spartanweaponry:hammer_tin, item.spartanweaponry:hammer_tin.name
spartanweaponry:warhammer_tin, item.spartanweaponry:warhammer_tin.name
spartanweaponry:spear_tin, item.spartanweaponry:spear_tin.name
spartanweaponry:halberd_tin, item.spartanweaponry:halberd_tin.name
spartanweaponry:pike_tin, item.spartanweaponry:pike_tin.name
spartanweaponry:lance_tin, item.spartanweaponry:lance_tin.name
spartanweaponry:longbow_tin, item.spartanweaponry:longbow_tin.name
spartanweaponry:crossbow_tin, item.spartanweaponry:spartanweaponry:crossbow_tin.name
spartanweaponry:throwing_knife_tin, item.spartanweaponry:throwing_knife_tin.name
spartanweaponry:throwing_axe_tin, item.spartanweaponry:throwing_axe_tin.name
spartanweaponry:javelin_tin, item.spartanweaponry:javelin_tin.name
spartanweaponry:boomerang_tin, item.spartanweaponry:boomerang_tin.name
spartanweaponry:battleaxe_tin, item.spartanweaponry:battleaxe_tin.name
spartanweaponry:mace_tin, item.spartanweaponry:mace_tin.name
spartanweaponry:glaive_tin, item.spartanweaponry:glaive_tin.name
spartanweaponry:staff_tin, item.spartanweaponry:staff_tin.name
spartanweaponry:parrying_dagger_tin, item.spartanweaponry:parrying_dagger_tin.name
spartanweaponry:dagger_bronze, item.spartanweaponry:dagger_bronze.name
spartanweaponry:longsword_bronze, item.spartanweaponry:longsword_bronze.name
spartanweaponry:katana_bronze, item.spartanweaponry:katana_bronze.name
spartanweaponry:scythe_bronze, item.spartanweaponry:scythe_bronze.name
spartanweaponry:saber_bronze, item.spartanweaponry:saber_bronze.name
spartanweaponry:rapier_bronze, item.spartanweaponry:rapier_bronze.name
spartanweaponry:greatsword_bronze, item.spartanweaponry:greatsword_bronze.name
spartanweaponry:hammer_bronze, item.spartanweaponry:hammer_bronze.name
spartanweaponry:warhammer_bronze, item.spartanweaponry:warhammer_bronze.name
spartanweaponry:spear_bronze, item.spartanweaponry:spear_bronze.name
spartanweaponry:halberd_bronze, item.spartanweaponry:halberd_bronze.name
spartanweaponry:pike_bronze, item.spartanweaponry:pike_bronze.name
spartanweaponry:lance_bronze, item.spartanweaponry:lance_bronze.name
spartanweaponry:longbow_bronze, item.spartanweaponry:longbow_bronze.name
spartanweaponry:crossbow_bronze, item.spartanweaponry:spartanweaponry:crossbow_bronze.name
spartanweaponry:throwing_knife_bronze, item.spartanweaponry:throwing_knife_bronze.name
spartanweaponry:throwing_axe_bronze, item.spartanweaponry:throwing_axe_bronze.name
spartanweaponry:javelin_bronze, item.spartanweaponry:javelin_bronze.name
spartanweaponry:boomerang_bronze, item.spartanweaponry:boomerang_bronze.name
spartanweaponry:battleaxe_bronze, item.spartanweaponry:battleaxe_bronze.name
spartanweaponry:mace_bronze, item.spartanweaponry:mace_bronze.name
spartanweaponry:glaive_bronze, item.spartanweaponry:glaive_bronze.name
spartanweaponry:staff_bronze, item.spartanweaponry:staff_bronze.name
spartanweaponry:parrying_dagger_bronze, item.spartanweaponry:parrying_dagger_bronze.name
spartanweaponry:dagger_steel, item.spartanweaponry:dagger_steel.name
spartanweaponry:longsword_steel, item.spartanweaponry:longsword_steel.name
spartanweaponry:katana_steel, item.spartanweaponry:katana_steel.name
spartanweaponry:scythe_steel, item.spartanweaponry:scythe_steel.name
spartanweaponry:saber_steel, item.spartanweaponry:saber_steel.name
spartanweaponry:rapier_steel, item.spartanweaponry:rapier_steel.name
spartanweaponry:greatsword_steel, item.spartanweaponry:greatsword_steel.name
spartanweaponry:hammer_steel, item.spartanweaponry:hammer_steel.name
spartanweaponry:warhammer_steel, item.spartanweaponry:warhammer_steel.name
spartanweaponry:spear_steel, item.spartanweaponry:spear_steel.name
spartanweaponry:halberd_steel, item.spartanweaponry:halberd_steel.name
spartanweaponry:pike_steel, item.spartanweaponry:pike_steel.name
spartanweaponry:lance_steel, item.spartanweaponry:lance_steel.name
spartanweaponry:longbow_steel, item.spartanweaponry:longbow_steel.name
spartanweaponry:crossbow_steel, item.spartanweaponry:spartanweaponry:crossbow_steel.name
spartanweaponry:throwing_knife_steel, item.spartanweaponry:throwing_knife_steel.name
spartanweaponry:throwing_axe_steel, item.spartanweaponry:throwing_axe_steel.name
spartanweaponry:javelin_steel, item.spartanweaponry:javelin_steel.name
spartanweaponry:boomerang_steel, item.spartanweaponry:boomerang_steel.name
spartanweaponry:battleaxe_steel, item.spartanweaponry:battleaxe_steel.name
spartanweaponry:mace_steel, item.spartanweaponry:mace_steel.name
spartanweaponry:glaive_steel, item.spartanweaponry:glaive_steel.name
spartanweaponry:staff_steel, item.spartanweaponry:staff_steel.name
spartanweaponry:parrying_dagger_steel, item.spartanweaponry:parrying_dagger_steel.name
spartanweaponry:dagger_silver, item.spartanweaponry:dagger_silver.name
spartanweaponry:longsword_silver, item.spartanweaponry:longsword_silver.name
spartanweaponry:katana_silver, item.spartanweaponry:katana_silver.name
spartanweaponry:scythe_silver, item.spartanweaponry:scythe_silver.name
spartanweaponry:saber_silver, item.spartanweaponry:saber_silver.name
spartanweaponry:rapier_silver, item.spartanweaponry:rapier_silver.name
spartanweaponry:greatsword_silver, item.spartanweaponry:greatsword_silver.name
spartanweaponry:hammer_silver, item.spartanweaponry:hammer_silver.name
spartanweaponry:warhammer_silver, item.spartanweaponry:warhammer_silver.name
spartanweaponry:spear_silver, item.spartanweaponry:spear_silver.name
spartanweaponry:halberd_silver, item.spartanweaponry:halberd_silver.name
spartanweaponry:pike_silver, item.spartanweaponry:pike_silver.name
spartanweaponry:lance_silver, item.spartanweaponry:lance_silver.name
spartanweaponry:longbow_silver, item.spartanweaponry:longbow_silver.name
spartanweaponry:crossbow_silver, item.spartanweaponry:spartanweaponry:crossbow_silver.name
spartanweaponry:throwing_knife_silver, item.spartanweaponry:throwing_knife_silver.name
spartanweaponry:throwing_axe_silver, item.spartanweaponry:throwing_axe_silver.name
spartanweaponry:javelin_silver, item.spartanweaponry:javelin_silver.name
spartanweaponry:boomerang_silver, item.spartanweaponry:boomerang_silver.name
spartanweaponry:battleaxe_silver, item.spartanweaponry:battleaxe_silver.name
spartanweaponry:mace_silver, item.spartanweaponry:mace_silver.name
spartanweaponry:glaive_silver, item.spartanweaponry:glaive_silver.name
spartanweaponry:staff_silver, item.spartanweaponry:staff_silver.name
spartanweaponry:parrying_dagger_silver, item.spartanweaponry:parrying_dagger_silver.name
spartanweaponry:dagger_invar, item.spartanweaponry:dagger_invar.name
spartanweaponry:longsword_invar, item.spartanweaponry:longsword_invar.name
spartanweaponry:katana_invar, item.spartanweaponry:katana_invar.name
spartanweaponry:scythe_invar, item.spartanweaponry:scythe_invar.name
spartanweaponry:saber_invar, item.spartanweaponry:saber_invar.name
spartanweaponry:rapier_invar, item.spartanweaponry:rapier_invar.name
spartanweaponry:greatsword_invar, item.spartanweaponry:greatsword_invar.name
spartanweaponry:hammer_invar, item.spartanweaponry:hammer_invar.name
spartanweaponry:warhammer_invar, item.spartanweaponry:warhammer_invar.name
spartanweaponry:spear_invar, item.spartanweaponry:spear_invar.name
spartanweaponry:halberd_invar, item.spartanweaponry:halberd_invar.name
spartanweaponry:pike_invar, item.spartanweaponry:pike_invar.name
spartanweaponry:lance_invar, item.spartanweaponry:lance_invar.name
spartanweaponry:longbow_invar, item.spartanweaponry:longbow_invar.name
spartanweaponry:crossbow_invar, item.spartanweaponry:spartanweaponry:crossbow_invar.name
spartanweaponry:throwing_knife_invar, item.spartanweaponry:throwing_knife_invar.name
spartanweaponry:throwing_axe_invar, item.spartanweaponry:throwing_axe_invar.name
spartanweaponry:javelin_invar, item.spartanweaponry:javelin_invar.name
spartanweaponry:boomerang_invar, item.spartanweaponry:boomerang_invar.name
spartanweaponry:battleaxe_invar, item.spartanweaponry:battleaxe_invar.name
spartanweaponry:mace_invar, item.spartanweaponry:mace_invar.name
spartanweaponry:glaive_invar, item.spartanweaponry:glaive_invar.name
spartanweaponry:staff_invar, item.spartanweaponry:staff_invar.name
spartanweaponry:parrying_dagger_invar, item.spartanweaponry:parrying_dagger_invar.name
spartanweaponry:dagger_platinum, item.spartanweaponry:dagger_platinum.name
spartanweaponry:longsword_platinum, item.spartanweaponry:longsword_platinum.name
spartanweaponry:katana_platinum, item.spartanweaponry:katana_platinum.name
spartanweaponry:scythe_platinum, item.spartanweaponry:scythe_platinum.name
spartanweaponry:saber_platinum, item.spartanweaponry:saber_platinum.name
spartanweaponry:rapier_platinum, item.spartanweaponry:rapier_platinum.name
spartanweaponry:greatsword_platinum, item.spartanweaponry:greatsword_platinum.name
spartanweaponry:hammer_platinum, item.spartanweaponry:hammer_platinum.name
spartanweaponry:warhammer_platinum, item.spartanweaponry:warhammer_platinum.name
spartanweaponry:spear_platinum, item.spartanweaponry:spear_platinum.name
spartanweaponry:halberd_platinum, item.spartanweaponry:halberd_platinum.name
spartanweaponry:pike_platinum, item.spartanweaponry:pike_platinum.name
spartanweaponry:lance_platinum, item.spartanweaponry:lance_platinum.name
spartanweaponry:longbow_platinum, item.spartanweaponry:longbow_platinum.name
spartanweaponry:crossbow_platinum, item.spartanweaponry:spartanweaponry:crossbow_platinum.name
spartanweaponry:throwing_knife_platinum, item.spartanweaponry:throwing_knife_platinum.name
spartanweaponry:throwing_axe_platinum, item.spartanweaponry:throwing_axe_platinum.name
spartanweaponry:javelin_platinum, item.spartanweaponry:javelin_platinum.name
spartanweaponry:boomerang_platinum, item.spartanweaponry:boomerang_platinum.name
spartanweaponry:battleaxe_platinum, item.spartanweaponry:battleaxe_platinum.name
spartanweaponry:mace_platinum, item.spartanweaponry:mace_platinum.name
spartanweaponry:glaive_platinum, item.spartanweaponry:glaive_platinum.name
spartanweaponry:staff_platinum, item.spartanweaponry:staff_platinum.name
spartanweaponry:parrying_dagger_platinum, item.spartanweaponry:parrying_dagger_platinum.name
spartanweaponry:dagger_electrum, item.spartanweaponry:dagger_electrum.name
spartanweaponry:longsword_electrum, item.spartanweaponry:longsword_electrum.name
spartanweaponry:katana_electrum, item.spartanweaponry:katana_electrum.name
spartanweaponry:scythe_electrum, item.spartanweaponry:scythe_electrum.name
spartanweaponry:saber_electrum, item.spartanweaponry:saber_electrum.name
spartanweaponry:rapier_electrum, item.spartanweaponry:rapier_electrum.name
spartanweaponry:greatsword_electrum, item.spartanweaponry:greatsword_electrum.name
spartanweaponry:hammer_electrum, item.spartanweaponry:hammer_electrum.name
spartanweaponry:warhammer_electrum, item.spartanweaponry:warhammer_electrum.name
spartanweaponry:spear_electrum, item.spartanweaponry:spear_electrum.name
spartanweaponry:halberd_electrum, item.spartanweaponry:halberd_electrum.name
spartanweaponry:pike_electrum, item.spartanweaponry:pike_electrum.name
spartanweaponry:lance_electrum, item.spartanweaponry:lance_electrum.name
spartanweaponry:longbow_electrum, item.spartanweaponry:longbow_electrum.name
spartanweaponry:crossbow_electrum, item.spartanweaponry:spartanweaponry:crossbow_electrum.name
spartanweaponry:throwing_knife_electrum, item.spartanweaponry:throwing_knife_electrum.name
spartanweaponry:throwing_axe_electrum, item.spartanweaponry:throwing_axe_electrum.name
spartanweaponry:javelin_electrum, item.spartanweaponry:javelin_electrum.name
spartanweaponry:boomerang_electrum, item.spartanweaponry:boomerang_electrum.name
spartanweaponry:battleaxe_electrum, item.spartanweaponry:battleaxe_electrum.name
spartanweaponry:mace_electrum, item.spartanweaponry:mace_electrum.name
spartanweaponry:glaive_electrum, item.spartanweaponry:glaive_electrum.name
spartanweaponry:staff_electrum, item.spartanweaponry:staff_electrum.name
spartanweaponry:parrying_dagger_electrum, item.spartanweaponry:parrying_dagger_electrum.name
spartanweaponry:dagger_nickel, item.spartanweaponry:dagger_nickel.name
spartanweaponry:longsword_nickel, item.spartanweaponry:longsword_nickel.name
spartanweaponry:katana_nickel, item.spartanweaponry:katana_nickel.name
spartanweaponry:scythe_nickel, item.spartanweaponry:scythe_nickel.name
spartanweaponry:saber_nickel, item.spartanweaponry:saber_nickel.name
spartanweaponry:rapier_nickel, item.spartanweaponry:rapier_nickel.name
spartanweaponry:greatsword_nickel, item.spartanweaponry:greatsword_nickel.name
spartanweaponry:hammer_nickel, item.spartanweaponry:hammer_nickel.name
spartanweaponry:warhammer_nickel, item.spartanweaponry:warhammer_nickel.name
spartanweaponry:spear_nickel, item.spartanweaponry:spear_nickel.name
spartanweaponry:halberd_nickel, item.spartanweaponry:halberd_nickel.name
spartanweaponry:pike_nickel, item.spartanweaponry:pike_nickel.name
spartanweaponry:lance_nickel, item.spartanweaponry:lance_nickel.name
spartanweaponry:longbow_nickel, item.spartanweaponry:longbow_nickel.name
spartanweaponry:crossbow_nickel, item.spartanweaponry:spartanweaponry:crossbow_nickel.name
spartanweaponry:throwing_knife_nickel, item.spartanweaponry:throwing_knife_nickel.name
spartanweaponry:throwing_axe_nickel, item.spartanweaponry:throwing_axe_nickel.name
spartanweaponry:javelin_nickel, item.spartanweaponry:javelin_nickel.name
spartanweaponry:boomerang_nickel, item.spartanweaponry:boomerang_nickel.name
spartanweaponry:battleaxe_nickel, item.spartanweaponry:battleaxe_nickel.name
spartanweaponry:mace_nickel, item.spartanweaponry:mace_nickel.name
spartanweaponry:glaive_nickel, item.spartanweaponry:glaive_nickel.name
spartanweaponry:staff_nickel, item.spartanweaponry:staff_nickel.name
spartanweaponry:parrying_dagger_nickel, item.spartanweaponry:parrying_dagger_nickel.name
spartanweaponry:dagger_lead, item.spartanweaponry:dagger_lead.name
spartanweaponry:longsword_lead, item.spartanweaponry:longsword_lead.name
spartanweaponry:katana_lead, item.spartanweaponry:katana_lead.name
spartanweaponry:scythe_lead, item.spartanweaponry:scythe_lead.name
spartanweaponry:saber_lead, item.spartanweaponry:saber_lead.name
spartanweaponry:rapier_lead, item.spartanweaponry:rapier_lead.name
spartanweaponry:greatsword_lead, item.spartanweaponry:greatsword_lead.name
spartanweaponry:hammer_lead, item.spartanweaponry:hammer_lead.name
spartanweaponry:warhammer_lead, item.spartanweaponry:warhammer_lead.name
spartanweaponry:spear_lead, item.spartanweaponry:spear_lead.name
spartanweaponry:halberd_lead, item.spartanweaponry:halberd_lead.name
spartanweaponry:pike_lead, item.spartanweaponry:pike_lead.name
spartanweaponry:lance_lead, item.spartanweaponry:lance_lead.name
spartanweaponry:longbow_lead, item.spartanweaponry:longbow_lead.name
spartanweaponry:crossbow_lead, item.spartanweaponry:spartanweaponry:crossbow_lead.name
spartanweaponry:throwing_knife_lead, item.spartanweaponry:throwing_knife_lead.name
spartanweaponry:throwing_axe_lead, item.spartanweaponry:throwing_axe_lead.name
spartanweaponry:javelin_lead, item.spartanweaponry:javelin_lead.name
spartanweaponry:boomerang_lead, item.spartanweaponry:boomerang_lead.name
spartanweaponry:battleaxe_lead, item.spartanweaponry:battleaxe_lead.name
spartanweaponry:mace_lead, item.spartanweaponry:mace_lead.name
spartanweaponry:glaive_lead, item.spartanweaponry:glaive_lead.name
spartanweaponry:staff_lead, item.spartanweaponry:staff_lead.name
spartanweaponry:parrying_dagger_lead, item.spartanweaponry:parrying_dagger_lead.name
srparasites:infested_furnace, Infested Furnace
srparasites:parasiterubbleslabhalf:0, Concentrated Flesh Slab
srparasites:parasiterubbleslabhalf:1, Fortified Bone Slab
srparasites:parasiterubbleslabhalf:2, Hivestone Slab
srparasites:parasiterubbleslabhalf:3, Hivestone Debris Slab
srparasites:parasiterubbleslabhalf:4, Consumed Wood Slab
srparasites:parasiterubbleslabhalf:5, Hivestone Brick Slab
srparasites:parasiterubbleslabhalf:6, Hivesteel Slab
srparasites:parasiterubbleslabhalf:7, Bleeding Obsidian Slab
srparasites:parasitestainslabhalf:0, Hivesoil Slab
srparasites:parasitestainslabhalf:1, Visceral Mud Slab
srparasites:parasitestainslabhalf:2, Flesh Chunk Slab
srparasites:parasitestainslabhalf:3, Compressed Artery Slab
srparasites:parasitestainslabhalf:4, Mycelium Network Slab
srparasites:parasitestainslabhalf:5, Contusion Slab
srparasites:parasitestainslabhalf:6, Sacked Flesh Slab
srparasites:relay_base, Relay Terminal §l|§r §oBottom
srparasites:relay_middle, Relay Structure §l|§r §oMiddle
srparasites:relay_roof, Relay Antennas §l|§r §oTop
srparasites:relaycontroller, Relay Controller
srparasites:flesh_stairs, Flesh Plank Stairs
srparasites:cooked_flesh_stairs, Cooked Flesh Stairs
srparasites:harleskinn_stairs, Harleskinn Stairs
srparasites:bruisewood_plank_stairs, Bruisewood Plank Stairs
srparasites:infested_sandstone_stairs, Infested Sandstone Stairs
srparasites:goth_planks_stairs, Goth Planks Stairs
srparasites:infested_planks_stairs, Infested Planks Stairs
srparasites:frost_weathered_stone_stairs, Frost Weathered Stone Stairs
srparasites:consumed_planks_stairs, Consumed Plank Stairs
srparasites:infested_stone_bricks_stairs, Infested Stone Bricks Stairs
srparasites:infested_polished_stone_bricks_stairs, Infested Polished Stone Bricks Stairs
srparasites:infested_stone_stairs, Infested Stone Stairs
srparasites:wheathered_bricks_stairs, Weathered Bricks Stairs
srparasites:wheathered_cobblestone_stairs, Weathered Cobblestone Stairs
srparasites:deadhead_plank_stairs, Deadhead Stairs
srparasites:residue_stairs, Residue Brick Stairs
srparasites:harleskinn_fence, Harleskinn Fence
srparasites:infested_fence, Infested Fence
srparasites:deadhead_fence, Deadhead Fence
srparasites:goth_fence, Goth Fence
srparasites:consumed_fence, Consumed Fence
srparasites:bruisewood_fence, Bruisewood Fence
srparasites:flesh_fence, Flesh Fence
srparasites:cooked_flesh_fence, Cooked Flesh Fence
srparasites:infestedstain, Infested Dirt
srparasites:infestremain, Infested Residue
srparasites:infestedtrunk, Infested Log
srparasites:infestedrubble, Infested Stone
srparasites:infestedbush:0, Infested Vein Thorns
srparasites:infestedbush:1, Infested Vein Branches
srparasites:infestedbush:2, Infested Vein Sprout
srparasites:infestedbush:3, Infested Veins Bush
srparasites:infestedbush:4, Infested Vein Coil
srparasites:infestedbush:5, Infested Vein Roots
srparasites:deadhead_grass_short, Short Deadhead Vines
srparasites:deadhead_grass_tall, Long Deadhead Vines
srparasites:bloodyice, Bloody Ice
srparasites:gothshroom, Gothshroom
srparasites:parasite_barrier, Parasite Chunk Barrier §l|§r §oCreative-Only
srparasites:biomeheart, Hive Core
srparasites:colonyheart, Parasitic Colony Core
srparasites:colonyoutpost, Parasitic Colony Outpost
srparasites:biomepurifier, §bBiome Purifier
srparasites:dermoid_cyst, Dermoid Cyst
srparasites:node_redstone_lamp, Node Lamp
srparasites:biomass_block, Biomass Block
srparasites:residue_block, Residue Block
srparasites:fog_nullifier, Fog Nullifier
srparasites:residue_plants, Residue Bloomings
srparasites:infuser_furnace, Metallurgical Infuser Furnace
srparasites:snow_tall_grass, Snowy Double Tall Grass
srparasites:snow_short_grass, Snowy Tall Grass
srparasites:trophy_void_orb, Kirin Trophy
srparasites:trophy_boom_orb, Draconite Trophy
srparasites:assimilated_blossom, Assimilated Blossom
srparasites:potted_assimilated_blossom, Potted Assimilated Blossom
srparasites:potted_consumed_assimilated_blossom, Consumed Potted Assimilated Blossom
srparasites:infested_pot, Infested Flower Pot
srparasites:consumed_pot, Consumed Flower Pot
srparasites:alveoli, Alveoli
srparasites:sick_alveoli, Sick Alveoli
srparasites:alveoli_growth, Alveoli Growth
srparasites:solid_alveoli_block, Solid Alveoli Block
srparasites:infested_cobblestone, Infested Cobblestone
srparasites:infestation_purifier, Creative Infestation Purifier
srparasites:esca_bulb_white, Esca Bulb (White)
srparasites:esca_bulb_orange, Esca Bulb (Orange)
srparasites:esca_bulb_magenta, Esca Bulb (Magenta)
srparasites:esca_bulb_light_blue, Esca Bulb (Light Blue)
srparasites:esca_bulb_yellow, Esca Bulb (Yellow)
srparasites:esca_bulb_lime, Esca Bulb (Lime)
srparasites:esca_bulb_pink, Esca Bulb (Pink)
srparasites:esca_bulb_gray, Esca Bulb (Gray)
srparasites:esca_bulb_light_gray, Esca Bulb (Light Gray)
srparasites:esca_bulb_cyan, Esca Bulb (Cyan)
srparasites:esca_bulb_purple, Esca Bulb (Purple)
srparasites:esca_bulb_blue, Esca Bulb (Blue)
srparasites:esca_bulb_brown, Esca Bulb (Brown)
srparasites:esca_bulb_green, Esca Bulb (Green)
srparasites:esca_bulb_red, Esca Bulb (Red)
srparasites:esca_bulb_black, Esca Bulb (Black)
srparasites:esca_bulb, Esca Bulb
srparasites:parasitebush:0, Capillary Net
srparasites:parasitebush:1, Nerve Ringlet
srparasites:parasitebush:2, Parasitic Vesicle
srparasites:parasitebush:3, Terminal Blinder
srparasites:parasitebush:4, Small Incisor
srparasites:parasitecanister:0, §aBladder Sac
srparasites:parasitecanister:1, Vacuous Cyst
srparasites:parasitecanister:2, Grotesque Lump
srparasites:parasitecanister:3, Sac of Flesh
srparasites:parasitetrunk:0, Bruisewood Log
srparasites:parasitetrunk:1, Veinwood Log
srparasites:parasitetrunk:2, Darkwood Log
srparasites:parasitetrunk:3, Circle Trunk
srparasites:parasitetrunk:4, Deadhead Log
srparasites:parasiteplank:0, Deadhead Plank
srparasites:parasiteplank:1, Deadhead Plank
srparasites:parasiteloot:0, Benign Growth
srparasites:parasiteloot:1, Malignant Growth
srparasites:parasiteloot:2, Metastatic Mass
srparasites:parasitestain:0, Hivesoil
srparasites:parasitestain:1, Visceral Mud
srparasites:parasitestain:2, Flesh Chunk
srparasites:parasitestain:3, Compressed Arteries
srparasites:parasitestain:4, Mycelium Network
srparasites:parasitestain:5, Contusion Block
srparasites:parasitestain:6, Sacked Flesh Block
srparasites:parasiterubble:0, Concentrated Flesh Chunk
srparasites:parasiterubble:1, Fortified Bone
srparasites:parasiterubble:2, Hivestone
srparasites:parasiterubble:3, Hivestone Debris
srparasites:parasiterubble:4, Consumed Log
srparasites:parasiterubble:5, Hivestone Bricks
srparasites:parasiterubble:6, Hivesteel
srparasites:parasiterubble:7, Bleeding Obsidian
srparasites:parasiterubble:8, Assimilated Fungus
srparasites:parasiterubble:9, Weathered Bricks
srparasites:parasiterubble:10, Weathered Bricks
srparasites:parasiterubble:11, Weathered Cobblestone
srparasites:parasiterubble:12, Weathered Cobblestone
srparasites:parasiterubble:13, Frost Weathered Stone
srparasites:parasiterubble:14, Frost Weathered Stone
srparasites:parasitestructure, Incomplete Parasitic Colony Structure
srparasites:parasitethin, Eyesore Log
srparasites:parasitesapling:0, Veinwood Sapling
srparasites:parasitesapling:1, Eyesore Sapling
srparasites:parasitesapling:2, Darkwood Sapling
srparasites:parasitesapling:3, Consumed Sapling
srparasites:parasitesapling:4, Deadhead Sapling
srparasites:parasitesapling:5, Infested Sapling
srparasites:parasitemouth, Maw
srparasites:parasiterubbledense:0, Compressed Hivestone
srparasites:parasiterubbledense:1, Reinforced Hivestone
srparasites:parasiterubbledense:2, Parasitic Compressed Colony Stone
srparasites:parasiterubble_flesh_wall, Concentrated Flesh Wall
srparasites:infested_planks, Infested Planks
srparasites:infested_stone_bricks, Infested Stone Bricks
srparasites:infested_terracotta, Infested Terracotta
srparasites:infested_stone_polished, Polished Infested Stone
srparasites:residue_bricks, Residue Bricks
srparasites:infested_column, Infested Column
srparasites:inf_ss, Infested Sandstone
srparasites:inf_ss_chiseled, Chiseled Infested Sandstone
srparasites:inf_ss_cut, Chiseled Cut Sandstone
srparasites:ashen_glass, Ashen Glass
srparasites:shrouded_glass, Shrouded Glass
srparasites:harlequinn_glass, Harlequinn Glass
srparasites:bloody_glass, Bloody Glass
srparasites:infested_glass, Infested Glass
srparasites:shade_glass, Shade Glass
srparasites:sepia_glass, Sepia Glass
srparasites:moody_glass, Moody Glass
srparasites:ashen_glass_pane, Ashen Glass Pane
srparasites:infested_glass_pane, Infested Glass Pane
srparasites:bloody_glass_pane, Bloody Glass Pane
srparasites:harlequinn_glass_pane, Harlequinn Glass Pane
srparasites:shrouded_glass_pane, Shrouded Glass Pane
srparasites:shade_glass_pane, Shade Glass Pane
srparasites:sepia_glass_pane, Sepia Glass Pane
srparasites:moody_glass_pane, Moody Glass Pane
srparasites:epitome_infestation_warp_diffuser, Epitome Infestation Warp Diffuser
srparasites:goth_stem, Goth Stem
srparasites:assimilated_pumpkin, Assimilated Pumpkin
srparasites:assimilated_jack_o_lantern, Assimilated Jack o'Lantern
srparasites:assimilated_reed, Assimilated Sugar Cane
srparasites:cooked_flesh, Cooked Flesh
srparasites:cooked_flesh_planks, Cooked Flesh Planks
srparasites:flesh_planks, Flesh Planks
srparasites:goth_planks, Goth Planks
srparasites:brusewood_planks, Bruisewood Planks
srparasites:consumed_planks, Consumed Planks
srparasites:semiorganic_block, Semi-organic Block
srparasites:infested_button, Infested Button
srparasites:cooked_flesh_button, Cooked Flesh Button
srparasites:flesh_button, Flesh Button
srparasites:goth_button, Goth Button
srparasites:brucewood_button, Bruisewood Button
srparasites:consumed_button, Consumed Button
srparasites:deadhead_button, Deadhead Button
srparasites:goth_ladder, Goth Ladder
srparasites:flesh_ladder, Flesh Ladder
srparasites:bruisewood_ladder, Bruisewood Ladder
srparasites:infested_ladder, Infested Ladder
srparasites:deadhead_ladder, Deadhead Ladder
srparasites:cooked_flesh_ladder, Cooked Flesh Ladder
srparasites:consumed_ladder, Consumed Ladder
srparasites:deadhead_bookshelf, Deadhead Bookshelf
srparasites:cooked_flesh_bookshelf, Cooked Flesh Bookshelf
srparasites:consumed_bookshelf, Consumed Bookshelf
srparasites:infested_bookshelf, Infested Bookshelf
srparasites:bruisewood_bookshelf, Bruisewood Bookshelf
srparasites:flesh_bookshelf, Flesh Bookshelf
srparasites:goth_bookshelf, Goth Bookshelf
srparasites:deadhead_pressure_plate, Deadhead Pressure Plate
srparasites:infested_pressure_plate, Infested Pressure Plate
srparasites:cooked_flesh_pressure_plate, Cooked Flesh Pressure Plate
srparasites:flesh_pressure_plate, Flesh Pressure Plate
srparasites:goth_pressure_plate, Goth Pressure Plate
srparasites:brusewood_pressure_plate, Bruisewood Pressure Plate
srparasites:consumed_pressure_plate, Consumed Pressure Plate
srparasites:harlequinn_grass, Harlequinn Grass Block
srparasites:harleskinn_block, Harleskinn Block
srparasites:poland_skin_block, Poland Skin Block
srparasites:hair_follicle_block, Bronchial Tube
srparasites:locs_block, Locs Block
srparasites:infested_leaves, Infested Leaves
srparasites:infested_leaves_fast, Infested Leaves (Fast)
srparasites:deadhead_leaves, Deadhead Leaves
srparasites:hirsute_hair, Hirsute Hair
srparasites:tresses_hair, Tresses Hair
srparasites:lipoma_mass, Lipoma Mass
srparasites:consumed_workbench, Consumed Crafting Table
srparasites:infested_workbench, Infested Crafting Table
srparasites:infested_cactus, Infested Cactus
srparasites:harleskinn_slab:0, Harleskinn Slab
srparasites:infested_cobblestone_slab:0, Infested Cobblestone Slab
srparasites:infested_stone_slab:0, Infested Stone Slab
srparasites:infested_dirt_slab:0, Infested Dirt Slab
srparasites:reinforced_hivestone_slab:0, Reinforced Hivestone Slab
srparasites:parasitic_colony_core_slab:0, Parasitic Colony Core Slab
srparasites:sac_of_flesh_slab:0, Sac of Flesh Slab
srparasites:dead_head_plank_slab:0, Deadhead Plank Slab
srparasites:weathered_bricks_slab:0, Weathered Bricks Slab
srparasites:parasitic_compressed_colony_stone_slab:0, Parasitic Compressed Colony Stone Slab
srparasites:weathered_cobblestone_slab:0, Weathered Cobblestone Slab
srparasites:frost_weathered_stone_slab:0, Frost Weathered Stone Slab
srparasites:infested_stone_brick_slab:0, Infested Stone Brick Slab
srparasites:infested_terracotta_slab:0, Infested Terracotta Slab
srparasites:polished_infested_stone_slab:0, Polished Infested Stone Slab
srparasites:residue_brick_slab:0, Residue Brick Slab
srparasites:infested_sandstone_slab:0, Infested Sandstone Slab
srparasites:goth_plank_slab:0, Goth Plank Slab
srparasites:bruisewood_plank_slab:0, Bruisewood Plank Slab
srparasites:consumed_plank_slab:0, Consumed Plank Slab
srparasites:infested_plank_slab:0, Infested Plank Slab
srparasites:poland_skin_slab:0, Poland Skin Slab
srparasites:locs_block_slab:0, Locs Block Slab
srparasites:cooked_flesh_slab:0, Cooked Flesh Plank Slab
srparasites:flesh_slab:0, Flesh Plank Slab
srparasites:goth_door, Goth Door
srparasites:brusewood_door, Bruisewood Door
srparasites:consumed_door, Consumed Door
srparasites:diseased_sponge, Diseased Sponge
srparasites:brusewood_trapdoor, Bruisewood Trapdoor
srparasites:consumed_trapdoor, Consumed Trapdoor
srparasites:residue_wall, Residue Wall
srparasites:infested_plank_wall, Infested Plank Wall
srparasites:bruisewood_plank_wall, Bruisewood Plank Wall
srparasites:polished_infested_stone_wall, Polished Infested Stone Wall
srparasites:infested_stone_brick_wall, Infested Stone Brick Wall
srparasites:goth_plank_wall, Goth Plank Wall
srparasites:infested_sandstone_wall, Infested Sandstone Wall
srparasites:consumed_plank_wall, Consumed Plank Wall
srparasites:parasiteplank_deadhead_wall, Deadhead Plank Wall
srparasites:parasiterubble_weathb_wall, Weathered Brick Wall
srparasites:parasiterubbledense_colony_wall, Compressed Colony Stone Wall
srparasites:parasiterubble_weathfs_wall, Frost Weathered Stone Wall
srparasites:parasiterubbledense_biome_wall, Reinforced Hivestone Wall
srparasites:parasiterubble_weathbc_wall, Weathered Cobblestone Wall
srparasites:parasiterubble_bricks_wall, Hivestone Brick Wall
srparasites:parasitecanister_bag_wall, Sac of Flesh Wall
srparasites:infestedrubble_wall, Infested Stone Wall
srparasites:infestedstain_wall, Infested Dirt Wall
srparasites:parasitestain_flesh_wall, Flesh Chunk Wall
srparasites:parasiterubble_metal_wall, Hivesteel Wall
srparasites:parasiterubble_bonestairs, Fortified Bone Stairs
srparasites:parasiterubble_fleshstairs, Concentrated Flesh Stairs
srparasites:parasiterubble_stonestairs, Hivestone Stairs
srparasites:parasiterubble_stonedebrisstairs, Hivestone Debris Stairs
srparasites:parasiterubble_woodstairs, Consumed Wood Stairs
srparasites:parasiterubble_bricksstairs, Hivestone Bricks Stairs
srparasites:parasiterubble_metalstairs, Hivesteel Stairs
srparasites:parasiterubble_obsidianstairs, Bleeding Obsidian Stairs
srparasites:parasiterubble_fungusstairs, Assimilated Fungus Stairs
srparasites:parasitestain_fleshstairs, Flesh Chunk Stairs
srparasites:parasitestain_dirtstairs, Hivesoil Stairs
srparasites:parasitestain_mudstairs, Visceral Mud Stairs
srparasites:parasitestain_feelerstairs, Compressed Arteries Stairs
srparasites:parasiterubbledense_wallstairs, Compressed Hivestone Stairs
srparasites:parasiterubbledense_biomestairs, Reinforced Hivestone Stairs
srparasites:parasiterubbledense_colonystairs, Parasitic Compressed Colony Stone Stairs
srparasites:parasitetrunk_ballstairs, Bruisewood Stairs
srparasites:parasitetrunk_treestairs, Veinwood Stairs
srparasites:parasitetrunk_plantstairs, Darkwood Stairs
srparasites:parasiterubbleslabdouble, tile.srparasites.parasiterubbleslabdouble.name
srparasites:parasitestainslabdouble, Parasite Stain Double Slab
srparasites:parasitetendril, Parasitic Tendril
srparasites:parasitefog, Fog
srparasites:srpweb:0, §8Thin Webbing
srparasites:srpweb:1, §aToxicant Webbing
srparasites:srpweb:2, §8Tarnished Webbing
srparasites:evolutionlure:0, Lure (§4Weakened§f)
srparasites:evolutionlure:1, Lure (§cFaint§f)
srparasites:evolutionlure:2, Lure (§6Slender§f)
srparasites:evolutionlure:3, Lure (§eStable§f)
srparasites:evolutionlure:4, Lure (§2Substantial§f)
srparasites:evolutionlure:5, Lure (§aConcentrated§f)
srparasites:evolutionlure:6, Lure (§bConcentrated+§f)
srparasites:evolutionlure:7, Lure (§dConcentrated++§f)
srparasites:evolutionlure:8, Lure (§5Overloaded§f)
srparasites:evolutionlure:9, Lure (§9Anomalous§f)
srparasites:tunnel, Buglin Tunnel
srparasites:canisteractive, Gluttonous Cyst
srparasites:dispatchern, §cDispatcher Nidus
srparasites:infestedore:0, Pestilential Coal Ore
srparasites:infestedore:1, Pestilential Diamond Ore
srparasites:infestedore:2, Pestilential Emerald Ore
srparasites:infestedore:3, Pestilential Gold Ore
srparasites:infestedore:4, Pestilential Iron Ore
srparasites:infestedore:5, Pestilential Lapis Lazuli Ore
srparasites:infestedore:6, Pestilential Redstone Ore
srparasites:infestedore:7, Pestilential Amber Ore
srparasites:infestedsand, Infested Sand
srparasites:goresim:0, Assimilated Remains (M)
srparasites:goresim:1, Assimilated Remains (S)
srparasites:goresim:2, Assimilated Remains (L)
srparasites:gorepri:0, Primitive Remains (M)
srparasites:gorepri:1, Primitive Remains (S)
srparasites:gorepri:2, Primitive Remains (L)
srparasites:goreada:0, Adapted Remains (M)
srparasites:goreada:1, Adapted Remains (S)
srparasites:goreada:2, Adapted Remains (L)
srparasites:gorepur:0, Pure Remains (M)
srparasites:gorepur:1, Pure Remains (S)
srparasites:gorepur:2, Pure Remains (L)
srparasites:gorefer:0, Feral Remains (M)
srparasites:gorefer:1, Feral Remains (S)
srparasites:gorefer:2, Feral Remains (L)
srparasites:goremar:0, Assimara Remains (M)
srparasites:goremar:1, Assimara Remains (S)
srparasites:goremar:2, Assimara Remains (L)
srpextra:goredorpa:0, tile.srpextra.goredorpa_flat.name
srpextra:goredorpa:1, tile.srpextra.goredorpa_small.name
srpextra:goredorpa:2, tile.srpextra.goredorpa_big.name
srparasites:alveolar_fluid, Alveolar Fluid
srparasites:deadblood_fluid, §2Dead Blood Fluid
srparasites:srp_field_guide, Compendium
srparasites:itemmobspawner_dorpa, Spawn Assimilated Big Spider
srparasites:itemmobspawner_infsquid, Spawn Assimilated Squid
srparasites:itemmobspawner_infbear, Spawn Assimilated Polar Bear
srparasites:itemmobspawner_infhuman, Spawn Assimilated Human
srparasites:itemmobspawner_infhumanhead, Spawn Walking Human Head
srparasites:itemmobspawner_infenderman, Spawn Assimilated Enderman 
srparasites:itemmobspawner_infendermanhead, Spawn Walking Enderman Head
srparasites:itemmobspawner_infcow, Spawn Assimilated Cow
srparasites:itemmobspawner_infcowhead, Spawn Walking Cow Head
srparasites:itemmobspawner_infsheep, Spawn Assimilated Sheep
srparasites:itemmobspawner_infsheephead, Spawn Walking Sheep Head
srparasites:itemmobspawner_infwolf, Spawn Assimilated Wolf
srparasites:itemmobspawner_infwolfhead, Spawn Walking Wolf Head
srparasites:itemmobspawner_infpig, Spawn Assimilated Pig
srparasites:itemmobspawner_infpighead, Spawn Walking Pig Head
srparasites:itemmobspawner_infvillager, Spawn Assimilated Villager
srparasites:itemmobspawner_infvillagerhead, Spawn Walking Villager Head
srparasites:itemmobspawner_inhoos, Spawn Small Incomplete Form
srparasites:itemmobspawner_inhoom, Spawn Medium Incomplete Form
srparasites:itemmobspawner_infhorse, Spawn Assimilated Horse
srparasites:itemmobspawner_infhorsehead, Spawn Walking Horse Head
srparasites:itemmobspawner_infplayer, Spawn Assimilated Adventurer
srparasites:itemmobspawner_infplayerhead, Spawn Walking Adventurer Head
srparasites:itemmobspawner_infdragone, Spawn Assimilated Ender Dragon
srparasites:itemmobspawner_infdragonehead, Spawn Walking Ender Dragon Head
srparasites:itemmobspawner_quac, Spawn Worm Carrier 
srparasites:itemmobspawner_leer, Spawn Airscrew 
srparasites:itemmobspawner_ferbear, Spawn Feral Bear
srparasites:itemmobspawner_ferhuman, Spawn Feral Human
srparasites:itemmobspawner_fercow, Spawn Feral Cow
srparasites:itemmobspawner_ferenderman, Spawn Feral Enderman
srparasites:itemmobspawner_ferhorse, Spawn Feral Horse
srparasites:itemmobspawner_ferpig, Spawn Feral Pig
srparasites:itemmobspawner_fersheep, Spawn Feral Sheep
srparasites:itemmobspawner_fervillager, Spawn Feral Villager
srparasites:itemmobspawner_ferwolf, Spawn Feral Wolf
srparasites:itemmobspawner_marcow, Spawn Assimara Cow
srparasites:itemmobspawner_marenderman, Spawn Assimara Enderman 
srparasites:itemmobspawner_marvillager, Spawn Assimara Villager
srparasites:itemmobspawner_marhuman, Spawn Assimara Human
srparasites:itemmobspawner_marsheep, Spawn Assimara Sheep
srparasites:itemmobspawner_marbear, Spawn Assimara Bear
srparasites:itemmobspawner_higolem, Spawn Hijacked Golem
srparasites:itemmobspawner_hiblaze, Spawn Hijacked Blaze
srparasites:itemmobspawner_hiskeleton, Spawn Hijacked Skeleton
srparasites:itemmobspawner_host, Spawn Host
srparasites:itemmobspawner_hostii, Spawn Herd
srparasites:itemmobspawner_heed, Spawn Heed
srparasites:itemmobspawner_cruxa, Spawn Crux
srparasites:itemmobspawner_mes, Spawn Thrall
srparasites:itemmobspawner_lesh, Spawn Moving Flesh
srparasites:itemmobspawner_done, Spawn Dredge 
srparasites:itemmobspawner_cruxb, Spawn Incomplete Crux
srparasites:itemmobspawner_abobodies, Spawn Abomination Many Bodies
srparasites:itemmobspawner_abohead, Spawn Abomination Giant Head
srparasites:itemmobspawner_shyco, Spawn Primitive Longarms
srparasites:itemmobspawner_canra, Spawn Primitive Summoner
srparasites:itemmobspawner_nogla, Spawn Primitive Reeker
srparasites:itemmobspawner_hull, Spawn Primitive Manducater
srparasites:itemmobspawner_emana, Spawn Primitive Yelloweye
srparasites:itemmobspawner_bano, Spawn Primitive Bolster
srparasites:itemmobspawner_wymo, Spawn Primitive Tozoon 
srparasites:itemmobspawner_iki, Spawn Primitive Vermin
srparasites:itemmobspawner_ranrac, Spawn Primitive Arachnida
srparasites:itemmobspawner_lum, Spawn Primitive Devourer
srparasites:itemmobspawner_gim, Spawn Primitive Viscera
srparasites:itemmobspawner_zaa, Spawn Primitive Burrower
srparasites:itemmobspawner_shycoadapted, Spawn Adapted Longarms
srparasites:itemmobspawner_canraadapted, Spawn Adapted Summoner
srparasites:itemmobspawner_noglaadapted, Spawn Adapted Reeker
srparasites:itemmobspawner_hulladapted, Spawn Adapted Manducater
srparasites:itemmobspawner_emanaadapted, Spawn Adapted Yelloweye
srparasites:itemmobspawner_banoadapted, Spawn Adapted Bolster
srparasites:itemmobspawner_wymoadapted, Spawn Adapted Tozoon 
srparasites:itemmobspawner_ikiadapted, Spawn Adapted Vermin
srparasites:itemmobspawner_ranracadapted, Spawn Adapted Arachnida
srparasites:itemmobspawner_lumadapted, Spawn Adapted Devourer
srparasites:itemmobspawner_gimadapted, Spawn Adapted Viscera
srparasites:itemmobspawner_zaaadapted, Spawn Adapted Burrower
srparasites:itemmobspawner_lodo, Spawn Buglin
srparasites:itemmobspawner_mudo, Spawn Rupter
srparasites:itemmobspawner_nuuh, Spawn Mangler
srparasites:itemmobspawner_ata, Spawn Gnat
srparasites:itemmobspawner_rathol, Spawn Heavy Carrier
srparasites:itemmobspawner_gothol, Spawn Light Carrier
srparasites:itemmobspawner_buthol, Spawn Flying Carrier
srparasites:itemmobspawner_venkrol, Spawn Beckon Stage I
srparasites:itemmobspawner_venkrolsii, Spawn Beckon Stage II
srparasites:itemmobspawner_venkrolsiii, Spawn Beckon Stage III
srparasites:itemmobspawner_venkrolsiv, Spawn Beckon Stage IV
srparasites:itemmobspawner_tonro, Spawn Kyphosis
srparasites:itemmobspawner_unvo, Spawn Sentry 
srparasites:itemmobspawner_nak, Spawn Seizer
srparasites:itemmobspawner_dod, Spawn Dispatcher Stage I
srparasites:itemmobspawner_dodsii, Spawn Dispatcher Stage II
srparasites:itemmobspawner_dodsiii, Spawn Dispatcher Stage III
srparasites:itemmobspawner_dodsiv, Spawn Dispatcher Stage IV
srparasites:itemmobspawner_leem, Spawn Rooter Stage I
srparasites:itemmobspawner_leemsii, Spawn Rooter Stage II
srparasites:itemmobspawner_leemsiii, Spawn Rooter Stage III
srparasites:itemmobspawner_leemsiv, Spawn Rooter Stage IV
srparasites:itemmobspawner_alafha, Spawn Overseer
srparasites:itemmobspawner_ganro, Spawn Tyrant
srparasites:itemmobspawner_omboo, Spawn Light Bomber
srparasites:itemmobspawner_esor, Spawn Marauder
srparasites:itemmobspawner_orch, Spawn Monarch 
srparasites:itemmobspawner_flog, Spawn Grunt
srparasites:itemmobspawner_anged, Spawn Vigilante
srparasites:itemmobspawner_jinjo, Spawn Heavy Bomber
srparasites:itemmobspawner_vesta, Spawn Colony Carrier
srparasites:itemmobspawner_pheon, Spawn Haunter
srparasites:itemmobspawner_lencia, Spawn Bogle
srparasites:itemmobspawner_elvia, Spawn Wraith
srparasites:itemmobspawner_heblu, Spawn Draconite
srparasites:itemmobspawner_kirin, Spawn Kirin
srparasites:itemmobspawner_oronco, Spawn Ancient Dreadnaut
srparasites:itemmobspawner_terla, Spawn Ancient Overlord
srparasites:itemmobspawner_pod, Spawn Pod
srparasites:module_inborn, Inborn Module
srparasites:module_assimilated, Assimilated Module
srparasites:module_hijacked, Hijacked Module
srparasites:module_feral, Feral Module
srparasites:module_crude, Crude Module
srparasites:module_primitive, Primitive Module
srparasites:module_adapted, Adapted Module
srparasites:module_nexus, Nexus Module
srparasites:module_deterrent, Deterrent Module
srparasites:module_pure, Pure Module
srparasites:module_preeminent, Preeminent Module
srparasites:module_ancient, Ancient Module
srparasites:module_desmoid, Desmoid Module
srparasites:module_eschar, Eschar Module
srparasites:module_resistance, Resistance Module
srparasites:module_ideal, Ideal Module
srparasites:module_dislodgement, Dislodgement Module
srparasites:module_origin, Origin Module
srparasites:module_derived, Derived Module
srparasites:module_assimara, Assimara Module
srparasites:module_vectors, Vector Module
srparasites:module_phase, Phase Module
srparasites:alveoligrowth, Alveoli
srparasites:ada_summoner_drop, §bSummoner Core
srparasites:ada_yelloweye_drop, §bYelloweye Bone
srparasites:ada_manducater_drop, §bManducater Orb
srparasites:ada_reeker_drop, §bReeker Fang
srparasites:ada_longarms_drop, §bLongarm Armor Fragment
srparasites:ada_bolster_drop, §bBolster Husk
srparasites:ada_arachnida_drop, §bArachnida Claw
srparasites:ada_devourer_drop, §bDevourer Tentacle
srparasites:assimilated_flesh, Infected Flesh
srparasites:beckon_drop, §aBeckon Membrane
srparasites:dispatcher_drop, §cDispatcher Membrane
srparasites:pearl, Eye of the Beholder
srparasites:venkrol_boots, §aVenkrol Anchor Boots
srparasites:fishlin, Fishlin
srparasites:ada_vermin_drop, §dCorrosive Mucus
srparasites:ada_viscera_drop, §dChipped Motherly Membrane
srparasites:hijacked_drop, §cHijacked Growth
srparasites:hive_scrap, §7Hive Scrap
srparasites:bloody_bone, Hijacked Bone
srparasites:bloody_rod, Hijacked Blaze Rod
srparasites:bloody_iron_ingot, Hijacked Iron Ingot
srparasites:book_of_vengeance, §d§lThe Book of Vengeance
srparasites:phase_report, Phase Report
srparasites:dark_days_icon, Dark Days
srparasites:adapted_icon, Adapted
srparasites:primitive_icon, Primitive
srparasites:crude_icon, Crude
srparasites:pure_icon, Pure
srparasites:hunt_season_icon, Hunt Season
srparasites:guerilla_icon, Guerilla
srparasites:ecstasy_icon, Ecstasy
srparasites:enemy_of_enemy_icon, Enemy of Enemy
srparasites:fog_nullifier_icon, Fog Nullifier
srparasites:self_destruct_icon, Self Destruct
srparasites:potion_columbus_icon, Columbus
srparasites:potion_stolas_icon, Stolas
srparasites:hellfire_chemical_warfare_icon, Hellfire Chemical Warfare
srparasites:cosmic_structural_failure_icon, Cosmic Structural Failure
srparasites:roots_icon, Roots
srparasites:bough, §eBough
srparasites:greek_fire, §6Greek Fire
srparasites:itemtab, §dNULL
srparasites:itemassimilate, Assimilation Wand
srparasites:itemevolve, Evolution Wand
srparasites:itemdevolve, Devolution Wand
srparasites:itemvariant, Variant Wand
srparasites:itemthrow, §6Quench
srparasites:evclock, §cDoomsday Clock
srparasites:levelclock, §bLevel Clock
srparasites:nodecompass, §cNode Compass
srparasites:colonycompass, §cColony Compass
srparasites:origincompass, §cVector Compass
srparasites:shrimp, Shrimp
srparasites:dislodgement_report, Dislodgement Report
srparasites:mobility_armor_helmet, Mobility Armor Helmet
srparasites:mobility_armor_chestpiece, Mobility Armor Chestpiece
srparasites:mobility_armor_leggings, Mobility Armor Leggings
srparasites:mobility_armor_boots, Mobility Armor Boots
srparasites:dried_tendons, §eDried Tendons
srparasites:hardened_bone_handle, §eHardened Bone Handle
srparasites:infectious_blade_fragment, §eInfectious Blade Fragment
srparasites:tissue_spike, Module Tissue Spike
srparasites:module_base, Module Genic Receptacle
srparasites:organ_synth, Module Organ Synth
srparasites:living_core, §eLiving Core
srparasites:vile_shell, §eVile Shell
srparasites:bone, §eStrange Bone
srparasites:false_apple, False Apple
srparasites:semiorganic_ingot, Semi-organic Ingot
srparasites:fog_bottle, Fog Bottle
srparasites:the_sign_charm, §dThe Sign
srparasites:thornshade_berry, §5Thornshade Berry
srparasites:infested_bonemeal, Infested Bonemeal
srparasites:vector_map, Vector Map
srparasites:lurecomponent1, §bRupter Viscera
srparasites:lurecomponent2, §bDiseased Heart
srparasites:lurecomponent3, §bAltered Tendons
srparasites:lurecomponent4, §bToxic Lung
srparasites:lurecomponent5, §bNoxious Brain
srparasites:lurecomponent6, §bTwisted Spinal Signal
srparasites:lurecomponent7, §bLure Component 7
srparasites:lurecomponent8, §bLure Component 8
srparasites:lurecomponent9, §bLure Component 9
srparasites:lurecomponent10, §bLure Component 10
srparasites:hijacked_iron_hoe, §cHijacked Iron Hoe
srparasites:hijacked_iron_axe, §cHijacked Iron Axe
srparasites:hijacked_iron_shovel, §cHijacked Iron Shovel
srparasites:hijacked_iron_sword, §cHijacked Iron Sword
srparasites:hijacked_iron_pickaxe, §cHijacked Iron Pickaxe
srparasites:weapon_scythe, §eLiving Scythe
srparasites:weapon_scythe_sentient, §6Sentient Greatscythe
srparasites:weapon_axe, §eLiving Axe
srparasites:weapon_axe_sentient, §6Sentient Greataxe
srparasites:weapon_sword, §eLiving Sword
srparasites:weapon_sword_sentient, §6Sentient Greatsword
srparasites:weapon_cleaver, §eLiving Cleaver
srparasites:weapon_cleaver_sentient, §6Sentient Greatcleaver
srparasites:weapon_bow, §eLiving Bow
srparasites:weapon_bow_sentient, §6Sentient Greatbow
srparasites:weapon_maul, §eLiving Maul 
srparasites:weapon_maul_sentient, §6Sentient Greatmaul
srparasites:weapon_lance, §eLiving Lance
srparasites:weapon_lance_sentient, §6Sentient Greatlance
srparasites:armor_helm, §eLiving Helmet
srparasites:armor_chest, §eLiving Chestplate
srparasites:armor_pants, §eLiving Leggings
srparasites:armor_boots, §eLiving Boots
srparasites:armor_helm_sentient, §6Sentient Helmet
srparasites:armor_chest_sentient, §6Sentient Chestplate
srparasites:armor_pants_sentient, §6Sentient Leggings
srparasites:armor_boots_sentient, §6Sentient Boots
srparasites:hijacked_iron_helmet, Hijacked Iron Helmet
srparasites:hijacked_iron_chestpiece, Hijacked Iron Chestplate
srparasites:hijacked_iron_leggings, Hijacked Iron Leggings
srparasites:hijacked_iron_boots, Hijacked Iron Boots
srparasites:discthree, §bSerenity
srparasites:thornshade_decanter, §5Thornshade Decanter
srpextra:ada_stalker_drop, §bStalker Spine
srpextra:ada_serpentine_drop, §bSerpentine Scale
srpextra:lurecomponent7, Grotesque Kidney
srpextra:sturdy_armor_plates, Sturdy armor plates
srpextra:tightening_buckle, Tightening buckle
srpextra:flexible_cloth, Flexible cloth
srparasites:itemmobspawner_ug, Spawn Mite
srparasites:itemmobspawner_infchicken, Spawn Assimilated Chicken
srparasites:itemmobspawner_infhumanhusk, Spawn Assimilated Husk
srparasites:itemmobspawner_infhumanhuskhead, Spawn Walking Husk Head
srparasites:itemmobspawner_infwitch, Spawn Assimilated Witch
srparasites:itemmobspawner_infwitchhead, Spawn Walking Witch Head
srparasites:itemmobspawner_infvindicator, Spawn Assimilated Vindicator
srparasites:itemmobspawner_infvindicatorhead, Spawn Walking Vindicator Head
srparasites:itemmobspawner_infevoker, Spawn Assimilated Evoker
srparasites:itemmobspawner_infocelot, Spawn Assimilated Ocelot
srparasites:itemmobspawner_infocelothead, Spawn Walking Ocelot Head
srparasites:itemmobspawner_infspider, Spawn Assimilated Spider
srparasites:itemmobspawner_infspidercave, Spawn Assimilated Cave Spider
srparasites:itemmobspawner_hicreeper, Spawn Hijacked Creeper
srparasites:itemmobspawner_hicreeperhead, Spawn Walking Creeper Head
srparasites:itemmobspawner_hiskeleton_srpe, Spawn Hijacked Skeleton
srparasites:itemmobspawner_hiskeletonhead, Spawn Walking Skeleton Head
srparasites:itemmobspawner_hiskeletonstray, Spawn Hijacked Skeleton Stray
srparasites:itemmobspawner_hiskeletonstrayhead, Spawn Walking Skeleton Stray Head
srparasites:itemmobspawner_ferocelot, Spawn Feral Ocelot
srparasites:itemmobspawner_ferplayer, Spawn Feral Adventurer
srparasites:itemmobspawner_ferwitch, Spawn Feral Witch
srparasites:itemmobspawner_miku, Spawn Stalker
srparasites:itemmobspawner_skera, Spawn Serpentine
srparasites:itemmobspawner_ikiadapted_srpe, Spawn Adapted Vermin
srparasites:itemmobspawner_wymoadapted_srpe, Spawn Adapted Tozoon
srparasites:itemmobspawner_tendrilwymo, Spawn Tozoon Tendril
srparasites:itemmobspawner_mikuadapted, Spawn Adapted Stalker
srparasites:itemmobspawner_tendrilmiku, Spawn Stalker Tendril
srparasites:itemmobspawner_skeraadapted, Spawn Adapted Serpentine
srparasites:itemmobspawner_fog, Spawn Wendigo
srparasites:itemmobspawner_leshaqua, Spawn Swimming Flesh
srparasites:itemmobspawner_remainaqua, Spawn Remain Aqua
srparasites:itemmobspawner_remainaqua_pri, Spawn Primitive Remain Aqua
srparasites:itemmobspawner_remainaqua_ada, Spawn Adapted Remain Aqua
srparasites:itemmobspawner_remainaqua_pure, Spawn Pure Remain Aqua
srparasites:itemmobspawner_goreaqua, Spawn Gore Aqua
srparasites:itemmobspawner_goreaqua_pri, Spawn Primitive Gore Aqua
srparasites:itemmobspawner_goreaqua_ada, Spawn Adapted Gore Aqua
srparasites:itemmobspawner_goreaqua_pure, Spawn Pure Gore Aqua
srparasites:itemmobspawner_flogii, Spawn Servant
srpextra:itemremains_check, Remains Analyzer
srpextra:itemremains_spawn, Remains Reviver
srpextra:itemremains_canister, Remains Canister
srpextra:itempinfected_startmelting, Start Melting
srpextra:itemtab, §dNULL
srpextra:itemi, Infestation Wand
srpextra:itemb, Conversion Wand
srpextra:itemp, Purifying Wand
srpextra:infested_apple, Rotted Apple
srpextra:assimilated_meat, Infected Meat
srpextra:assimilated_meat_cooked, Cooked Infected Meat
srpextra:parasiteegg_ug, Parasite Egg (Mite)
srpextra:parasiteegg_lodo, Parasite Egg (Buglin)
srparasites:compressed_infested_stone, Compressed Infested Stone
srparasites:compressed_weathered_stone, Compressed Weathered Stone
srparasites:colony_stone, Colony Stone
srparasites:polished_weathered_stone, Polished Weathered Stone
srparasites:polished_hivestone, Polished Hivestone
srparasites:polished_colony_stone, Polished Colony Stone
srparasites:colony_stone_bricks, Colony Stone Bricks
srparasites:weathered_stone_column, Weathered Stone Column
srparasites:hivestone_column, Hivestone Column
srparasites:colony_stone_column, Colony Stone Column
srparasites:csbk_lure1, §bBlock of Rupter Viscera
srparasites:csbk_lure1_gadget, §bBlock of Gadget
srparasites:csbk_lure2, §bBlock of Diseased Heart
srparasites:csbk_lure3, §bBlock of Altered Lendons
srparasites:csbk_lure4, §bBlock of Toxic Lung
srparasites:csbk_lure5, §bBlock of Noxious Brain
srparasites:csbk_lure6, §bBlock of Twisted Spinal Signal
srparasites:csbk_lure7, §bBlock of Lure Component 7
srparasites:csbk_lure8, §bBlock of Lure Component 8
srparasites:csbk_lure9, §bBlock of Lure Component 9
srparasites:csbk_lure10, §bBlock of Lure Component 10
srparasites:csbk_glow_flesh, §bSac of Glow Flesh
srparasites:csbk_fried_flesh, §bSac of Fried Flesh
srparasites:csbk_bone, §eBlock of Strange Bone
srparasites:quench_cube, §6Quench Cube
srparasites:hi_raw_iron_block, §bBlock of Hijacked Raw Iron
srparasites:hi_iron_block, §bBlock of Hijacked Iron
srparasites:simender_pearl_block, §cBlock of Assimender Pearl
srparasites:otherworldly_pearl_block, §bBlock of Otherworldly Pearl
srparasites:calling_fruit_block, §cBlock of Calling Fruit
srparasites:overseeing_fruit_block, §bBlock of Overseeing Fruit
srparasites:assimilated_cane_block, Block of Assimilated Sugar Cane
srparasites:thornshade_berry_sack, §5Thornshade Berry Sack
srparasites:bad_apple_crate, False Apple Crate
srparasites:csbk_ashyco, §bBlock of Longarm Armor
srparasites:csbk_acanra, §bBlock of Summoner Core
srparasites:csbk_ahull, §bBlock of Manducater Orb
srparasites:csbk_anogla, §bBlock of Reeker Fang
srparasites:csbk_azetmo, §bBlock of Bolster Husk
srparasites:csbk_aranrac, §bBlock of Arachnida Claw
srparasites:csbk_avaz, §bBlock of Harvester Nylon
srparasites:csbk_agim, §bBlock of Viscera Tongue
srparasites:csbk_aemana, §bBlock of Yelloweye Bone
srparasites:csbk_aiki, §bBlock of Vermin Ovary
srparasites:csbk_alum, §bBlock of Devourer Tentacle
srparasites:csbk_akucum, §bBlock of Ginger Trepang
srparasites:csbk_aaira, §bBlock of Phobia Jejunum
srparasites:csbk_aonani, §bBlock of Oath Pearl
srparasites:csbk_awymo, §bBlock of Tozoon Limb
srparasites:csbk_azaa, §bBlock of Burrower Colloid
srparasites:csbk_venkrol, §aBeckon Polymeric Membrane
srparasites:csbk_dod, §cDispatcher Polymeric Membrane
srparasites:csbk_leem, §5Rooter Polymeric Membrane
srparasites:csbk_niho, §bDrifter Polymeric Membrane
srparasites:hpcb_inb, §eBuglin Cocoon Bundle
srparasites:hpcb_sim, §eSealed Infested Medulla
srparasites:hpcb_fer, §eFeral Hormone Batch
srparasites:hpcb_mar, §eOtherworldly Batch
srparasites:hpcb_hi, §eBonded Hijacked Growth
srparasites:hpcb_ju, §eBonded Faded Grox
srparasites:hpcb_cru, §eSealed Dissolved Tissue
srparasites:hpcb_abo, §eSimilar Heart Sack
srparasites:hpcb_pri, §eSealed Primitive Myoblast
srparasites:hpcb_ada, §eRobust Tendril Bundle
srparasites:hpcb_pur, §ePure Core Crate
srparasites:hpcb_det, §eFrightening Thorn Bundle
srparasites:hpcb_nex, §eInterlocked Transcendental Consciousness
srparasites:hpcb_pre, §eIndescribable Object Stack
srparasites:hpcb_anc, §ePrehistoric Fossil Bundle
srparasites:hpcb_der, §eeInterlocked Derived Nightmare
srparasites:hpcb_pio, §ePious Sigil Crate
srparasites:hpcb_imm, §eBonded Creeper Samples
srparasites:block_glowflesh, §bGlow Flesh Chunk
srparasites:block_friedflesh, §eFried Flesh Chunk
srparasites:culcul_block, §cCulcul Blcok
srparasites:culcul_pillar, §cCulcul Pillar
srparasites:culcul_stairs, §cCulcul Stairs
srparasites:culcul_slab:0, §cCulcul Slab
srparasites:murasaki_block, §cMurasaki Blcok
srparasites:murasaki_pillar, §cMurasaki Pillar
srparasites:murasaki_stairs, §cMurasaki Stairs
srparasites:murasaki_slab:0, §cMurasaki Slab
srparasites:glowwood_log, Glowwood Log
srparasites:cooked_darkwood_log, Cooked Darkwood Log
srparasites:fried_darkwood_log, Fried Darkwood Log
srparasites:liver_lobe, Liver Lobe
srparasites:mottled_block, Block of Mottled
srparasites:opluntiague_stem, Opluntiague Stem
srparasites:infested_wood, Infested Wood
srparasites:consumed_wood, Consumed Wood
srparasites:bruisewood_wood, Bruisewood Wood
srparasites:veinwood_wood, Veinwood Wood
srparasites:darkwood_wood, Darkwood Wood
srparasites:glowwood_wood, Glowwood Wood
srparasites:cooked_darkwood_wood, Cooked Darkwood Wood
srparasites:fried_darkwood_wood, Fried Darkwood Wood
srparasites:liver_hepatis, Liver Hepatis
srparasites:circle_wood, Circle Wood
srparasites:deadhead_wood, Deadhead Wood
srparasites:goth_hyphae, Goth Hyphae
srparasites:mottled_stalk, Stalk of Mottled
srparasites:opluntiague_corm, Opluntiague Corm
srparasites:stripped_infested_log, Stripped Infested Log
srparasites:stripped_consumed_log, Stripped Consumed Log
srparasites:stripped_bruisewood_log, Stripped Bruisewood Log
srparasites:stripped_veinwood_log, Stripped Veinwood Log
srparasites:stripped_darkwood_log, Stripped Darkwood Log
srparasites:stripped_glowwood_log, Stripped Glowwood Log
srparasites:stripped_cooked_darkwood_log, Stripped Cooked Darkwood Log
srparasites:stripped_fried_darkwood_log, Stripped Fried Darkwood Log
srparasites:stripped_liver_lobe, Stripped Liver Lobe
srparasites:stripped_circle_log, Stripped Circle Log
srparasites:stripped_deadhead_log, Stripped Deadhead Log
srparasites:stripped_goth_stem, Stripped Goth Stem
srparasites:stripped_mottled_block, Block of Stripped Mottled
srparasites:stripped_opluntiague_stem, Stripped Opluntiague Stem
srparasites:stripped_infested_wood, Stripped Infested Wood
srparasites:stripped_consumed_wood, Stripped Consumed Wood
srparasites:stripped_bruisewood_wood, Stripped Bruisewood Wood
srparasites:stripped_veinwood_wood, Stripped Veinwood Wood
srparasites:stripped_darkwood_wood, Stripped Darkwood Wood
srparasites:stripped_glowwood_wood, Stripped Glowwood Wood
srparasites:stripped_cooked_darkwood_wood, Stripped Cooked Darkwood Wood
srparasites:stripped_fried_darkwood_wood, Stripped Fried Darkwood Wood
srparasites:stripped_liver_hepatis, Stripped Liver Hepatis
srparasites:stripped_circle_wood, Stripped Circle Wood
srparasites:stripped_deadhead_wood, Stripped Deadhead Wood
srparasites:stripped_goth_hyphae, Stripped Goth Hyphae
srparasites:stripped_mottled_stalk, Stalk of Stripped Mottled
srparasites:stripped_opluntiague_corm, Stripped Opluntiague Corm
srparasites:veinwood_planks, Veinwood Planks
srparasites:glow_flesh_planks, Glow Flesh Planks
srparasites:fried_flesh_planks, Fried Flesh Planks
srparasites:liver_planks, Liver Planks
srparasites:circle_planks, Circle Planks
srparasites:mottled_planks, Mottled Planks
srparasites:opluntiague_planks, Opluntiague Planks
srparasites:bruisewood_crafting_table, Bruisewood Crafting Table
srparasites:veinwood_crafting_table, Veinwood Crafting Table
srparasites:flesh_crafting_table, Flesh Crafting Table
srparasites:glow_flesh_crafting_table, Glow Flesh Crafting Table
srparasites:cooked_flesh_crafting_table, Cooked Flesh Crafting Table
srparasites:fried_flesh_crafting_table, Fried Flesh Crafting Table
srparasites:liver_crafting_table, Liver Crafting Table
srparasites:circle_crafting_table, Circle Crafting Table
srparasites:deadhead_crafting_table, Deadhead Crafting Table
srparasites:goth_crafting_table, Goth Crafting Table
srparasites:mottled_crafting_table, Mottled Crafting Table
srparasites:opluntiague_crafting_table, Opluntiague Crafting Table
srparasites:veinwood_bookshelf, Veinwood Bookshelf
srparasites:glow_flesh_bookshelf, Glow Flesh Bookshelf
srparasites:fried_flesh_bookshelf, Fried Flesh Bookshelf
srparasites:liver_bookshelf, Liver Bookshelf
srparasites:circle_bookshelf, Circle Bookshelf
srparasites:mottled_bookshelf, Mottled Bookshelf
srparasites:opluntiague_bookshelf, Opluntiague Bookshelf
srparasites:infested_barrel, Infested Barrel
srparasites:consumed_barrel, Consumed Barrel
srparasites:bruisewood_barrel, Bruisewood Barrel
srparasites:veinwood_barrel, Veinwood Barrel
srparasites:flesh_barrel, Flesh Barrel
srparasites:glow_flesh_barrel, Glow Flesh Barrel
srparasites:cooked_flesh_barrel, Cooked Flesh Barrel
srparasites:fried_flesh_barrel, Fried Flesh Barrel
srparasites:liver_barrel, Liver Barrel
srparasites:circle_barrel, Circle Barrel
srparasites:deadhead_barrel, Deadhead Barrel
srparasites:goth_barrel, Goth Barrel
srparasites:mottled_barrel, Mottled Barrel
srparasites:opluntiague_barrel, Opluntiague Barrel
srparasites:veinwood_stairs, Veinwood Stairs
srparasites:glow_flesh_stairs, Glow Flesh Plank Stairs
srparasites:fried_flesh_stairs, Fried Flesh Plank Stairs
srparasites:liver_stairs, Liver Stairs
srparasites:circle_stairs, Circle Stairs
srparasites:mottled_stairs, Mottled Stairs
srparasites:opluntiague_stairs, Opluntiague Stairs
srparasites:veinwood_slab:0, Veinwood Slab
srparasites:glow_flesh_slab:0, Glow Flesh Plank Slab
srparasites:fried_flesh_slab:0, Fried Flesh Plank Slab
srparasites:liver_slab:0, Liver Slab
srparasites:circle_slab:0, Circle Slab
srparasites:mottled_slab:0, Mottled Slab
srparasites:opluntiague_slab:0, Opluntiague Slab
srpcalamity:infested_door, Infested Door
srpcalamity:consumed_door, Consumed Door
srpcalamity:bruisewood_door, Bruisewood Door
srpcalamity:veinwood_door, Veinwood Door
srpcalamity:flesh_door, Flesh Door
srpcalamity:glow_flesh_door, Glow Flesh Door
srpcalamity:cooked_flesh_door, Cooked Flesh Door
srpcalamity:fried_flesh_door, Fried Flesh Door
srpcalamity:liver_door, Liver Door
srpcalamity:circle_door, Circle Door
srpcalamity:deadhead_door, Deadhead Door
srpcalamity:goth_door, Goth Door
srpcalamity:mottled_door, Mottled Door
srpcalamity:opluntiague_door, Opluntiague Door
srpcalamity:hi_iron_door, §bHijacked Iron Door
srpcalamity:semi_door, Semiorganic Door
srpcalamity:infested_trapdoor, Infested Trapdoor
srpcalamity:consumed_trapdoor, Consumed Trapdoor
srpcalamity:bruisewood_trapdoor, Bruisewood Trapdoor
srpcalamity:veinwood_trapdoor, Veinwood Trapdoor
srpcalamity:flesh_trapdoor, Flesh Trapdoor
srpcalamity:glow_flesh_trapdoor, Glow Flesh Trapdoor
srpcalamity:cooked_flesh_trapdoor, Cooked Flesh Trapdoor
srpcalamity:fried_flesh_trapdoor, Fried Flesh Trapdoor
srpcalamity:liver_trapdoor, Liver Trapdoor
srpcalamity:circle_trapdoor, Circle Trapdoor
srpcalamity:deadhead_trapdoor, Deadhead Trapdoor
srpcalamity:goth_trapdoor, Goth Trapdoor
srpcalamity:mottled_trapdoor, Mottled Trapdoor
srpcalamity:opluntiague_trapdoor, Opluntiague Trapdoor
srpcalamity:hi_iron_trapdoor, §bHijacked Iron Trapdoor
srpcalamity:semi_trapdoor, Semiorganic Trapdoor
srparasites:veinwood_ladder, Veinwood Ladder
srparasites:glow_flesh_ladder, Glow Flesh Ladder
srparasites:fried_flesh_ladder, Fried Flesh Ladder
srparasites:liver_ladder, Liver Ladder
srparasites:circle_ladder, Circle Ladder
srparasites:mottled_ladder, Mottled Ladder
srparasites:opluntiague_ladder, Opluntiague Ladder
srparasites:hi_raw_iron_wall, §bHijacked Raw Iron Wall
srparasites:hi_iron_wall, §bHijacked Iron Wall
srparasites:semi_wall, Semiorganic Wall
srparasites:hi_iron_bars, §bHijacked Iron Bars
srparasites:semi_bars, Semiorganic Bars
srparasites:veinwood_fence, Veinwood Fence
srparasites:glow_flesh_fence, Glow Flesh Fence
srparasites:fried_flesh_fence, Fried Flesh Fence
srparasites:liver_fence, Liver Fence
srparasites:circle_fence, Circle Fence
srparasites:mottled_fence, Mottled Fence
srparasites:opluntiague_fence, Opluntiague Fence
srparasites:weathered_brick_fence, Weathered Brick Fence
srparasites:infested_fence_gate, Infested Fence Gate
srparasites:consumed_fence_gate, Consumed Fence Gate
srparasites:bruisewood_fence_gate, Bruisewood Fence Gate
srparasites:veinwood_fence_gate, Veinwood Fence Gate
srparasites:flesh_fence_gate, Flesh Fence Gate
srparasites:glow_flesh_fence_gate, Glow Flesh Fence Gate
srparasites:cooked_flesh_fence_gate, Cooked Flesh Fence Gate
srparasites:fried_flesh_fence_gate, Fried Flesh Fence Gate
srparasites:liver_fence_gate, Liver Fence Gate
srparasites:circle_fence_gate, Circle Gate
srparasites:deadhead_fence_gate, Deadhead Fence Gate
srparasites:goth_fence_gate, Goth Fence Gate
srparasites:mottled_fence_gate, Mottled Fence Gate
srparasites:opluntiague_fence_gate, Opluntiague Fence Gate
srparasites:bruisewood_button, Bruisewood Button
srparasites:veinwood_button, Veinwood Button
srparasites:glow_flesh_button, Glow Flesh Button
srparasites:fried_flesh_button, Fried Flesh Button
srparasites:liver_button, Liver Button
srparasites:circle_button, Circle Button
srparasites:mottled_button, Mottled Button
srparasites:opluntiague_button, Opluntiague Button
srparasites:polished_infested_stone_button, Polished Infested Stone Button
srparasites:polished_weathered_stone_button, Polished Weathered Stone Button
srparasites:polished_hivestone_button, Polished Hivestone Button
srparasites:polished_colony_stone_button, Polished Colony Stone Button
srparasites:bruisewood_pressure_plate, Bruisewood Pressure Plate
srparasites:veinwood_pressure_plate, Veinwood Pressure Plate
srparasites:glow_flesh_pressure_plate, Glow Flesh Pressure Plate
srparasites:fried_flesh_pressure_plate, Fried Flesh Pressure Plate
srparasites:liver_pressure_plate, Liver Pressure Plate
srparasites:circle_pressure_plate, Circle Pressure Plate
srparasites:mottled_pressure_plate, Mottled Pressure Plate
srparasites:opluntiague_pressure_plate, Opluntiague Pressure Plate
srparasites:hi_iron_pressure_plate, §bHijacked Iron Pressure Plate
srparasites:semi_pressure_plate, Semiorganic Pressure Plate
srparasites:polished_infested_stone_pressure_plate, Polished Infested Stone Pressure Plate
srparasites:polished_weathered_stone_pressure_plate, Polished Weathered Stone Pressure Plate
srparasites:polished_hivestone_pressure_plate, Polished Hivestone Pressure Plate
srparasites:polished_colony_stone_pressure_plate, Polished Colony Stone Pressure Plate
srpcalamity:lantern_hiiron, §bHijacked Iron Lantern
srpcalamity:lantern_hiblaze, §bHijacked Blaze Lantern
srpcalamity:lantern_canra, Summoner Lantern
srpcalamity:lantern_hull, Manducater Lantern
srpcalamity:lantern_onani, Oath Lantern
srpcalamity:lantern_pure, Pure Lantern
srpcalamity:lantern_volk, Folk Lantern
srparasites:tunnel_midge, Midge Tunnel
srparasites:tunnel_flea, Flea Tunnel
srparasites:tunnel_prentice, Prentice Tunnel
srpcalamity:head_ferenderman, item.srpcalamity.head_ferenderman.name
srpcalamity:hi_minecart, Hijacked Minecart
srpcalamity:infested_boat, Infested Boat
srpcalamity:consumed_boat, Consumed Boat
srpcalamity:bruisewood_boat, Bruisewood Boat
srpcalamity:veinwood_boat, Veinwood Boat
srpcalamity:flesh_boat, Flesh Boat
srpcalamity:glow_flesh_boat, Glow Flesh Boat
srpcalamity:cooked_flesh_boat, Cooked Flesh Boat
srpcalamity:fried_flesh_boat, Fried Flesh Boat
srpcalamity:liver_hovercraft, Liver Hovercraft
srpcalamity:circle_boat, Circle Boat
srpcalamity:deadhead_boat, Deadhead Boat
srpcalamity:goth_boat, Goth Boat
srpcalamity:mottled_raft, Mottled Raft
srpcalamity:opluntiague_boat, Opluntiague Boat
srpcalamity:infested_chest_boat, Infested Boat with Chest
srpcalamity:consumed_chest_boat, Consumed Boat with Chest
srpcalamity:bruisewood_chest_boat, Bruisewood Boat with Chest
srpcalamity:veinwood_chest_boat, Veinwood Boat with Chest
srpcalamity:flesh_chest_boat, Flesh Boat with Chest
srpcalamity:glow_flesh_chest_boat, Glow Flesh Boat with Chest
srpcalamity:cooked_flesh_chest_boat, Cooked Flesh Boat with Chest
srpcalamity:fried_flesh_chest_boat, Fried Flesh Boat with Chest
srpcalamity:liver_chest_hovercraft, Liver Hovercraft with Chest
srpcalamity:circle_chest_boat, Circle Boat with Chest
srpcalamity:deadhead_chest_boat, Deadhead Boat with Chest
srpcalamity:goth_chest_boat, Goth Boat with Chest
srpcalamity:mottled_chest_raft, Mottled Raft with Chest
srpcalamity:opluntiague_chest_boat, Opluntiague Boat with Chest
srpcalamity:weathered_brick, Weathered Brick
srpcalamity:glow_flesh, §bGlow Flesh
srpcalamity:fried_flesh, §eFried Flesh
srpcalamity:taut_sinews_bones, §cTaut Sinews Bones
srpcalamity:fried_sinews_bones, §eFried Sinews Bones
srpcalamity:sim_pig_drop, §eSmart Pig Brain
srpcalamity:sim_sheep_drop, §eAwful Sheep Skin
srpcalamity:sim_cow_drop, §eRotten Cow Tongue
srpcalamity:sim_wolf_drop, §eDisgusting Wolf Stomach
srpcalamity:sim_fox_drop, §eFluffy Fox Tail
srpcalamity:sim_horse_drop, §eSturdy Horse Hoof
srpcalamity:sim_llama_drop, §eBloody Llama Gut
srpcalamity:sim_bear_drop, §eRound Bear Ear
srpcalamity:sim_adventurer_drop, item.srpcalamity.sim_adventurer_drop.name
srpcalamity:sim_human_drop, §eSharp Humanoid Claw
srpcalamity:sim_squid_drop, §eSoft Squid Sucker
srpcalamity:sim_turtle_drop, §eSalty Turtle Scute
srpcalamity:sim_phantom_drop, §eTorn Phantom Membrane
srpcalamity:sim_dragone_drop, §5Venomous Ender Dragon Tooth
srpcalamity:ada_harvester_drop, §bHarvester Nylon
srpcalamity:ada_viscera_drop, §bViscera Tongue
srpcalamity:ada_vermin_drop, §bVermin Ovary
srpcalamity:ada_ginger_drop, §bGinger Trepang
srpcalamity:ada_phobia_drop, §bPhobia Jejunum
srpcalamity:ada_oath_drop, §bOath Pearl
srpcalamity:ada_tozoon_drop, §bTozoon Limb
srpcalamity:ada_burrower_drop, §bBurrower Colloid
srpcalamity:rooter_drop, §5Rooter Membrane
srpcalamity:drifter_drop, §bDrifter Membrane
srpcalamity:infested_bonemeal, Infested Bonemeal
srpcalamity:bonefort, §bFort Bone
srpcalamity:gadget, §cGadget
srpcalamity:hi_snow, §bHijacked Snow
srpcalamity:hi_iron, §bHijacked Raw Iron
srpcalamity:hi_shell, §bHijacked Shulker Shell
srpcalamity:hi_rod, §bHijacked Wind Rod
srpcalamity:hi_coal, §bHijacked Coal
srpcalamity:hi_star, §5Hijacked Nether Star
srpcalamity:simender_shard, §cAssimender Shard
srpcalamity:simender_pearl, §cAssimender Pearl
srpcalamity:simender_scepter, §cAssimender Scepter
srpcalamity:calling_fruit, §cCalling Fruit
srpcalamity:calling_fruit_popped, §cPopped Calling Fruit
srpcalamity:otherworldly_shard, §bOtherworldly Shard
srpcalamity:otherworldly_pearl, §bOtherworldly Pearl
srpcalamity:otherworldly_scepter, §bOtherworldly Scepter
srpcalamity:overseeing_fruit, §cOverseeing Fruit
srpcalamity:overseeing_fruit_popped, §cPopped Overseeing Fruit
srpcalamity:tiercore_inb, §eBuglin Cocoon
srpcalamity:tiercore_sim, §eAssimilated Medulla
srpcalamity:tiercore_fer, §eFeral Hormone
srpcalamity:tiercore_mar, §eOtherworldly Cyst
srpcalamity:tiercore_ju, §eFaded Grox
srpcalamity:tiercore_cru, §eDissolving Tissue
srpcalamity:tiercore_abo, §eSimilar Heart
srpcalamity:tiercore_pri, §ePrimitive Myoblast
srpcalamity:tiercore_ada, §eRobust Tendril
srpcalamity:tiercore_pur, §ePure Core
srpcalamity:tiercore_det, §eFrightening Thorn
srpcalamity:tiercore_nex, §eTranscendental Consciousness
srpcalamity:tiercore_pre, §eUnnamable Object
srpcalamity:tiercore_anc, §ePrehistoric Fossil
srpcalamity:tiercore_der, §eDerived Nightmare
srpcalamity:tiercore_pio, §ePious Sigil
srpcalamity:tiercore_imm, §eCreeper Sample
srpcalamity:mortis_core, §bMortis Core
srpcalamity:mortis_ingot, §bMortis Ingot
srpcalamity:softened_flesh_handle, §bSoftened Flesh Handle
srpcalamity:flesh_meal, Bloody Meal
srpcalamity:parasites_forage, Parasites Forage
srpcalamity:aspic, §eCreeper Aspic
srpcalamity:itemordinary, Ordinary Wand
srpcalamity:itemequal, Equal Wand
srpcalamity:analyser_primary, item.srpcalamity.analyser_primary.name
srpcalamity:consumed_sword, Consumed Sword
srpcalamity:consumed_axe, Consumed Axe
srpcalamity:consumed_pickaxe, Consumed Pickaxe
srpcalamity:consumed_shovel, Consumed Shovel
srpcalamity:consumed_hoe, Consumed Hoe
srpcalamity:hi_shears, §bHijacked Shears
srpcalamity:ju_shears, §5Hijusaka Shears
srpcalamity:radius_reaper, §cReadiusper
srpcalamity:sim_helmet, §cMedullae Helmet
srpcalamity:sim_chestplate, §cMedullae Chestplate
srpcalamity:sim_leggings, §cMedullae Leggings
srpcalamity:sim_boots, §cMedullae Boots
srpcalamity:fer_helmet, §cSinews Bones Helmet
srpcalamity:fer_chestplate, §cSinews Bones Chestplate
srpcalamity:fer_leggings, §cSinews Bones Leggings
srpcalamity:fer_boots, §cSinews Bones Boots
srpcalamity:longarms_helmet, §bLongarms Helmet
srpcalamity:longarms_chestplate, §bLongarms Chestplate
srpcalamity:longarms_leggings, §bLongarms Leggings
srpcalamity:longarms_boots, §bLongarms Boots
srpcalamity:bolster_helmet, §bBolster Helmet
srpcalamity:bolster_chestplate, §bBolster Chestplate
srpcalamity:bolster_leggings, §bBolster Leggings
srpcalamity:bolster_boots, §bBolster Boots
srparasites:weapon_scythe_ashen, §5Ashen Scythe
srparasites:weapon_scythe_mortis, §bMortis Scythe
srparasites:weapon_axe_ashen, §5Ashen Axe
srparasites:weapon_axe_mortis, §bMortis Axe
srparasites:weapon_sword_ashen, §5Ashen Sword
srparasites:weapon_sword_mortis, §bMortis Sword
srparasites:weapon_cleaver_ashen, §5Ashen Cleaver
srparasites:weapon_cleaver_mortis, §bMortis Cleaver
srparasites:weapon_maul_ashen, §5Ashen Maul
srparasites:weapon_maul_mortis, §bMortis Maul
srparasites:weapon_lance_ashen, §5Ashen Lance
srparasites:weapon_lance_mortis, §bMortis Lance
srparasites:weapon_ge_ashen, §5Ashen Ge
srparasites:weapon_ge_mortis, §bMortis Ge
srparasites:weapon_trident_ashen, §5Ashen Trident
srparasites:weapon_trident_mortis, §bMortis Trident
srparasites:weapon_bow_ashen, §5Ashen Bow
srparasites:weapon_bow_mortis, §bMortis Bow
srpcalamity:compact_vermin, §cCompact Vermin
srpcalamity:itemmobspawner_xorlodo, Spawn Buglin Egg
srpcalamity:itemmobspawner_xorloli, Spawn Prentice Egg
srpcalamity:itemmobspawner_xorsata, Spawn Midge Egg
srpcalamity:itemmobspawner_xorvioy, Spawn Flea Egg
srpcalamity:itemmobspawner_loli, item.srpcalamity.itemmobspawner_loli.name
srpcalamity:itemmobspawner_kol, item.srpcalamity.itemmobspawner_kol.name
srpcalamity:itemmobspawner_shol, item.srpcalamity.itemmobspawner_shol.name
srpcalamity:itemmobspawner_sata, item.srpcalamity.itemmobspawner_sata.name
srpcalamity:itemmobspawner_ulta, item.srpcalamity.itemmobspawner_ulta.name
srpcalamity:itemmobspawner_vioy, item.srpcalamity.itemmobspawner_vioy.name
srpcalamity:itemmobspawner_viin, item.srpcalamity.itemmobspawner_viin.name
srpcalamity:itemmobspawner_jwoy, item.srpcalamity.itemmobspawner_jwoy.name
srpcalamity:itemmobspawner_pithol, item.srpcalamity.itemmobspawner_pithol.name
srpcalamity:itemmobspawner_kethol, item.srpcalamity.itemmobspawner_kethol.name
srpcalamity:itemmobspawner_yuthol, item.srpcalamity.itemmobspawner_yuthol.name
srpcalamity:itemmobspawner_kiang, item.srpcalamity.itemmobspawner_kiang.name
srpcalamity:itemmobspawner_ikiinborn, item.srpcalamity.itemmobspawner_ikiinborn.name
srpcalamity:itemmobspawner_dorpahead, item.srpcalamity.itemmobspawner_dorpahead.name
srpcalamity:itemmobspawner_forla, item.srpcalamity.itemmobspawner_forla.name
srpcalamity:itemmobspawner_forlahead, item.srpcalamity.itemmobspawner_forlahead.name
srpcalamity:itemmobspawner_morma, item.srpcalamity.itemmobspawner_morma.name
srpcalamity:itemmobspawner_mormahead, item.srpcalamity.itemmobspawner_mormahead.name
srpcalamity:itemmobspawner_ferpighead, item.srpcalamity.itemmobspawner_ferpighead.name
srpcalamity:itemmobspawner_marpig, item.srpcalamity.itemmobspawner_marpig.name
srpcalamity:itemmobspawner_marpighead, item.srpcalamity.itemmobspawner_marpighead.name
srpcalamity:itemmobspawner_fersheephead, item.srpcalamity.itemmobspawner_fersheephead.name
srpcalamity:itemmobspawner_marsheephead, item.srpcalamity.itemmobspawner_marsheephead.name
srpcalamity:itemmobspawner_fercowhead, item.srpcalamity.itemmobspawner_fercowhead.name
srpcalamity:itemmobspawner_marcowhead, item.srpcalamity.itemmobspawner_marcowhead.name
srpcalamity:itemmobspawner_ferwolfhead, item.srpcalamity.itemmobspawner_ferwolfhead.name
srpcalamity:itemmobspawner_marwolf, item.srpcalamity.itemmobspawner_marwolf.name
srpcalamity:itemmobspawner_marwolfhead, item.srpcalamity.itemmobspawner_marwolfhead.name
srpcalamity:itemmobspawner_inffox, item.srpcalamity.itemmobspawner_inffox.name
srpcalamity:itemmobspawner_inffoxhead, item.srpcalamity.itemmobspawner_inffoxhead.name
srpcalamity:itemmobspawner_ferfox, item.srpcalamity.itemmobspawner_ferfox.name
srpcalamity:itemmobspawner_ferfoxhead, item.srpcalamity.itemmobspawner_ferfoxhead.name
srpcalamity:itemmobspawner_marfox, item.srpcalamity.itemmobspawner_marfox.name
srpcalamity:itemmobspawner_marfoxhead, item.srpcalamity.itemmobspawner_marfoxhead.name
srpcalamity:itemmobspawner_ferhorsehead, item.srpcalamity.itemmobspawner_ferhorsehead.name
srpcalamity:itemmobspawner_marhorse, item.srpcalamity.itemmobspawner_marhorse.name
srpcalamity:itemmobspawner_marhorsehead, item.srpcalamity.itemmobspawner_marhorsehead.name
srpcalamity:itemmobspawner_infdonkey, item.srpcalamity.itemmobspawner_infdonkey.name
srpcalamity:itemmobspawner_infdonkeyhead, item.srpcalamity.itemmobspawner_infdonkeyhead.name
srpcalamity:itemmobspawner_ferdonkey, item.srpcalamity.itemmobspawner_ferdonkey.name
srpcalamity:itemmobspawner_ferdonkeyhead, item.srpcalamity.itemmobspawner_ferdonkeyhead.name
srpcalamity:itemmobspawner_mardonkey, item.srpcalamity.itemmobspawner_mardonkey.name
srpcalamity:itemmobspawner_mardonkeyhead, item.srpcalamity.itemmobspawner_mardonkeyhead.name
srpcalamity:itemmobspawner_infmule, item.srpcalamity.itemmobspawner_infmule.name
srpcalamity:itemmobspawner_infmulehead, item.srpcalamity.itemmobspawner_infmulehead.name
srpcalamity:itemmobspawner_fermule, item.srpcalamity.itemmobspawner_fermule.name
srpcalamity:itemmobspawner_fermulehead, item.srpcalamity.itemmobspawner_fermulehead.name
srpcalamity:itemmobspawner_marmule, item.srpcalamity.itemmobspawner_marmule.name
srpcalamity:itemmobspawner_marmulehead, item.srpcalamity.itemmobspawner_marmulehead.name
srpcalamity:itemmobspawner_infbearhead, item.srpcalamity.itemmobspawner_infbearhead.name
srpcalamity:itemmobspawner_ferbearhead, item.srpcalamity.itemmobspawner_ferbearhead.name
srpcalamity:itemmobspawner_marbearhead, item.srpcalamity.itemmobspawner_marbearhead.name
srpcalamity:itemmobspawner_infllama, item.srpcalamity.itemmobspawner_infllama.name
srpcalamity:itemmobspawner_infllamahead, item.srpcalamity.itemmobspawner_infllamahead.name
srpcalamity:itemmobspawner_ferllama, item.srpcalamity.itemmobspawner_ferllama.name
srpcalamity:itemmobspawner_ferllamahead, item.srpcalamity.itemmobspawner_ferllamahead.name
srpcalamity:itemmobspawner_marllama, item.srpcalamity.itemmobspawner_marllama.name
srpcalamity:itemmobspawner_marllamahead, item.srpcalamity.itemmobspawner_marllamahead.name
srpcalamity:itemmobspawner_infsniffer, item.srpcalamity.itemmobspawner_infsniffer.name
srpcalamity:itemmobspawner_infsnifferhead, item.srpcalamity.itemmobspawner_infsnifferhead.name
srpcalamity:itemmobspawner_fersniffer, item.srpcalamity.itemmobspawner_fersniffer.name
srpcalamity:itemmobspawner_fersnifferhead, item.srpcalamity.itemmobspawner_fersnifferhead.name
srpcalamity:itemmobspawner_marsniffer, item.srpcalamity.itemmobspawner_marsniffer.name
srpcalamity:itemmobspawner_marsnifferhead, item.srpcalamity.itemmobspawner_marsnifferhead.name
srpcalamity:itemmobspawner_ferplayer, item.srpcalamity.itemmobspawner_ferplayer.name
srpcalamity:itemmobspawner_ferplayerhead, item.srpcalamity.itemmobspawner_ferplayerhead.name
srpcalamity:itemmobspawner_marplayer, item.srpcalamity.itemmobspawner_marplayer.name
srpcalamity:itemmobspawner_marplayerhead, item.srpcalamity.itemmobspawner_marplayerhead.name
srpcalamity:itemmobspawner_ferhumanhead, item.srpcalamity.itemmobspawner_ferhumanhead.name
srpcalamity:itemmobspawner_marhumanhead, item.srpcalamity.itemmobspawner_marhumanhead.name
srpcalamity:itemmobspawner_fervillagerhead, item.srpcalamity.itemmobspawner_fervillagerhead.name
srpcalamity:itemmobspawner_marvillagerhead, item.srpcalamity.itemmobspawner_marvillagerhead.name
srpcalamity:itemmobspawner_infpillager, item.srpcalamity.itemmobspawner_infpillager.name
srpcalamity:itemmobspawner_infpillagerhead, item.srpcalamity.itemmobspawner_infpillagerhead.name
srpcalamity:itemmobspawner_ferpillager, item.srpcalamity.itemmobspawner_ferpillager.name
srpcalamity:itemmobspawner_ferpillagerhead, item.srpcalamity.itemmobspawner_ferpillagerhead.name
srpcalamity:itemmobspawner_marpillager, item.srpcalamity.itemmobspawner_marpillager.name
srpcalamity:itemmobspawner_marpillagerhead, item.srpcalamity.itemmobspawner_marpillagerhead.name
srpcalamity:itemmobspawner_inftrader, item.srpcalamity.itemmobspawner_inftrader.name
srpcalamity:itemmobspawner_inftraderhead, item.srpcalamity.itemmobspawner_inftraderhead.name
srpcalamity:itemmobspawner_fertrader, item.srpcalamity.itemmobspawner_fertrader.name
srpcalamity:itemmobspawner_fertraderhead, item.srpcalamity.itemmobspawner_fertraderhead.name
srpcalamity:itemmobspawner_martrader, item.srpcalamity.itemmobspawner_martrader.name
srpcalamity:itemmobspawner_martraderhead, item.srpcalamity.itemmobspawner_martraderhead.name
srpcalamity:itemmobspawner_gelno, item.srpcalamity.itemmobspawner_gelno.name
srpcalamity:itemmobspawner_gelnohead, item.srpcalamity.itemmobspawner_gelnohead.name
srpcalamity:itemmobspawner_belmo, item.srpcalamity.itemmobspawner_belmo.name
srpcalamity:itemmobspawner_belmohead, item.srpcalamity.itemmobspawner_belmohead.name
srpcalamity:itemmobspawner_qeldo, item.srpcalamity.itemmobspawner_qeldo.name
srpcalamity:itemmobspawner_qeldohead, item.srpcalamity.itemmobspawner_qeldohead.name
srpcalamity:itemmobspawner_infsquidhead, item.srpcalamity.itemmobspawner_infsquidhead.name
srpcalamity:itemmobspawner_fersquid, item.srpcalamity.itemmobspawner_fersquid.name
srpcalamity:itemmobspawner_fersquidhead, item.srpcalamity.itemmobspawner_fersquidhead.name
srpcalamity:itemmobspawner_marsquid, item.srpcalamity.itemmobspawner_marsquid.name
srpcalamity:itemmobspawner_marsquidhead, item.srpcalamity.itemmobspawner_marsquidhead.name
srpcalamity:itemmobspawner_infsquidg, item.srpcalamity.itemmobspawner_infsquidg.name
srpcalamity:itemmobspawner_infsquidghead, item.srpcalamity.itemmobspawner_infsquidghead.name
srpcalamity:itemmobspawner_fersquidg, item.srpcalamity.itemmobspawner_fersquidg.name
srpcalamity:itemmobspawner_fersquidghead, item.srpcalamity.itemmobspawner_fersquidghead.name
srpcalamity:itemmobspawner_marsquidg, item.srpcalamity.itemmobspawner_marsquidg.name
srpcalamity:itemmobspawner_marsquidghead, item.srpcalamity.itemmobspawner_marsquidghead.name
srpcalamity:itemmobspawner_infturtle, item.srpcalamity.itemmobspawner_infturtle.name
srpcalamity:itemmobspawner_infturtlehead, item.srpcalamity.itemmobspawner_infturtlehead.name
srpcalamity:itemmobspawner_ferturtle, item.srpcalamity.itemmobspawner_ferturtle.name
srpcalamity:itemmobspawner_ferturtlehead, item.srpcalamity.itemmobspawner_ferturtlehead.name
srpcalamity:itemmobspawner_marturtle, item.srpcalamity.itemmobspawner_marturtle.name
srpcalamity:itemmobspawner_marturtlehead, item.srpcalamity.itemmobspawner_marturtlehead.name
srpcalamity:itemmobspawner_infphantom, item.srpcalamity.itemmobspawner_infphantom.name
srpcalamity:itemmobspawner_infphantomhead, item.srpcalamity.itemmobspawner_infphantomhead.name
srpcalamity:itemmobspawner_ferphantom, item.srpcalamity.itemmobspawner_ferphantom.name
srpcalamity:itemmobspawner_ferphantomhead, item.srpcalamity.itemmobspawner_ferphantomhead.name
srpcalamity:itemmobspawner_marphantom, item.srpcalamity.itemmobspawner_marphantom.name
srpcalamity:itemmobspawner_marphantomhead, item.srpcalamity.itemmobspawner_marphantomhead.name
srpcalamity:itemmobspawner_ferendermanhead, item.srpcalamity.itemmobspawner_ferendermanhead.name
srpcalamity:itemmobspawner_marendermanhead, item.srpcalamity.itemmobspawner_marendermanhead.name
srpcalamity:itemmobspawner_ferdragone, item.srpcalamity.itemmobspawner_ferdragone.name
srpcalamity:itemmobspawner_ferdragonehead, item.srpcalamity.itemmobspawner_ferdragonehead.name
srpcalamity:itemmobspawner_mardragone, item.srpcalamity.itemmobspawner_mardragone.name
srpcalamity:itemmobspawner_mardragonehead, item.srpcalamity.itemmobspawner_mardragonehead.name
srpcalamity:itemmobspawner_hisnow, item.srpcalamity.itemmobspawner_hisnow.name
srpcalamity:itemmobspawner_hishulker, item.srpcalamity.itemmobspawner_hishulker.name
srpcalamity:itemmobspawner_hibreeze, item.srpcalamity.itemmobspawner_hibreeze.name
srpcalamity:itemmobspawner_hibogged, item.srpcalamity.itemmobspawner_hibogged.name
srpcalamity:itemmobspawner_hiwitherbone, item.srpcalamity.itemmobspawner_hiwitherbone.name
srpcalamity:itemmobspawner_hiwither, item.srpcalamity.itemmobspawner_hiwither.name
srpcalamity:itemmobspawner_jugolem, item.srpcalamity.itemmobspawner_jugolem.name
srpcalamity:itemmobspawner_jusnow, item.srpcalamity.itemmobspawner_jusnow.name
srpcalamity:itemmobspawner_jushulker, item.srpcalamity.itemmobspawner_jushulker.name
srpcalamity:itemmobspawner_jublaze, item.srpcalamity.itemmobspawner_jublaze.name
srpcalamity:itemmobspawner_jubreeze, item.srpcalamity.itemmobspawner_jubreeze.name
srpcalamity:itemmobspawner_juskeleton, item.srpcalamity.itemmobspawner_juskeleton.name
srpcalamity:itemmobspawner_juwitherbone, item.srpcalamity.itemmobspawner_juwitherbone.name
srpcalamity:itemmobspawner_jubogged, item.srpcalamity.itemmobspawner_jubogged.name
srpcalamity:itemmobspawner_juwither, item.srpcalamity.itemmobspawner_juwither.name
srpcalamity:itemmobspawner_cules, Spawn Vesicle
srpcalamity:itemmobspawner_culem, Spawn Vacuole
srpcalamity:itemmobspawner_culel, Spawn Nucleus
srpcalamity:itemmobspawner_muje, item.srpcalamity.itemmobspawner_muje.name
srpcalamity:itemmobspawner_inhool, Spawn Large Incomplete Form
srpcalamity:itemmobspawner_volk, item.srpcalamity.itemmobspawner_volk.name
srpcalamity:itemmobspawner_haato, item.srpcalamity.itemmobspawner_haato.name
srpcalamity:itemmobspawner_haatoii, item.srpcalamity.itemmobspawner_haatoii.name
srpcalamity:itemmobspawner_aboa, Spawn Abomination A
srpcalamity:itemmobspawner_aboc, Spawn Abomination C
srpcalamity:itemmobspawner_abodickens, item.srpcalamity.itemmobspawner_abodickens.name
srpcalamity:itemmobspawner_aboe, Spawn Abomination E
srpcalamity:itemmobspawner_abof, Spawn Abomination F
srpcalamity:itemmobspawner_abog, Spawn Abomination G
srpcalamity:itemmobspawner_aboi, Spawn Abomination I
srpcalamity:itemmobspawner_aboj, Spawn Abomination J
srpcalamity:itemmobspawner_abok, Spawn Abomination K
srpcalamity:itemmobspawner_abol, Spawn Abomination L
srpcalamity:itemmobspawner_abom, Spawn Abomination M
srpcalamity:itemmobspawner_abon, Spawn Abomination N
srpcalamity:itemmobspawner_aboo, Spawn Abomination O
srpcalamity:itemmobspawner_abop, Spawn Abomination P
srpcalamity:itemmobspawner_aboq, Spawn Abomination Q
srpcalamity:itemmobspawner_abor, Spawn Abomination R
srpcalamity:itemmobspawner_abos, Spawn Abomination S
srpcalamity:itemmobspawner_abot, Spawn Abomination T
srpcalamity:itemmobspawner_abou, Spawn Abomination U
srpcalamity:itemmobspawner_abovirgo, item.srpcalamity.itemmobspawner_abovirgo.name
srpcalamity:itemmobspawner_abow, Spawn Abomination W
srpcalamity:itemmobspawner_abox, Spawn Abomination X
srpcalamity:itemmobspawner_aboy, Spawn Abomination Y
srpcalamity:itemmobspawner_aboz, Spawn Abomination Z
srpcalamity:itemmobspawner_vaz, item.srpcalamity.itemmobspawner_vaz.name
srpcalamity:itemmobspawner_kucum, item.srpcalamity.itemmobspawner_kucum.name
srpcalamity:itemmobspawner_aira, item.srpcalamity.itemmobspawner_aira.name
srpcalamity:itemmobspawner_onani, item.srpcalamity.itemmobspawner_onani.name
srpcalamity:itemmobspawner_vazadapted, item.srpcalamity.itemmobspawner_vazadapted.name
srpcalamity:itemmobspawner_kucumadapted, item.srpcalamity.itemmobspawner_kucumadapted.name
srpcalamity:itemmobspawner_airaadapted, item.srpcalamity.itemmobspawner_airaadapted.name
srpcalamity:itemmobspawner_onaniadapted, item.srpcalamity.itemmobspawner_onaniadapted.name
srpcalamity:itemmobspawner_shycoten, item.srpcalamity.itemmobspawner_shycoten.name
srpcalamity:itemmobspawner_canraten, item.srpcalamity.itemmobspawner_canraten.name
srpcalamity:itemmobspawner_hullten, item.srpcalamity.itemmobspawner_hullten.name
srpcalamity:itemmobspawner_noglaten, item.srpcalamity.itemmobspawner_noglaten.name
srpcalamity:itemmobspawner_zetmoten, item.srpcalamity.itemmobspawner_zetmoten.name
srpcalamity:itemmobspawner_ranracten, item.srpcalamity.itemmobspawner_ranracten.name
srpcalamity:itemmobspawner_vazten, item.srpcalamity.itemmobspawner_vazten.name
srpcalamity:itemmobspawner_gimten, item.srpcalamity.itemmobspawner_gimten.name
srpcalamity:itemmobspawner_emanaten, item.srpcalamity.itemmobspawner_emanaten.name
srpcalamity:itemmobspawner_ikiten, item.srpcalamity.itemmobspawner_ikiten.name
srpcalamity:itemmobspawner_wymoten, item.srpcalamity.itemmobspawner_wymoten.name
srpcalamity:itemmobspawner_zaaten, item.srpcalamity.itemmobspawner_zaaten.name
srpcalamity:itemmobspawner_lumten, item.srpcalamity.itemmobspawner_lumten.name
srpcalamity:itemmobspawner_kucumten, item.srpcalamity.itemmobspawner_kucumten.name
srpcalamity:itemmobspawner_airaten, item.srpcalamity.itemmobspawner_airaten.name
srpcalamity:itemmobspawner_onaniten, item.srpcalamity.itemmobspawner_onaniten.name
srpcalamity:itemmobspawner_flogten, item.srpcalamity.itemmobspawner_flogten.name
srpcalamity:itemmobspawner_alafhaten, item.srpcalamity.itemmobspawner_alafhaten.name
srpcalamity:itemmobspawner_angedten, item.srpcalamity.itemmobspawner_angedten.name
srpcalamity:itemmobspawner_orchten, item.srpcalamity.itemmobspawner_orchten.name
srpcalamity:itemmobspawner_ganroten, item.srpcalamity.itemmobspawner_ganroten.name
srpcalamity:itemmobspawner_esorten, item.srpcalamity.itemmobspawner_esorten.name
srpcalamity:itemmobspawner_vasco, item.srpcalamity.itemmobspawner_vasco.name
srpcalamity:itemmobspawner_vascoten, item.srpcalamity.itemmobspawner_vascoten.name
srpcalamity:itemmobspawner_soo, TRUE Spawn Seeker
srpcalamity:itemmobspawner_flam, Spawn Succor(WIP)
srpcalamity:itemmobspawner_tenn, TRUE Spawn Architect
srpcalamity:itemmobspawner_vazkii, item.srpcalamity.itemmobspawner_vazkii.name
srpcalamity:itemmobspawner_mikan, item.srpcalamity.itemmobspawner_mikan.name
srpcalamity:itemmobspawner_rof, Spawn Worm
srpcalamity:itemmobspawner_dodt, Spawn Dispatcher Tentacle
srpcalamity:itemmobspawner_leemb, item.srpcalamity.itemmobspawner_leemb.name
srpcalamity:itemmobspawner_nihon, item.srpcalamity.itemmobspawner_nihon.name
srpcalamity:itemmobspawner_niho, Spawn Drifter Stage I
srpcalamity:itemmobspawner_nihosii, Spawn Drifter Stage II
srpcalamity:itemmobspawner_nihosiii, Spawn Drifter Stage III
srpcalamity:itemmobspawner_nihosiv, item.srpcalamity.itemmobspawner_nihosiv.name
srpcalamity:itemmobspawner_nun, Spawn §aMantiffah
srpcalamity:itemmobspawner_bomb, Spawn Parasitic Bomb
srpcalamity:itemmobspawner_biomasscanra, Spawn Primitive Summoner Biomass
srpcalamity:itemmobspawner_biomasscanraadapted, Spawn Adapted Summoner Biomass
srpcalamity:itemmobspawner_biomassalafha, Spawn Overseer Biomass
srpcalamity:itemmobspawner_biomass, Spawn Biomass Stage I
srpcalamity:itemmobspawner_biomassii, Spawn Biomass Stage II
srpcalamity:itemmobspawner_biomassiii, Spawn Biomass Stage III
srpcalamity:itemmobspawner_bombo, Spawn Light Bomb
srpcalamity:itemmobspawner_bombj, Spawn Heavy Bomb
srpcalamity:itemmobspawner_bombm, Spawn Ancient Bomb
srpcalamity:itemmobspawner_infdragonelw, Spawn Assimilated Ender Dragon Wing(Left)
srpcalamity:itemmobspawner_infdragonerw, Spawn Assimilated Ender Dragon Wing(Right)
srpcalamity:itemmobspawner_oroncoten, Spawn Ancient Dreadnaut Tendril
srpcalamity:itemmobspawner_terlaten, item.srpcalamity.itemmobspawner_terlaten.name
srpcalamity:itemmobspawner_mikanten, Spawn Ancient Matriarch Tendril
srpcalamity:catcher_larva, §aLarvacatcher
srpcalamity:catcher_medium, §aMedium Cocoon Catcher
srpcalamity:catcher_large, §aLarge Cocoon Catcher
srpcalamity:bottle_lodo, item.srpcalamity.bottle_lodo.name
srpcalamity:cage_mudo, item.srpcalamity.cage_mudo.name
srpcalamity:cage_nuuh, item.srpcalamity.cage_nuuh.name
srpcalamity:bottle_sata, item.srpcalamity.bottle_sata.name
srpcalamity:cage_ata, item.srpcalamity.cage_ata.name
srpcalamity:cage_ulta, item.srpcalamity.cage_ulta.name
srpcalamity:bottle_vioy, item.srpcalamity.bottle_vioy.name
srpcalamity:cage_viin, item.srpcalamity.cage_viin.name
srpcalamity:cage_jwoy, item.srpcalamity.cage_jwoy.name
srpcalamity:bottle_loli, item.srpcalamity.bottle_loli.name
srpcalamity:cage_kol, item.srpcalamity.cage_kol.name
srpcalamity:cage_shol, item.srpcalamity.cage_shol.name
srpcalamity:cage_pithol, item.srpcalamity.cage_pithol.name
srpcalamity:cage_gothol, item.srpcalamity.cage_gothol.name
srpcalamity:cage_buthol, item.srpcalamity.cage_buthol.name
srpcalamity:cage_dorpahead, item.srpcalamity.cage_dorpahead.name
srpcalamity:cage_gelnohead, item.srpcalamity.cage_gelnohead.name
srpcalamity:cage_infcowhead, item.srpcalamity.cage_infcowhead.name
srpcalamity:cage_infsheephead, item.srpcalamity.cage_infsheephead.name
srpcalamity:cage_infpighead, item.srpcalamity.cage_infpighead.name
srpcalamity:cage_infwolf, item.srpcalamity.cage_infwolf.name
srpcalamity:cage_infwolfhead, item.srpcalamity.cage_infwolfhead.name
srpcalamity:cage_infhorsehead, item.srpcalamity.cage_infhorsehead.name
srpcalamity:cage_infdonkeyhead, item.srpcalamity.cage_infdonkeyhead.name
srpcalamity:cage_infmulehead, item.srpcalamity.cage_infmulehead.name
srpcalamity:cage_infbearhead, item.srpcalamity.cage_infbearhead.name
srpcalamity:cage_inffox, item.srpcalamity.cage_inffox.name
srpcalamity:cage_inffoxhead, item.srpcalamity.cage_inffoxhead.name
srpcalamity:cage_infocelot, item.srpcalamity.cage_infocelot.name
srpcalamity:cage_infocelothead, item.srpcalamity.cage_infocelothead.name
srpcalamity:cage_infllamahead, item.srpcalamity.cage_infllamahead.name
srpcalamity:cage_infgoathead, item.srpcalamity.cage_infgoathead.name
srpcalamity:cage_infhumanhead, item.srpcalamity.cage_infhumanhead.name
srpcalamity:cage_infplayerhead, item.srpcalamity.cage_infplayerhead.name
srpcalamity:cage_infvillagerhead, item.srpcalamity.cage_infvillagerhead.name
srpcalamity:cage_infwitchhead, item.srpcalamity.cage_infwitchhead.name
srpcalamity:cage_infvindicatorhead, item.srpcalamity.cage_infvindicatorhead.name
srpcalamity:cage_infpillagerhead, item.srpcalamity.cage_infpillagerhead.name
srpcalamity:cage_infsquidhead, item.srpcalamity.cage_infsquidhead.name
srpcalamity:cage_infsquidghead, item.srpcalamity.cage_infsquidghead.name
srpcalamity:cage_infphantomhead, item.srpcalamity.cage_infphantomhead.name
srpcalamity:cage_infendermanhead, item.srpcalamity.cage_infendermanhead.name
srpcalamity:cage_lesh, item.srpcalamity.cage_lesh.name
srpcalamity:cage_muje, item.srpcalamity.cage_muje.name
srpcalamity:cage_inhoos, item.srpcalamity.cage_inhoos.name
srpcalamity:cage_inhoom, item.srpcalamity.cage_inhoom.name
srpcalamity:cage_flog, item.srpcalamity.cage_flog.name
srpcalamity:souvenir_buglin, §aBuglin Souvenir
srpcalamity:souvenir_rupter, §aRupter Souvenir
srpcalamity:souvenir_mangler, §aMangler Souvenir
srpcalamity:souvenir_midge, §aMidge Souvenir
srpcalamity:souvenir_gnat, §aGnat Souvenir
srpcalamity:souvenir_gadfly, §aGadfly Souvenir
srpcalamity:yuyuko_fan, §dWraith Fan
srparasites:itemmobspawner_distributor, Spawn Distributor
srparasites:itemmobspawner_mudorider, Spawn Horseman of the Apocalypse
srparasites:itemmobspawner_mudospace, Spawn Alien Rupter
srparasites:itemmobspawner_mudopirate, Spawn Pirate Rupter
srparasites:itemmobspawner_mudobutcher, Spawn Butcher Rupter
srparasites:itemmobspawner_banoghost, Spawn Ghost Bolster
thaumicperiphery:pauldron, Pauldron
thaumicperiphery:pauldron_repulsion, Pauldron of Repulsion
thaumicperiphery:malignant_heart, Malignant Heart
thaumicperiphery:magic_quiver, Conjurer's Quiver
thaumicperiphery:vis_phylactery, Vis Phylactery
thaumicterminal:item_part:0, Arcane Terminal
thaumictinkerer:funnel, Essentia Funnel
thaumictinkerer:dissimulation, Dissimulation Block
thaumictinkerer:transvector_interface, Transvector Interface
thaumictinkerer:transvector_dislocator, Transvector Dislocator
thaumictinkerer:repairer, Thaumic Restorer
thaumictinkerer:magnet, Kinetic Attractor
thaumictinkerer:mob_magnet, Corporeal Attractor
thaumictinkerer:osmotic_enchanter, Osmotic Enchanter
thaumictinkerer:enchantment_pillar, Enchanting Pillar
thaumictinkerer:animation_tablet, Dynamism Tablet
thaumictinkerer:black_quartz_block, Black Quartz Block
thaumictinkerer:dummy_nitor, tile.thaumictinkerer:dummy_nitor.name
thaumictinkerer:share_book, Tome of Knowledge Sharing
thaumictinkerer:black_quartz, Smokey Quartz
thaumictinkerer:connector, Transvector Binder
thaumictinkerer:soul_mould, Soul Mould
thaumictinkerer:energetic_nitor, Energetic Nitor
thaumictinkerer:spellbinding_cloth, Spellbinding Cloth
thaumictinkerer:blood_sword, Cursed Spirit's Blade
thaumictinkerer:mob_aspect, item.thaumictinkerer:mob_aspect.name
tinkers_reforged:kovar_ingot, Kovar Ingot
tinkers_reforged:kovar_nugget, Kovar Nugget
tinkers_reforged:kovar_dust, item.tinkers_reforged.kovar_dust.name
tinkers_reforged:kovar_plate, Kovar Plate
tinkers_reforged:kovar_gear, Kovar Gear
tinkers_reforged:lavium_ingot, Lavium Ingot
tinkers_reforged:lavium_nugget, Lavium Nugget
tinkers_reforged:lavium_dust, Lavium Dust
tinkers_reforged:lavium_plate, Lavium Plate
tinkers_reforged:lavium_gear, Lavium Gear
tinkers_reforged:qivium_ingot, Qivium Ingot
tinkers_reforged:qivium_nugget, Qivium Nugget
tinkers_reforged:qivium_dust, Qivium Dust
tinkers_reforged:qivium_plate, Qivium Plate
tinkers_reforged:qivium_gear, Qivium Gear
tinkers_reforged:kovar_glass, Kovar Glass
tinkers_reforged:gladius, Gladius
tinkers_reforged:light_blade:0, Wooden Light Blade
tinkers_reforged:light_blade:0, Stone Light Blade
tinkers_reforged:light_blade:0, Flint Light Blade
tinkers_reforged:light_blade:0, Cactus Light Blade
tinkers_reforged:light_blade:0, Bone Light Blade
tinkers_reforged:light_blade:0, Obsidian Light Blade
tinkers_reforged:light_blade:0, Prismarine Light Blade
tinkers_reforged:light_blade:0, End Light Blade
tinkers_reforged:light_blade:0, Paper Light Blade
tinkers_reforged:light_blade:0, Sponge Light Blade
tinkers_reforged:light_blade:0, Firewood Light Blade
tinkers_reforged:light_blade:0, Iron Light Blade
tinkers_reforged:light_blade:0, Pig Iron Light Blade
tinkers_reforged:light_blade:0, Knightslime Light Blade
tinkers_reforged:light_blade:0, Slime Light Blade
tinkers_reforged:light_blade:0, Slime Light Blade
tinkers_reforged:light_blade:0, Magma Slime Light Blade
tinkers_reforged:light_blade:0, Netherrack Light Blade
tinkers_reforged:light_blade:0, Cobalt Light Blade
tinkers_reforged:light_blade:0, Ardite Light Blade
tinkers_reforged:light_blade:0, Manyullyn Light Blade
tinkers_reforged:light_blade:0, Copper Light Blade
tinkers_reforged:light_blade:0, Bronze Light Blade
tinkers_reforged:light_blade:0, Lead Light Blade
tinkers_reforged:light_blade:0, Silver Light Blade
tinkers_reforged:light_blade:0, Electrum Light Blade
tinkers_reforged:light_blade:0, Steel Light Blade
tinkers_reforged:light_blade:0, Certus Quartz Light Blade
tinkers_reforged:light_blade:0, Fluix Crystal Light Blade
tinkers_reforged:light_blade:0, Charged Certus Quartz Light Blade
tinkers_reforged:light_blade:0, Starmetal Light Blade
tinkers_reforged:light_blade:0, Glowstone Light Blade
tinkers_reforged:light_blade:0, Zinc Light Blade
tinkers_reforged:light_blade:0, Titanium Light Blade
tinkers_reforged:light_blade:0, Iridium Light Blade
tinkers_reforged:light_blade:0, Aluminum Light Blade
tinkers_reforged:light_blade:0, Platinum Light Blade
tinkers_reforged:light_blade:0, Invar Light Blade
tinkers_reforged:light_blade:0, Amethyst Light Blade
tinkers_reforged:light_blade:0, Ruby Light Blade
tinkers_reforged:light_blade:0, Sapphire Light Blade
tinkers_reforged:light_blade:0, Peridot Light Blade
tinkers_reforged:light_blade:0, Yellorium Light Blade
tinkers_reforged:light_blade:0, Cyanite Light Blade
tinkers_reforged:light_blade:0, Ludicrite Light Blade
tinkers_reforged:light_blade:0, Blutonium Light Blade
tinkers_reforged:light_blade:0, Osmium Light Blade
tinkers_reforged:light_blade:0, Refined Obsidian Light Blade
tinkers_reforged:light_blade:0, Refined Glowstone Light Blade
tinkers_reforged:light_blade:0, Thaumium Light Blade
tinkers_reforged:light_blade:0, Lavium Light Blade
tinkers_reforged:light_blade:0, Qivium Light Blade
tinkers_reforged:light_blade:0, Treated Wood Light Blade
tinkers_reforged:light_blade:0, Constantan Light Blade
tinkers_reforged:lightsword, Lightsword
xpbook:xp_book, OLD - RIGHTCLICK TO CONVERT
xpbook:xp_tome, XP Tome
immersiveengineering:ore:0, Copper Ore
immersiveengineering:ore:1, Bauxite Ore
immersiveengineering:ore:2, Lead Ore
immersiveengineering:ore:3, Silver Ore
immersiveengineering:ore:4, Nickel Ore
immersiveengineering:ore:5, Uranium Ore
immersiveengineering:storage:0, Block of Copper
immersiveengineering:storage:1, Block of Aluminium
immersiveengineering:storage:2, Block of Lead
immersiveengineering:storage:3, Block of Silver
immersiveengineering:storage:4, Block of Nickel
immersiveengineering:storage:5, Block of Uranium
immersiveengineering:storage:6, Block of Constantan
immersiveengineering:storage:7, Block of Electrum
immersiveengineering:storage:8, Block of Steel
immersiveengineering:storage_slab:0, Copper Slab
immersiveengineering:storage_slab:1, Aluminium Slab
immersiveengineering:storage_slab:2, Lead Slab
immersiveengineering:storage_slab:3, Silver Slab
immersiveengineering:storage_slab:4, Nickel Slab
immersiveengineering:storage_slab:5, Uranium Slab
immersiveengineering:storage_slab:6, Constantan Slab
immersiveengineering:storage_slab:7, Electrum Slab
immersiveengineering:storage_slab:8, Steel Slab
immersiveengineering:stone_decoration:0, Coke Brick
immersiveengineering:stone_decoration:1, Blast Brick
immersiveengineering:stone_decoration:2, Reinforced Blast Brick
immersiveengineering:stone_decoration:3, Block of Coal Coke
immersiveengineering:stone_decoration:4, Hempcrete
immersiveengineering:stone_decoration:5, Concrete
immersiveengineering:stone_decoration:6, Concrete Tile
immersiveengineering:stone_decoration:7, Leaded Concrete
immersiveengineering:stone_decoration:8, Insulating Glass
immersiveengineering:stone_decoration:10, Kiln Brick
immersiveengineering:stone_decoration_slab:0, Coke Brick Slab
immersiveengineering:stone_decoration_slab:1, Blast Brick Slab
immersiveengineering:stone_decoration_slab:2, Reinforced Blast Brick Slab
immersiveengineering:stone_decoration_slab:4, Hempcrete Slab
immersiveengineering:stone_decoration_slab:5, Concrete Slab
immersiveengineering:stone_decoration_slab:6, Concrete Tile Slab
immersiveengineering:stone_decoration_slab:7, Leaded Concrete Slab
immersiveengineering:stone_decoration_slab:10, Kiln Brick Slab
immersiveengineering:stone_decoration_stairs_hempcrete, Hempcrete Stairs
immersiveengineering:stone_decoration_stairs_concrete, Concrete Stairs
immersiveengineering:stone_decoration_stairs_concrete_tile, Concrete Tile Stairs
immersiveengineering:stone_decoration_stairs_concrete_leaded, Leaded Concrete Stairs
immersiveengineering:stone_device:3, Concrete Sheet
immersiveengineering:stone_device:4, Concrete Panel
immersiveengineering:stone_device:5, Concrete Chunk
immersiveengineering:treated_wood:0, Treated Wood Planks
immersiveengineering:treated_wood:1, Treated Wood Planks
immersiveengineering:treated_wood:2, Treated Wood Planks
immersiveengineering:treated_wood_slab:0, Treated Wood Slab
immersiveengineering:treated_wood_slab:1, Treated Wood Slab
immersiveengineering:treated_wood_slab:2, Treated Wood Slab
immersiveengineering:treated_wood_stairs0, Treated Wood Stairs
immersiveengineering:treated_wood_stairs1, Treated Wood Stairs
immersiveengineering:treated_wood_stairs2, Treated Wood Stairs
immersiveengineering:wooden_decoration:0, Treated Wood Fence
immersiveengineering:wooden_decoration:1, Treated Wood Scaffolding
immersiveengineering:wooden_device0:0, Wooden Storage Crate
immersiveengineering:wooden_device0:1, Wooden Barrel
immersiveengineering:wooden_device0:2, Engineer's Workbench
immersiveengineering:wooden_device0:3, Item Router
immersiveengineering:wooden_device0:4, Gunpowder Barrel
immersiveengineering:wooden_device0:5, Reinforced Storage Crate
immersiveengineering:wooden_device0:6, Turntable
immersiveengineering:wooden_device0:7, Fluid Router
immersiveengineering:wooden_device1:0, Water Wheel
immersiveengineering:wooden_device1:1, Windmill
immersiveengineering:wooden_device1:3, Wooden Post
immersiveengineering:wooden_device1:4, Wooden Wallmount
immersiveengineering:hemp, Industrial Hemp
immersiveengineering:cloth_device:0, Jump Cushion
immersiveengineering:cloth_device:1, Balloon
immersiveengineering:cloth_device:2, Strip Curtain
immersiveengineering:fake_light, tile.immersiveengineering.fake_light.name
immersiveengineering:sheetmetal:0, Copper Sheetmetal
immersiveengineering:sheetmetal:1, Aluminium Sheetmetal
immersiveengineering:sheetmetal:2, Lead Sheetmetal
immersiveengineering:sheetmetal:3, Silver Sheetmetal
immersiveengineering:sheetmetal:4, Nickel Sheetmetal
immersiveengineering:sheetmetal:5, Uranium Sheetmetal
immersiveengineering:sheetmetal:6, Constantan Sheetmetal
immersiveengineering:sheetmetal:7, Electrum Sheetmetal
immersiveengineering:sheetmetal:8, Steel Sheetmetal
immersiveengineering:sheetmetal:9, Iron Sheetmetal
immersiveengineering:sheetmetal:10, Gold Sheetmetal
immersiveengineering:sheetmetal_slab:0, Copper Sheetmetal Slab
immersiveengineering:sheetmetal_slab:1, Aluminium Sheetmetal Slab
immersiveengineering:sheetmetal_slab:2, Lead Sheetmetal Slab
immersiveengineering:sheetmetal_slab:3, Silver Sheetmetal Slab
immersiveengineering:sheetmetal_slab:4, Nickel Sheetmetal Slab
immersiveengineering:sheetmetal_slab:5, Uranium Sheetmetal Slab
immersiveengineering:sheetmetal_slab:6, Constantan Sheetmetal Slab
immersiveengineering:sheetmetal_slab:7, Electrum Sheetmetal Slab
immersiveengineering:sheetmetal_slab:8, Steel Sheetmetal Slab
immersiveengineering:sheetmetal_slab:9, Iron Sheetmetal Slab
immersiveengineering:sheetmetal_slab:10, Gold Sheetmetal Slab
immersiveengineering:metal_decoration0:0, Copper Coil Block
immersiveengineering:metal_decoration0:1, Electrum Coil Block
immersiveengineering:metal_decoration0:2, High-Voltage Coil Block
immersiveengineering:metal_decoration0:3, Redstone Engineering Block
immersiveengineering:metal_decoration0:4, Light Engineering Block
immersiveengineering:metal_decoration0:5, Heavy Engineering Block
immersiveengineering:metal_decoration0:6, Generator Block
immersiveengineering:metal_decoration0:7, Radiator Block
immersiveengineering:metal_decoration1:0, Steel Fence
immersiveengineering:metal_decoration1:1, Steel Scaffolding
immersiveengineering:metal_decoration1:2, Steel Scaffolding
immersiveengineering:metal_decoration1:3, Steel Scaffolding
immersiveengineering:metal_decoration1:4, Aluminium Fence
immersiveengineering:metal_decoration1:5, Aluminium Scaffolding
immersiveengineering:metal_decoration1:6, Aluminium Scaffolding
immersiveengineering:metal_decoration1:7, Aluminium Scaffolding
immersiveengineering:metal_decoration2:0, Steel Post
immersiveengineering:metal_decoration2:1, Steel Wallmount
immersiveengineering:metal_decoration2:2, Aluminium Post
immersiveengineering:metal_decoration2:3, Aluminium Wallmount
immersiveengineering:metal_decoration2:4, Lantern
immersiveengineering:metal_decoration2:5, Razor Wire
immersiveengineering:metal_decoration2:7, Steel Structural Arm
immersiveengineering:metal_decoration2:8, Aluminium Structural Arm
immersiveengineering:metal_decoration1_slab:1, Steel Scaffolding Slab
immersiveengineering:metal_decoration1_slab:2, Steel Scaffolding Slab
immersiveengineering:metal_decoration1_slab:3, Steel Scaffolding Slab
immersiveengineering:metal_decoration1_slab:5, Aluminium Scaffolding Slab
immersiveengineering:metal_decoration1_slab:6, Aluminium Scaffolding Slab
immersiveengineering:metal_decoration1_slab:7, Aluminium Scaffolding Slab
immersiveengineering:steel_scaffolding_stairs0, Steel Scaffolding Stairs
immersiveengineering:steel_scaffolding_stairs1, Steel Scaffolding Stairs
immersiveengineering:steel_scaffolding_stairs2, Steel Scaffolding Stairs
immersiveengineering:aluminum_scaffolding_stairs0, Aluminium Scaffolding Stairs
immersiveengineering:aluminum_scaffolding_stairs1, Aluminium Scaffolding Stairs
immersiveengineering:aluminum_scaffolding_stairs2, Aluminium Scaffolding Stairs
immersiveengineering:metal_ladder:0, Metal Ladder
immersiveengineering:metal_ladder:1, Scaffold Covered Ladder
immersiveengineering:metal_ladder:2, Scaffold Covered Ladder
immersiveengineering:connector:0, LV Wire Connector
immersiveengineering:connector:1, LV Wire Relay
immersiveengineering:connector:2, MV Wire Connector
immersiveengineering:connector:3, MV Wire Relay
immersiveengineering:connector:4, HV Wire Connector
immersiveengineering:connector:5, HV Wire Relay
immersiveengineering:connector:6, Structural Cable Connector
immersiveengineering:connector:7, Transformer
immersiveengineering:connector:8, HV Transformer
immersiveengineering:connector:9, Breaker Switch
immersiveengineering:connector:10, Redstone Breaker
immersiveengineering:connector:11, Current Transformer
immersiveengineering:connector:12, Redstone Wire Connector
immersiveengineering:connector:13, Redstone Probe Connector
immersiveengineering:metal_device0:0, LV Capacitor
immersiveengineering:metal_device0:1, MV Capacitor
immersiveengineering:metal_device0:2, HV Capacitor
immersiveengineering:metal_device0:3, Creative Capacitor
immersiveengineering:metal_device0:4, Metal Barrel
immersiveengineering:metal_device0:5, Fluid Pump
immersiveengineering:metal_device0:6, Fluid Outlet
immersiveengineering:metal_device1:0, Blast Furnace Preheater
immersiveengineering:metal_device1:1, External Heater
immersiveengineering:metal_device1:2, Kinetic Dynamo
immersiveengineering:metal_device1:3, Thermoelectric Generator
immersiveengineering:metal_device1:4, Powered Lantern
immersiveengineering:metal_device1:5, Charging Station
immersiveengineering:metal_device1:6, Fluid Pipe
immersiveengineering:metal_device1:7, Core Sample Drill
immersiveengineering:metal_device1:8, Tesla Coil
immersiveengineering:metal_device1:9, Floodlight
immersiveengineering:metal_device1:10, Chemthrower Turret
immersiveengineering:metal_device1:11, Gun Turret
immersiveengineering:metal_device1:13, Garden Cloche
immersiveengineering:conveyor, tile.immersiveengineering.conveyor.name
immersiveengineering:material:0, Treated Stick
immersiveengineering:material:1, Iron Rod
immersiveengineering:material:2, Steel Rod
immersiveengineering:material:3, Aluminium Rod
immersiveengineering:material:4, Industrial Hemp Fiber
immersiveengineering:material:5, Tough Fabric
immersiveengineering:material:6, Coal Coke
immersiveengineering:material:7, Slag
immersiveengineering:material:8, Iron Mechanical Component
immersiveengineering:material:9, Steel Mechanical Component
immersiveengineering:material:10, Waterwheel Segment
immersiveengineering:material:11, Windmill Blade
immersiveengineering:material:12, Windmill Sail
immersiveengineering:material:13, Wooden Grip
immersiveengineering:material:14, Revolver Barrel
immersiveengineering:material:15, Revolver Drum
immersiveengineering:material:16, Revolver Hammer
immersiveengineering:material:17, Coke Dust
immersiveengineering:material:18, HOP Graphite Dust
immersiveengineering:material:19, HOP Graphite Ingot
immersiveengineering:material:20, Copper Wire
immersiveengineering:material:21, Electrum Wire
immersiveengineering:material:22, Aluminium Wire
immersiveengineering:material:23, Steel Wire
immersiveengineering:material:24, Nitrate Dust
immersiveengineering:material:25, Sulfur Dust
immersiveengineering:material:26, Vacuum Tube
immersiveengineering:material:27, Circuit Board
immersiveengineering:metal:0, Copper Ingot
immersiveengineering:metal:1, Aluminium Ingot
immersiveengineering:metal:2, Lead Ingot
immersiveengineering:metal:3, Silver Ingot
immersiveengineering:metal:4, Nickel Ingot
immersiveengineering:metal:5, Uranium Ingot
immersiveengineering:metal:6, Constantan Ingot
immersiveengineering:metal:7, Electrum Ingot
immersiveengineering:metal:8, Steel Ingot
immersiveengineering:metal:9, Copper Grit
immersiveengineering:metal:10, Aluminium Grit
immersiveengineering:metal:11, Lead Grit
immersiveengineering:metal:12, Silver Grit
immersiveengineering:metal:13, Nickel Grit
immersiveengineering:metal:14, Uranium Grit
immersiveengineering:metal:15, Constantan Grit
immersiveengineering:metal:16, Electrum Grit
immersiveengineering:metal:17, Steel Grit
immersiveengineering:metal:18, Iron Grit
immersiveengineering:metal:19, Gold Grit
immersiveengineering:metal:20, Copper Nugget
immersiveengineering:metal:21, Aluminium Nugget
immersiveengineering:metal:22, Lead Nugget
immersiveengineering:metal:23, Silver Nugget
immersiveengineering:metal:24, Nickel Nugget
immersiveengineering:metal:25, Uranium Nugget
immersiveengineering:metal:26, Constantan Nugget
immersiveengineering:metal:27, Electrum Nugget
immersiveengineering:metal:28, Steel Nugget
immersiveengineering:metal:29, Iron Nugget
immersiveengineering:metal:30, Copper Plate
immersiveengineering:metal:31, Aluminium Plate
immersiveengineering:metal:32, Lead Plate
immersiveengineering:metal:33, Silver Plate
immersiveengineering:metal:34, Nickel Plate
immersiveengineering:metal:35, Uranium Plate
immersiveengineering:metal:36, Constantan Plate
immersiveengineering:metal:37, Electrum Plate
immersiveengineering:metal:38, Steel Plate
immersiveengineering:metal:39, Iron Plate
immersiveengineering:metal:40, Gold Plate
immersiveengineering:tool:0, Engineer's Hammer
immersiveengineering:tool:1, Engineer's Wire Cutters
immersiveengineering:tool:2, Engineer's Voltmeter
immersiveengineering:tool:3, Engineer's Manual
immersiveengineering:pickaxe_steel, Steel Pickaxe
immersiveengineering:shovel_steel, Steel Shovel
immersiveengineering:axe_steel, Steel Axe
immersiveengineering:hoe_steel, Steel Hoe
immersiveengineering:sword_steel, Steel Sword
immersiveengineering:toolbox, Engineer's Toolbox
immersiveengineering:wirecoil:0, LV Wire Coil
immersiveengineering:wirecoil:1, MV Wire Coil
immersiveengineering:wirecoil:2, HV Wire Coil
immersiveengineering:wirecoil:3, Hemp Rope Coil
immersiveengineering:wirecoil:4, Steel Cable Coil
immersiveengineering:wirecoil:5, Redstone Wire Coil
immersiveengineering:wirecoil:6, Insulated LV Wire Coil
immersiveengineering:wirecoil:7, Insulated MV Wire Coil
immersiveengineering:seed:0, Industrial Hemp Seeds
immersiveengineering:drill:0, Mining Drill
immersiveengineering:drillhead:0, Steel Drill Head
immersiveengineering:drillhead:1, Iron Drill Head
immersiveengineering:jerrycan, Jerrycan
immersiveengineering:mold:0, Metal Press Mold: Plate
immersiveengineering:mold:1, Metal Press Mold: Gear
immersiveengineering:mold:2, Metal Press Mold: Rod
immersiveengineering:mold:3, Metal Press Mold: Bullet Casing
immersiveengineering:mold:4, Metal Press Mold: Wire
immersiveengineering:mold:5, Metal Press Mold: Packing 2x2
immersiveengineering:mold:6, Metal Press Mold: Packing 3x3
immersiveengineering:mold:7, Metal Press Mold: Unpacking
immersiveengineering:blueprint, Engineer's Blueprint
immersiveengineering:revolver, Revolver
immersiveengineering:speedloader, Revolver Speedloader
immersiveengineering:bullet:0, Empty Casing
immersiveengineering:bullet:1, Empty Shell
immersiveengineering:bullet:2, Casull Cartridge
immersiveengineering:bullet:2, Armor-Piercing Cartridge
immersiveengineering:bullet:2, Buckshot Cartridge
immersiveengineering:bullet:2, High-Explosive Cartridge
immersiveengineering:bullet:2, Silver Cartridge
immersiveengineering:bullet:2, Dragon's Breath Cartridge
immersiveengineering:bullet:2, Phial Cartridge
immersiveengineering:bullet:2, Flare Cartridge
immersiveengineering:chemthrower, Chemical Thrower
immersiveengineering:railgun, Railgun
immersiveengineering:skyhook, Engineer's Skyhook
immersiveengineering:toolupgrade:0, Pressurized Air Tank
immersiveengineering:toolupgrade:1, Advanced Lubrication System
immersiveengineering:toolupgrade:2, Additional Augers
immersiveengineering:toolupgrade:3, Large Tank
immersiveengineering:toolupgrade:4, Bayonet
immersiveengineering:toolupgrade:5, Extended Magazine
immersiveengineering:toolupgrade:6, Amplifier Electron Tubes
immersiveengineering:toolupgrade:7, Focused Nozzle
immersiveengineering:toolupgrade:8, Precision Scope
immersiveengineering:toolupgrade:9, Additional Capacitors
immersiveengineering:toolupgrade:10, Flashbulb
immersiveengineering:toolupgrade:11, Shock Emitters
immersiveengineering:toolupgrade:12, Magnetic Glove
immersiveengineering:toolupgrade:13, Multitank
immersiveengineering:shader, Shader
immersiveengineering:shader_bag, Shader Grabbag
immersiveengineering:earmuffs, Ear Defenders
immersiveengineering:coresample, Core Sample
immersiveengineering:graphite_electrode, Graphite Electrode
immersiveengineering:faraday_suit_feet, Faraday Boots
immersiveengineering:faraday_suit_legs, Faraday Leggings
immersiveengineering:faraday_suit_chest, Faraday Chestplate
immersiveengineering:faraday_suit_head, Faraday Helmet
immersiveengineering:fluorescent_tube, Fluorescent Tube
immersiveengineering:powerpack, Capacitor Backpack
immersiveengineering:shield, Heavy Plated Shield
immersiveengineering:maintenance_kit, Maintenance Kit
immersiveengineering:steel_armor_feet, Steel Boots
immersiveengineering:steel_armor_legs, Steel Leggings
immersiveengineering:steel_armor_chest, Steel Chestplate
immersiveengineering:steel_armor_head, Steel Helmet
astralsorcery:itemcraftingcomponent:0, Aquamarine
astralsorcery:itemcraftingcomponent:1, Starmetal Ingot
astralsorcery:itemcraftingcomponent:2, Stardust
astralsorcery:itemcraftingcomponent:3, Glass Lens
astralsorcery:itemcraftingcomponent:4, Resonating Gem
astralsorcery:itemcraftingcomponent:5, Parchment
astralsorcery:itemconstellationpaper:0, Constellation Paper
astralsorcery:itemconstellationpaper:0, Constellation Paper
astralsorcery:itemconstellationpaper:0, Constellation Paper
astralsorcery:itemconstellationpaper:0, Constellation Paper
astralsorcery:itemconstellationpaper:0, Constellation Paper
astralsorcery:itemconstellationpaper:0, Constellation Paper
astralsorcery:itemconstellationpaper:0, Constellation Paper
astralsorcery:itemconstellationpaper:0, Constellation Paper
astralsorcery:itemconstellationpaper:0, Constellation Paper
astralsorcery:itemconstellationpaper:0, Constellation Paper
astralsorcery:itemconstellationpaper:0, Constellation Paper
astralsorcery:itemconstellationpaper:0, Constellation Paper
astralsorcery:itemconstellationpaper:0, Constellation Paper
astralsorcery:itemconstellationpaper:0, Constellation Paper
astralsorcery:itemconstellationpaper:0, Constellation Paper
astralsorcery:itemconstellationpaper:0, Constellation Paper
astralsorcery:itemconstellationpaper:0, Constellation Paper
astralsorcery:iteminfusedglass, Infused Glass
astralsorcery:itemrockcrystalsimple:0, Rock Crystal
astralsorcery:itemtunedrockcrystal:0, Attuned Rock Crystal
astralsorcery:itemtunedrockcrystal:0, Attuned Rock Crystal
astralsorcery:itemtunedrockcrystal:0, Attuned Rock Crystal
astralsorcery:itemtunedrockcrystal:0, Attuned Rock Crystal
astralsorcery:itemtunedrockcrystal:0, Attuned Rock Crystal
astralsorcery:itemtunedrockcrystal:0, Attuned Rock Crystal
astralsorcery:itemtunedrockcrystal:0, Attuned Rock Crystal
astralsorcery:itemtunedrockcrystal:0, Attuned Rock Crystal
astralsorcery:itemtunedrockcrystal:0, Attuned Rock Crystal
astralsorcery:itemtunedrockcrystal:0, Attuned Rock Crystal
astralsorcery:itemtunedrockcrystal:0, Attuned Rock Crystal
astralsorcery:itemtunedrockcrystal:0, Attuned Rock Crystal
astralsorcery:itemcelestialcrystal:0, Celestial Crystal
astralsorcery:itemtunedcelestialcrystal:0, Attuned Celestial Crystal
astralsorcery:itemtunedcelestialcrystal:0, Attuned Celestial Crystal
astralsorcery:itemtunedcelestialcrystal:0, Attuned Celestial Crystal
astralsorcery:itemtunedcelestialcrystal:0, Attuned Celestial Crystal
astralsorcery:itemtunedcelestialcrystal:0, Attuned Celestial Crystal
astralsorcery:itemtunedcelestialcrystal:0, Attuned Celestial Crystal
astralsorcery:itemtunedcelestialcrystal:0, Attuned Celestial Crystal
astralsorcery:itemtunedcelestialcrystal:0, Attuned Celestial Crystal
astralsorcery:itemtunedcelestialcrystal:0, Attuned Celestial Crystal
astralsorcery:itemtunedcelestialcrystal:0, Attuned Celestial Crystal
astralsorcery:itemtunedcelestialcrystal:0, Attuned Celestial Crystal
astralsorcery:itemtunedcelestialcrystal:0, Attuned Celestial Crystal
astralsorcery:itemjournal, Astral Tome
astralsorcery:itemhandtelescope, Looking Glass
astralsorcery:itemlinkingtool, Linking Tool
astralsorcery:itemwand, Resonating Wand
astralsorcery:itemsextant, Sextant
astralsorcery:itemilluminationwand, Illumination Wand
astralsorcery:itemcoloredlens:0, Colored Lens
astralsorcery:itemcoloredlens:1, Colored Lens
astralsorcery:itemcoloredlens:2, Colored Lens
astralsorcery:itemcoloredlens:3, Colored Lens
astralsorcery:itemcoloredlens:4, Colored Lens
astralsorcery:itemcoloredlens:5, Colored Lens
astralsorcery:itemcoloredlens:6, Colored Lens
astralsorcery:itemskyresonator, Fosic Resonator
astralsorcery:itemshiftingstar, Shifting Star
astralsorcery:itemarchitectwand, Formation Wand
astralsorcery:itemexchangewand, Conversion Wand
astralsorcery:itemgrapplewand, Impulsion Wand
astralsorcery:itemusabledust:0, Illumination Powder
astralsorcery:itemusabledust:1, Nocturnal Powder
astralsorcery:itemknowledgeshare, Scroll of Written Expertise
astralsorcery:itemperkseal, Sealing Sigil
astralsorcery:itemknowledgefragment, Lucent Scroll
astralsorcery:itemfragmentcapsule, Shining Casing
astralsorcery:itemperkgem:0, Ourium Gem
astralsorcery:itemperkgem:1, Ilium Gem
astralsorcery:itemperkgem:2, Fengarum Gem
astralsorcery:itemcrystalpickaxe, Crystal Pickaxe
astralsorcery:itemcrystalshovel, Crystal Shovel
astralsorcery:itemcrystalaxe, Crystal Axe
astralsorcery:itemcrystalsword, Crystal Sword
astralsorcery:itemchargedcrystalaxe, Infused Crystal Axe
astralsorcery:itemchargedcrystalsword, Infused Crystal Sword
astralsorcery:itemchargedcrystalpickaxe, Infused Crystal Pickaxe
astralsorcery:itemchargedcrystalshovel, Infused Crystal Shovel
astralsorcery:itemcape, Mantle of Stars
astralsorcery:itemenchantmentamulet, Resplendent Prism
astralsorcery:blockmarblestairs, Marble Stairs
astralsorcery:blockflarelight, Volatile Flare
astralsorcery:blockvanishing, tile.blockvanishing.name
astralsorcery:blockchalice, Containment Chalice
astralsorcery:blockbore, Evershifting Fountain
astralsorcery:blockattunementaltar, Attunement Altar
astralsorcery:blockattunementrelay, Spectral Relay
astralsorcery:blockwell, Lightwell
astralsorcery:blockworldilluminator, Cave Illuminator
astralsorcery:blockfaketree, 
astralsorcery:blockstarlightinfuser, Starlight Infuser
astralsorcery:blockrituallink, Ritual Anchor
astralsorcery:blockportalnode, 
astralsorcery:blocktreebeacon, Tree Beacon
astralsorcery:blocktranslucentblock, Translucent Block
astralsorcery:blockmapdrawingtable, Stellar Refraction Table
astralsorcery:blockcelestialgateway, Celestial Gateway
astralsorcery:blockobservatory, Observatory
astralsorcery:blocklens, Lens
astralsorcery:blockprism, PrismLens
astralsorcery:blockmarbleslab:0, Marble Slab
astralsorcery:blockcustomore:0, Rock Crystal Ore
astralsorcery:blockcustomore:1, Starmetal Ore
astralsorcery:blockcustomsandore:0, Aquamarine Shale
astralsorcery:blockcustomflower:0, Faint Amaranth
astralsorcery:blockmarble:0, Marble
astralsorcery:blockmarble:1, Marble Bricks
astralsorcery:blockmarble:2, Marble Pillar
astralsorcery:blockmarble:3, Marble Arch
astralsorcery:blockmarble:4, Chiseled Marble
astralsorcery:blockmarble:5, Engraved Marble
astralsorcery:blockmarble:6, Runed Marble
astralsorcery:blockblackmarble:0, Sooty Marble
astralsorcery:blockblackmarble:1, Sooty Marble Bricks
astralsorcery:blockblackmarble:2, Sooty Marble Pillar
astralsorcery:blockblackmarble:3, Sooty Marble Arch
astralsorcery:blockblackmarble:4, Chiseled Sooty Marble
astralsorcery:blockblackmarble:5, Engraved Sooty Marble
astralsorcery:blockblackmarble:6, Runed Sooty Marble
astralsorcery:blockinfusedwood:0, Infused Wood
astralsorcery:blockinfusedwood:1, Infused Wood Planks
astralsorcery:blockinfusedwood:2, Infused Wood Column
astralsorcery:blockinfusedwood:3, Infused Wood Arch
astralsorcery:blockinfusedwood:4, Engraved Infused Wood
astralsorcery:blockinfusedwood:5, Enriched Infused Wood
astralsorcery:blockinfusedwood:6, Vibrant Infused Wood
astralsorcery:blockborehead:0, Neromantic Prime
astralsorcery:blockborehead:1, Fysallidic Prime
astralsorcery:blockmachine:0, Telescope
astralsorcery:blockmachine:1, Grindstone
astralsorcery:blockcelestialcrystals:0, Celestial Crystal Cluster
astralsorcery:blockcelestialcrystals:1, Celestial Crystal Cluster
astralsorcery:blockcelestialcrystals:2, Celestial Crystal Cluster
astralsorcery:blockcelestialcrystals:3, Celestial Crystal Cluster
astralsorcery:blockcelestialcrystals:4, Celestial Crystal Cluster
astralsorcery:blockgemcrystals:0, Gem Crystal Cluster
astralsorcery:blockgemcrystals:1, Gem Crystal Cluster
astralsorcery:blockgemcrystals:2, Gem Crystal Cluster
astralsorcery:blockgemcrystals:3, Gem Crystal Cluster
astralsorcery:blockgemcrystals:4, Gem Crystal Cluster
astralsorcery:blockstructural:0, Telescope
astralsorcery:blockritualpedestal, Ritual Pedestal
astralsorcery:blockaltar:0, Luminous Crafting Table
astralsorcery:blockaltar:1, Starlight Crafting Altar
astralsorcery:blockaltar:2, Celestial Altar
astralsorcery:blockaltar:3, Iridescent Altar
astralsorcery:blockcollectorcrystal:0, Floating Crystal
astralsorcery:blockcollectorcrystal:0, Floating Crystal
astralsorcery:blockcollectorcrystal:0, Floating Crystal
astralsorcery:blockcollectorcrystal:0, Floating Crystal
astralsorcery:blockcollectorcrystal:0, Floating Crystal
astralsorcery:blockcollectorcrystal:0, Floating Crystal
astralsorcery:blockcollectorcrystal:0, Floating Crystal
astralsorcery:blockcollectorcrystal:0, Floating Crystal
astralsorcery:blockcollectorcrystal:0, Floating Crystal
astralsorcery:blockcollectorcrystal:0, Floating Crystal
astralsorcery:blockcollectorcrystal:0, Floating Crystal
astralsorcery:blockcollectorcrystal:0, Floating Crystal
astralsorcery:blockcelestialcollectorcrystal:0, Floating Crystal
astralsorcery:blockcelestialcollectorcrystal:0, Floating Crystal
astralsorcery:blockcelestialcollectorcrystal:0, Floating Crystal
astralsorcery:blockcelestialcollectorcrystal:0, Floating Crystal
astralsorcery:blockcelestialcollectorcrystal:0, Floating Crystal
astralsorcery:blockcelestialcollectorcrystal:0, Floating Crystal
astralsorcery:blockcelestialcollectorcrystal:0, Floating Crystal
astralsorcery:blockcelestialcollectorcrystal:0, Floating Crystal
astralsorcery:blockcelestialcollectorcrystal:0, Floating Crystal
astralsorcery:blockcelestialcollectorcrystal:0, Floating Crystal
astralsorcery:blockcelestialcollectorcrystal:0, Floating Crystal
astralsorcery:blockcelestialcollectorcrystal:0, Floating Crystal
cyclicmagic:nether_redstone_ore, Nether Redstone Ore
cyclicmagic:nether_iron_ore, Nether Iron Ore
cyclicmagic:nether_gold_ore, Nether Gold Ore
cyclicmagic:nether_coal_ore, Nether Coal Ore
cyclicmagic:nether_lapis_ore, Nether Lapis Ore
cyclicmagic:nether_emerald_ore, Nether Emerald Ore
cyclicmagic:nether_diamond_ore, Nether Diamond Ore
cyclicmagic:end_redstone_ore, End Redstone Ore
cyclicmagic:end_coal_ore, End Coal Ore
cyclicmagic:end_lapis_ore, End Lapis Ore
cyclicmagic:end_emerald_ore, End Emerald Ore
cyclicmagic:end_diamond_ore, End Diamond Ore
cyclicmagic:end_gold_ore, End Gold Ore
cyclicmagic:end_iron_ore, End Iron Ore
cyclicmagic:fluid_drain, Fluid Collector
cyclicmagic:crystallized_amber, Crystallized Amber
cyclicmagic:crystallized_obsidian, Crystallized Obsidian
cyclicmagic:emerald_helmet, Emerald Helmet
cyclicmagic:emerald_chestplate, Emerald Chestplate
cyclicmagic:emerald_leggings, Emerald Leggings
cyclicmagic:emerald_boots, Emerald Boots
cyclicmagic:emerald_sword, Emerald Sword
cyclicmagic:emerald_pickaxe, Emerald Pickaxe
cyclicmagic:emerald_axe, Emerald Axe
cyclicmagic:emerald_spade, Emerald Shovel
cyclicmagic:emerald_hoe, Emerald Hoe
cyclicmagic:purple_boots, Crystallized Obsidian Boots
cyclicmagic:purple_leggings, Crystallized Obsidian Leggings
cyclicmagic:purple_chestplate, Crystallized Obsidian Chestplate
cyclicmagic:purple_helmet, Crystallized Obsidian Helmet
cyclicmagic:crystal_pickaxe, Crystal Pickaxe
cyclicmagic:crystal_axe, Crystal Axe
cyclicmagic:crystal_spade, Crystal Shovel
cyclicmagic:crystal_hoe, Crystal Hoe
cyclicmagic:crystal_sword, Crystal Sword
cyclicmagic:glowing_helmet, Vision Helmet
cyclicmagic:sword_weakness, Sword of Atrophy
cyclicmagic:sword_slowness, Sword of Decay
cyclicmagic:sword_ender, Sword of Evasion
cyclicmagic:netherbrick_pickaxe, Nether Pickaxe
cyclicmagic:netherbrick_axe, Nether Axe
cyclicmagic:netherbrick_spade, Nether Shovel
cyclicmagic:netherbrick_hoe, Nether Hoe
cyclicmagic:sandstone_pickaxe, Sandstone Pickaxe
cyclicmagic:sandstone_axe, Sandstone Axe
cyclicmagic:sandstone_spade, Sandstone Shovel
cyclicmagic:sandstone_hoe, Sandstone Hoe
cyclicmagic:sandstone_sword, Sandstone Sword
cyclicmagic:chest_sack, Sack of Holding
cyclicmagic:chest_sack_empty, Empty Sack of Holding
cyclicmagic:storage_bag, Storage Bag
cyclicmagic:ender_pearl_reuse, Ender Orb
cyclicmagic:ender_pearl_mounted, Ender Orb Translocator
cyclicmagic:tool_harvest_weeds, Brush Scythe
cyclicmagic:tool_harvest_crops, Garden Scythe
cyclicmagic:tool_harvest_leaves, Tree Scythe
cyclicmagic:tool_swap, Standard Exchange Scepter
cyclicmagic:tool_swap_match, Gentle Exchange Scepter
cyclicmagic:dynamite_safe, Combat Dynamite
cyclicmagic:dynamite_mining, Mining Dynamite
cyclicmagic:horse_upgrade_type, Infected Carrot
cyclicmagic:horse_upgrade_variant, Lapis Carrot
cyclicmagic:horse_upgrade_health, Diamond Carrot
cyclicmagic:horse_upgrade_speed, Redstone Carrot
cyclicmagic:horse_upgrade_jump, Ender Carrot
cyclicmagic:heart_food, Heart Container
cyclicmagic:heart_toxic, Empty Heart Container
cyclicmagic:fire_starter, Fire Starter
cyclicmagic:fire_dark_anim, Duskflame Essence
cyclicmagic:ender_blaze, Duskflame Hex
cyclicmagic:fire_frost, Frost Fire
cyclicmagic:fire_dark, Dark Fire
cyclicmagic:plate_launch_med, Slime Plate
cyclicmagic:plate_launch_small, Soft Slime Plate
cyclicmagic:plate_launch_large, Hardened Slime Plate
cyclicmagic:plate_launch_extra, Extreme Slime Plate
cyclicmagic:plate_push, Conveyor Belt
cyclicmagic:plate_push_corner, Conveyor Belt Corner
cyclicmagic:plate_push_med_angle, Conveyor Belt Ramp
cyclicmagic:plate_push_fast, Fast Conveyor Belt
cyclicmagic:plate_push_fast_corner, Fast Conveyor Belt Corner
cyclicmagic:plate_push_fast_angle, Fast Conveyor Belt Ramp
cyclicmagic:plate_push_slow, Slow Conveyor Belt
cyclicmagic:plate_push_slow_corner, Slow Conveyor Belt Corner
cyclicmagic:plate_push_slow_angle, Slow Conveyor Belt Ramp
cyclicmagic:plate_push_slowest, Slowest Conveyor Belt
cyclicmagic:plate_push_slowest_corner, Slowest Conveyor Belt Corner
cyclicmagic:plate_push_slowest_angle, Slowest Conveyor Belt Ramp
cyclicmagic:wireless_transmitter, Wireless Transmitter
cyclicmagic:wireless_receiver, Wireless Receiver
cyclicmagic:spikes_iron, Iron Spikes
cyclicmagic:spikes_diamond, Diamond Spikes
cyclicmagic:peat_biomass, Biomass
cyclicmagic:peat_fuel, Peat
cyclicmagic:peat_fuel_enriched, Enriched Peat
cyclicmagic:peat_unbaked, Dry Peat Bog
cyclicmagic:peat_baked, Saturated Peat Deposit
cyclicmagic:peat_generator, Peat-fired Generator
cyclicmagic:peat_farm, Peat Farmer
cyclicmagic:cable_wireless, Item Transfer Node
cyclicmagic:cable_wireless_energy, Energy Transfer Node
cyclicmagic:cable_wireless_fluid, Fluid Transfer Node
cyclicmagic:block_fragile, Fragile Scaffolding
cyclicmagic:block_fragile_auto, Responsive Scaffolding
cyclicmagic:block_fragile_weak, Replaceable Scaffolding
cyclicmagic:item_pipe_sort, Item Sorter
cyclicmagic:item_pipe, Item Cable
cyclicmagic:item_pump, Item Extraction Cable
cyclicmagic:energy_pipe, Energy Cable
cyclicmagic:energy_pump, Energy Extraction Cable
cyclicmagic:fluid_pipe, Fluid Cable
cyclicmagic:fluid_pump, Flow Control Pump
cyclicmagic:bundled_pipe, Bundled Cable
cyclicmagic:card_location, GPS Marker
cyclicmagic:block_library, Ender Bookshelf
cyclicmagic:block_library_ctrl, Ender Library
cyclicmagic:poison, Poison
cyclicmagic:amber, Amber
cyclicmagic:biomass, Biomass
cyclicmagic:crystal, Crystallized Obsidian
cyclicmagic:milk, Milk
cyclicmagic:robot_spawner, Target Dummy Spawner
cyclicmagic:laser_cannon, Rainbow Cannon
cyclicmagic:tool_trade, Merchant Almanac
cyclicmagic:soulstone, Soulstone
cyclicmagic:tool_launcher, Player Launcher
cyclicmagic:password_remote, Remote Lever
cyclicmagic:tool_elevate, Rod of Elevation
cyclicmagic:tool_rotate, Wooden Wrench
cyclicmagic:evoker_fang, Evoker Fang
cyclicmagic:water_spreader, Water Spreader
cyclicmagic:ender_eye_orb, Solid Ender Eye
cyclicmagic:glove_climb, Climbing Gloves
cyclicmagic:tool_torch_launcher, Torch launcher
cyclicmagic:water_freezer, Water Froster
cyclicmagic:fire_killer, Fire Slayer
cyclicmagic:sack_ender, Ender Sack
cyclicmagic:tool_mount, Stirrups
cyclicmagic:tool_prospector, Prospector
cyclicmagic:book_ender, Ender Book
cyclicmagic:carbon_paper, Carbon Paper
cyclicmagic:tool_spelunker, Cavefinder
cyclicmagic:ender_dungeon, Spawner Seeker
cyclicmagic:ender_fishing, Alluring Fishhook
cyclicmagic:ender_lightning, Engraved Thunder
cyclicmagic:cyclic_wand_build, Ranged Building Scepter
cyclicmagic:shears_obsidian, Obsidian Shears
cyclicmagic:tool_warp_home, Ender Wing Prime
cyclicmagic:tool_warp_spawn, Ender Wing
cyclicmagic:tool_push, Piston Scepter
cyclicmagic:sleeping_mat, Sleeping Mat
cyclicmagic:tool_spawn_inspect, Spawn Detector
cyclicmagic:mattock, Mattock
cyclicmagic:wand_hypno, Chaos Reaper
cyclicmagic:tool_randomize, Block Randomizer
cyclicmagic:ender_tnt_1, Dynamite I
cyclicmagic:ender_tnt_2, Dynamite II
cyclicmagic:ender_tnt_3, Dynamite III
cyclicmagic:ender_tnt_4, Dynamite IV
cyclicmagic:ender_tnt_5, Dynamite V
cyclicmagic:ender_tnt_6, Dynamite VI
cyclicmagic:ender_wool, Enhanced Shears
cyclicmagic:ender_torch, Throwing Torch
cyclicmagic:magic_net, Monster Ball
cyclicmagic:apple_emerald, Emerald Apple
cyclicmagic:corrupted_chorus, Corrupted Chorus Fruit
cyclicmagic:glowing_chorus, Glowing Chorus Fruit
cyclicmagic:ender_snow, Frost Bringer
cyclicmagic:ender_water, Antimatter Evaporator
cyclicmagic:tool_auto_torch, Automatic Torch
cyclicmagic:charm_antidote, Antidote Charm
cyclicmagic:wand_missile, Spirit Seeker
cyclicmagic:charm_water, Water Charm
cyclicmagic:sign_editor, Rainbow Crayon
cyclicmagic:charm_air, Air Charm
cyclicmagic:charm_void, Void Charm
cyclicmagic:charm_boat, Sailor Charm
cyclicmagic:charm_fire, Fire Charm
cyclicmagic:charm_speed, Speed Charm
cyclicmagic:charm_wing, Wing Charm
cyclicmagic:food_step, Apple of Lofty Stature
cyclicmagic:tool_mount_inverse, Inverted Stirrups
cyclicmagic:apple_lapis, Lapis Apple
cyclicmagic:boomerang, Boomerang
cyclicmagic:stone_pebble, Pebble
cyclicmagic:slingshot_weapon, Slingshot
cyclicmagic:plate_vector, Aerial Faith Plate
cyclicmagic:builder_pattern, Pattern Replicator
cyclicmagic:magnet_block, Item Magnet
cyclicmagic:magnet_anti_block, Interdiction Pulsar
cyclicmagic:doorbell_simple, Doorbell
cyclicmagic:inventory_food, Inventory Upgrade
cyclicmagic:crafting_food, Inventory Crafting Table
cyclicmagic:dehydrator, Dehydrator
cyclicmagic:block_vacuum, Item Collector
cyclicmagic:beacon_potion, Pharos Beacon
cyclicmagic:button_large, Large Button
cyclicmagic:moon_sensor, Moon Phase Sensor
cyclicmagic:clock, Redstone Clock
cyclicmagic:sprout, Magic Bean Sprout
cyclicmagic:sprout_seed, Magic Bean
cyclicmagic:target, Bullseye Target
cyclicmagic:apple, Apple Sprout
cyclicmagic:beacon_redstone, Empty Beacon
cyclicmagic:sprinkler, Sprinkler
cyclicmagic:block_forester, Forester
cyclicmagic:auto_packager, Packager
cyclicmagic:block_miner, Block Miner
cyclicmagic:block_hydrator, Hydrator
cyclicmagic:block_anvil_magma, Magma Anvil
cyclicmagic:melter, Melter
cyclicmagic:solidifier, Solidifier
cyclicmagic:block_anvil, Powered Diamond Anvil
cyclicmagic:harvester_block, Harvester
cyclicmagic:xpjuice, Experience
cyclicmagic:block_enchanter, Powered Enchanter
cyclicmagic:exp_pylon, Experience Pylon
cyclicmagic:builder_block, Structure Builder
cyclicmagic:uncrafting_block, Uncrafting Grinder
cyclicmagic:block_miner_smart, Controlled Miner
cyclicmagic:placer_block, Block Placer
cyclicmagic:password_block, Password Trigger
cyclicmagic:block_user, Automated User
cyclicmagic:battery_infinite, Infinite Battery
cyclicmagic:battery, Battery
cyclicmagic:trash, Trash Void
cyclicmagic:block_workbench, Workbench
cyclicmagic:block_screen, Text Projector
cyclicmagic:screen_target, Sensor Display
cyclicmagic:glass_strong, Tempered Glass
cyclicmagic:block_soundproofing, Soundproofing
cyclicmagic:auto_crafter, Auto Crafter
cyclicmagic:entity_detector, Entity Detector
cyclicmagic:fan, Fan
cyclicmagic:block_shears, Shearing Block
cyclicmagic:block_fishing, Automatic Fishing Net
cyclicmagic:block_disenchanter, Unchant Pylon
cyclicmagic:block_storeempty, Fluid Storage Tank
cyclicmagic:laser, Laser Cell
cyclicmagic:sound_player, SFX Block
cyclicmagic:dice, Dice
cyclicmagic:imbuer, Imbue Station
cyclicmagic:void_anvil, Void Anvil
cyclicmagic:dropper_exact, Precise Dropper
cyclicmagic:fluid_placer, Fluid Placer
cyclicmagic:water_candle, Water Candle
chancecubes:chance_pendant_tier1, Tier 1 Chance Pendant
chancecubes:chance_pendant_tier2, Tier 2 Chance Pendant
chancecubes:chance_pendant_tier3, Tier 3 Chance Pendant
chancecubes:silk_touch_pendant, Silk Touch Chance Pendant
chancecubes:creative_pendant, Creative Chance Pendant
chancecubes:reward_selector_pendant, Reward Selector Pendant
chancecubes:single_use_reward_selector_pendant, Single Use Reward Selector Pendant
chancecubes:chance_cube, Chance Cube
chancecubes:chance_icosahedron, Chance Icosahedron
chancecubes:giant_chance_cube, Giant Chance Cube
chancecubes:compact_giant_chance_cube, Compact Giant Chance Cube
chancecubes:cube_dispenser, Chance Cube Dispenser
chancecubes:scanner, Chance Cube Scanner
ae2fc:fluid_discretizer, ME Fluid Discretizer
ae2fc:fluid_pattern_encoder, Fluid Pattern Encoder
ae2fc:fluid_packet_decoder, ME Fluid Packet Decoder
ae2fc:ingredient_buffer, Ingredient Buffer
ae2fc:large_ingredient_buffer, Large Ingredient Buffer
ae2fc:burette, Precision Burette
ae2fc:dual_interface, ME Dual Interface
ae2fc:fluid_level_maintainer, ME Fluid Level Maintainer
ae2fc:fluid_assembler, ME Fluid Assembler
ae2fc:fluid_drop, Drop of %s
ae2fc:fluid_packet, Fluid Packet
ae2fc:dense_encoded_pattern, Encoded Pattern
ae2fc:dense_craft_encoded_pattern, Encoded Pattern
ae2fc:part_dual_interface, ME Dual Interface
ae2fc:part_fluid_pattern_terminal, ME Fluid Pattern Terminal
ae2fc:part_fluid_pattern_ex_terminal, ME Extended Processing Fluid Pattern Terminal
mca:egg_male, Spawn Male Villager
mca:egg_female, Spawn Female Villager
mca:wedding_ring, Wedding Ring
mca:wedding_ring_rg, Rose Gold Wedding Ring
mca:engagement_ring, Engagement Ring
mca:engagement_ring_rg, Rose Gold Engagement Ring
mca:matchmakers_ring, Matchmaker's Ring
mca:baby_boy, Baby Boy
mca:baby_girl, Baby Girl
mca:rose_gold_ingot, Rose Gold Ingot
mca:rose_gold_dust, Rose Gold Dust
mca:gold_dust, Gold Dust
mca:villager_editor, Villager Editor
mca:staff_of_life, Staff of Life
mca:whistle, Whistle
mca:book_death, Death, and How to Cure It!
mca:book_romance, Relationships and You
mca:book_family, Managing Your Family Vol. XI
mca:book_rose_gold, On Rose Gold
mca:book_infection, Beware the Infection!
mca:rose_gold_block, Rose Gold Block
mca:rose_gold_ore, Rose Gold Ore
mca:villager_spawner, Villager Spawner
nocubessrparmory:twisteddagger, Twisted Dagger
nocubessrparmory:twistedmallet, Twisted Mallet
nocubessrparmory:twistedgreataxe, Twisted Great Axe
nocubessrparmory:twistedbow, Twisted Bow
nocubessrparmory:twistedpart, Twisted Fibers
nocubessrparmory:twistedarmorhelmet, Twisted Helmet
nocubessrparmory:twistedarmorbody, Twisted Chestplate
nocubessrparmory:twistedarmorlegs, Twisted Leggings
nocubessrparmory:twistedarmorboots, Twisted Boots
nocubessrparmory:pestilentknife, Pestilent Knife
nocubessrparmory:pestilentscythe, Pestilent Scythe
nocubessrparmory:pestilentshuriken, Pestilent Shuriken
nocubessrparmory:pestilentmiasm, Miasm
nocubessrparmory:pestilentpart, Pestilent Chunk
nocubessrparmory:pestilentarmorhelmet, Pestilent Helmet
nocubessrparmory:pestilentarmorbody, Pestilent Chestplate
nocubessrparmory:pestilentarmorlegs, Pestilent Leggings
nocubessrparmory:pestilentarmorboots, Pestilent Boots
nocubessrparmory:gorerapier, Heart Rapier
nocubessrparmory:gorehatchet, Famine Hatchet
nocubessrparmory:hostbomb, Host Bomb
nocubessrparmory:gorecombatbow, Gore Combat Bow
nocubessrparmory:gorepart, Gore Piece
nocubessrparmory:gorearmorhelmet, Gore Helmet
nocubessrparmory:gorearmorbody, Gore Body
nocubessrparmory:gorearmorlegs, Gore Leggings
nocubessrparmory:gorearmorboots, Gore Boots
nocubessrparmory:carapacebroadsword, Mimic Blade
nocubessrparmory:carapaceshellbreaker, Shellbreaker
nocubessrparmory:hosttentacle, Host Tentacle
nocubessrparmory:bolsterclaw, Bolster Claw
nocubessrparmory:carapacepart, Armored Scales
nocubessrparmory:carapacearmorhelmet, Carapace Helmet
nocubessrparmory:carapacearmorbody, Carapace Chestplate
nocubessrparmory:carapacearmorlegs, Carapace Leggings
nocubessrparmory:carapacearmorboots, Carapace Boots
nocubessrparmory:mimicbladeyellow, Yellow Mimic Blade
nocubessrparmory:mimicbladegreen, Green Mimic Blade
nocubessrparmory:mimicbladepurple, Purple Mimic Blade
nocubessrparmory:mimicbladered, Red Mimic Blade
nocubessrparmory:livingpart, Living Fragment
nocubessrparmory:livingarmorhelmet, Living Helmet
nocubessrparmory:livingarmorbody, Living Chestplate
nocubessrparmory:livingarmorlegs, Living Leggings
nocubessrparmory:livingarmorboots, Living Boots
nocubessrparmory:evolutionknife, Evolution Knife
nocubessrparmory:evolutionaxe, Evolution Combat Axe
nocubessrparmory:evolutionsickle, Evolution Sickle
nocubessrparmory:evolutionbow, Evolution Bow
nocubessrparmory:dreadnaughtcore, Dreadnaught Core
nocubessrparmory:evolutionarmorhelmet, Evolution Helmet
nocubessrparmory:evolutionarmorbody, Evolution Chestplate
nocubessrparmory:evolutionarmorlegs, Evolution Leggings
nocubessrparmory:evolutionarmorboots, Evolution Boots
nocubessrparmory:plasmatorch, Plasma Torch
nocubessrparmory:flamethrower, Flamethrower
nocubessrparmory:incinerator, Incinerator
nocubessrparmory:overlordblade, Overlord Blade
nocubessrparmory:overlordcore, Overlord Core
nocubessrparmory:adaptivearmorhelmet, Adaptive Helmet
nocubessrparmory:adaptivearmorbody, Adaptive Chestplate
nocubessrparmory:adaptivearmorlegs, Adaptive Leggings
nocubessrparmory:adaptivearmorboots, Adaptive Boots
nocubessrparmory:plasmatorchcore, Plasma Torch Core
nocubessrparmory:flamethrowercore, Flamethrower Core
nocubessrparmory:incineratorcore, Incinerator Core
nocubessrparmory:flamethrowerigniter, Flamethrower Igniter
nocubessrparmory:flamethrowershaft, Flamethrower Shaft
nocubessrparmory:flamethrowerfueltank, Flamethrower Fuel Tank
nocubessrparmory:flamethrowermechanism, Flamethrower Mechanism
nocubessrparmory:flamethrowergrip, Flamethrower Grip
nocubessrparmory:unfinishedflamethrower, Unfinished Flamethrower
nocubessrparmory:twistedbomb, Rupter Bomb
nocubessrparmory:headbomb, Head Bomb
nocubessrparmory:carbonsteel, Semi-Organic Steel
nocubessrparmory:rawcarbonsteel, Raw Semi-Organic Steel
nocubessrparmory:infestedtoolrod, Resistant Handle
nocubessrparmory:thereaper, Reaper
nocubessrparmory:thereapertrue, True Reaper
nocubessrparmory:capsuleempty, Empty Capsule
nocubessrparmory:capsulefuel, Fuel Capsule
nocubessrparmory:invisibleprojectile, Invisible Projectile
nocubessrparmory:iconarmorytab, Icon
nocubessrparmory:iconanyflamethrower, Icon
nocubessrpnests:neststonelight, Faint Parasitic Nest Block
nocubessrpnests:neststonelightstairs, Faint Parasitic Nest Stairs
nocubessrpnests:neststonelightslab:0, Faint Parasitic Nest Slab
nocubessrpnests:neststonelightwall, Faint Parasitic Nest Wall
nocubessrpnests:neststonelightspikes, Faint Parasitic Spike
nocubessrpnests:neststonedark, Sturdy Parasitic Nest Block
nocubessrpnests:neststonedarkstairs, Sturdy Parasitic Nest Stairs
nocubessrpnests:neststonedarkslab:0, Sturdy Parasitic Nest Slab
nocubessrpnests:neststonedarkwall, Sturdy Parasitic Nest Wall
nocubessrpnests:fleshwormblocksoft, Worm Flesh
nocubessrpnests:fleshwormstairs, Worm Flesh Stairs
nocubessrpnests:fleshwormslab:0, Worm Flesh Slab
nocubessrpnests:fleshwormwall, Worm Flesh Wall
nocubessrpnests:fleshwormspike, Worm Flesh Spike
nocubessrpnests:darkbricks, Dark Bricks
nocubessrpnests:darkbrickstairs, Dark Brick Stairs
nocubessrpnests:darkbrickslab:0, Dark Brick Slab
nocubessrpnests:darkbrickwall, Dark Brick Wall
nocubessrpnests:fleshwormblock, Hardened Worm Flesh
nocubessrpnests:fleshwormacid, Bubbling Acid
nocubessrpnests:nestegg, Parasitic Egg
nocubessrpnests:fleshwormteeth, Parasitic Worm Teeth
nocubessrpnests:neststonespikes, Sturdy Parasitic Spike
nocubessrpnests:samplerefiner, Sample Refiner
nocubessrpnests:crateorganicsample, Organic Sample Crate
nocubessrpnests:cratewormacid, Worm Acid Crate
nocubessrpnests:cratewormteeth, Worm Teeth Crate
nocubessrpnests:wormtoothknife, Worm Tooth Knife
nocubessrpnests:wormtoothmachete, Worm Tooth Machete
nocubessrpnests:wormtoothpickaxe, Torture Pickaxe
nocubessrpnests:wormtoothblade, Worm Tooth Blade
nocubessrpnests:darkbrick, Dark Brick
nocubessrpnests:darkblend, Dark Blend
nocubessrpnests:organicsample, Organic Sample
nocubessrpnests:wormacid, Worm Acid
nocubessrpnests:wormtooth, Worm Tooth
nocubessrpnests:spawnparasitenest, Structure Spawn: Parasite Nest
nocubessrpnests:spawnfleshworm, Structure Spawn: Flesh Worm
nocubessrpnests:wormtoothknifethrown, Worm Tooth Knife Thrown
nocubessrpnests:samplerefinergreenprogress, Sample Refiner (Organic Sample)
nocubessrpnests:samplerefinergreendone, Sample Refiner (Organic Sample)
nocubessrpnests:samplerefineryellowprogress, Sample Refiner (Worm Acid)
nocubessrpnests:samplerefineryellowdone, Sample Refiner (Worm Acid)
nocubessrpnests:iconneststab, Icon
nocubessrpsurvival:flesheater, Flesh Eater
nocubessrpsurvival:redflesh, Red Flesh
nocubessrpsurvival:cookedflesh, Cooked Flesh
nocubessrpsurvival:devourerarmorhelmet, Devourer Helmet
nocubessrpsurvival:devourerarmorbody, Devourer Chestplate
nocubessrpsurvival:hardenedflesh, Hardened Flesh
nocubessrpsurvival:fleshbarbecue, Flesh Barbecue
nocubessrpsurvival:cookedfleshbarbecue, Cooked Flesh Barbecue
nocubessrpsurvival:fleshstew, Flesh Stew
nocubessrpsurvival:ruptersalad, Rupter Salad
nocubessrpsurvival:assimilatedsoup, Assimilated Soup
nocubessrpsurvival:cookedtendons, Altered Soup
nocubessrpsurvival:vertebrasoup, Vertebrae Soup
nocubessrpsurvival:toxicstew, Toxic Soup
nocubessrpsurvival:cookedbrain, Noxious Soup
nocubessrpsurvival:bonestock, Bone Stock
nocubessrpsurvival:roastedlumps, Roasted Lumps
nocubessrpsurvival:cookedparasiteheart, Cooked Parasite Heart
nocubessrpsurvival:plaguesalad, Plague Salad
nocubessrpsurvival:deadleaf, Dead Leaf
nocubessrpsurvival:rottingburger, Rotting Burger
nocubessrpsurvival:parasiticbonemeal, Parasitic Bone Meal
nocubessrpsurvival:pestbread, Pest Bread
nocubessrpsurvival:molderedpie, Moldered Pie
nocubessrpsurvival:rottenegg, Rotten Egg
nocubessrpsurvival:reekingribs, Reeking Ribs
nocubessrpsurvival:crateassimilatedflesh, Infected Flesh Crate
nocubessrpsurvival:craterupterviscera, Rupter Viscera Crate
nocubessrpsurvival:cratediseasedheart, Diseased Heart Crate
nocubessrpsurvival:cratealteredtendons, Altered Tendons Crate
nocubessrpsurvival:cratetoxiclung, Toxic Lung Crate
nocubessrpsurvival:cratenoxiousbrain, Noxious Brain Crate
nocubessrpsurvival:crateessentialsegment, Essential Segment Crate
nocubessrpsurvival:cratereekerfang, Reeker Fang Crate
nocubessrpsurvival:crateyelloweyebone, Yelloweye Bone Crate
nocubessrpsurvival:cratelongarmsarmorfragment, Longarms Armor Fragment Crate
nocubessrpsurvival:cratesummonercore, Summoner Core Crate
nocubessrpsurvival:cratemanducaterorb, Manducater Orb Crate
nocubessrpsurvival:cratedriedtendons, Dried Tendons Crate
nocubessrpsurvival:cratehardenedbonehandle, Hardened Bone Handle Crate
nocubessrpsurvival:crateinfectiousbladefragment, Infectious Blade Fragment Crate
nocubessrpsurvival:cratelivingcore, Living Core Crate
nocubessrpsurvival:cratevileshell, Vile Shell Crate
nocubessrpsurvival:crateparasiticlump, Parasitic Lump Crate
nocubessrpsurvival:cratestrangebone, Strange Bone Crate
nocubessrpsurvival:dirtstone, Parasitic Dirtstone
nocubessrpsurvival:dirtstonestairs, Parasitic Dirtstone Stairs
nocubessrpsurvival:dirtstoneslab:0, Parasitic Dirtstone Slab
nocubessrpsurvival:dirtstonewall, Parasitic Dirtstone Wall
nocubessrpsurvival:dirtstonecut, Smooth Parasitic Dirtstone
nocubessrpsurvival:dirtstonechiseled, Parasitic Dirtstone Chiseled
nocubessrpsurvival:parasiticstonestairs, Parasitic Stone Stairs
nocubessrpsurvival:parasiticstoneslab:0, Parasitic Stone Slab
nocubessrpsurvival:parasiticstonewall, Parasitic Stone Wall
nocubessrpsurvival:mudstone, Parasitic Mudstone
nocubessrpsurvival:mudstonestairs, Parasitic Mudstone Stairs
nocubessrpsurvival:mudstoneslab:0, Parasitic Mudstone Slab
nocubessrpsurvival:mudstonewall, Parasitic Mudstone Wall
nocubessrpsurvival:mudstonesmooth, Smooth Parasitic Mudstone
nocubessrpsurvival:mudstonechiseled, Parasitic Mudstone Chiseled
nocubessrpsurvival:veinstairs, Parasitic Vein Stairs
nocubessrpsurvival:veinslab:0, Parasitic Vein Slab
nocubessrpsurvival:veinwall, Parasitic Vein Wall
nocubessrpsurvival:infstone, Infested Dirtstone
nocubessrpsurvival:infstonestairs, Infested Dirtstone Stairs
nocubessrpsurvival:infstoneslab:0, Infested Dirtstone Slab
nocubessrpsurvival:infstonewall, Infested Dirtstone Wall
nocubessrpsurvival:infstonecut, Smooth Infested Dirtstone
nocubessrpsurvival:infstonechiseled, Chiseled Infested Dirtstone
nocubessrpsurvival:infestedstonestairs, Infested Stone Stairs
nocubessrpsurvival:infestedstoneslab:0, Infested Stone Slab
nocubessrpsurvival:infestedstonewall, Infested Stone Wall
nocubessrpsurvival:plankscyan, Rotstem Planks
nocubessrpsurvival:plankscyanstairs, Rotstem Stairs
nocubessrpsurvival:plankscyanslab:0, Rotstem Slab
nocubessrpsurvival:plankscyanfence, Rotstem Fence
nocubessrpsurvival:planksgreen, Infested Wood Planks
nocubessrpsurvival:planksgreenstairs, Infested Wood Stairs
nocubessrpsurvival:planksgreenslab:0, Infested Wood Slab
nocubessrpsurvival:planksgreenfence, Infested Wood Fence
nocubessrpsurvival:concentratedbonewall, Concentrated Bone Wall
nocubessrpsurvival:plankspurple, Blightwood Planks
nocubessrpsurvival:plankspurplestairs, Blightwood Stairs
nocubessrpsurvival:plankspurpleslab:0, Blightwood Slab
nocubessrpsurvival:plankspurplefence, Blightwood Fence
nocubessrpsurvival:infestedstonebrick, Infested Stone Brick
nocubessrpsurvival:infestedstonebrickstairs, Infested Stone Brick Stairs
nocubessrpsurvival:infestedstonebrickslab:0, Infested Stone Brick Slab
nocubessrpsurvival:infestedstonebrickwall, Infested Stone Brick Wall
nocubessrpsurvival:infestedstonebrickchiseled, Chiseled Infested Stone Brick
nocubessrpsurvival:redstonebrick, Parasitic Stone Brick
nocubessrpsurvival:redstonebrickstairs, Parasitic Stone Brick Stairs
nocubessrpsurvival:redstonebrickslab:0, Parasitic Stone Brick Slab
nocubessrpsurvival:redstonebrickwall, Parasitic Stone Brick Wall
nocubessrpsurvival:redstonebrickchiseled, Chiseled Parasitic Stone Brick
nocubessrpsurvival:crackedparasitebrick, Cracked Parasitic Stone Brick
nocubessrpsurvival:mossyparasitebrick, Mossy Parasitic Stone Brick
nocubessrpsurvival:infestedstonebrickcracked, Cracked Infested Stone Brick
nocubessrpsurvival:infestedbrickmossy, Mossy Infested Brick
nocubessrpsurvival:fleshslab:0, Parasitic Flesh Slab
nocubessrpsurvival:fleshwall, Parasitic Flesh Wall
nocubessrpsurvival:concentratedfleshstairs, Parasitic Concentrated Flesh Stairs
nocubessrpsurvival:concentratedfleshslab:0, Parasitic Concentrated Flesh Slab
nocubessrpsurvival:concentratedfleshwall, Parasitic Concentrated Flesh Wall
nocubessrpsurvival:hardenedfleshblock, Hardened Flesh Block
nocubessrpsurvival:hardenedfleshstairs, Hardened Flesh Stairs
nocubessrpsurvival:hardenedfleshslab:0, Hardened Flesh Slab
nocubessrpsurvival:hardenedfleshwall, Hardened Flesh Wall
nocubessrpsurvival:reinforcedplating, Reinforced Plating
nocubessrpsurvival:buglinlarva, Buglin Larva
nocubessrpsurvival:cookedbuglinlarva, Cooked Buglin Larva
nocubessrpsurvival:larvasalad, Larva Salad
nocubessrpsurvival:larvasteak, Larva Steak
nocubessrpsurvival:buglinhive, Buglin Hive
nocubessrpsurvival:buglinhivefilled, Full Buglin Hive
hbm:test_render, tile.test_render.name
hbm:obj_tester, tile.obj_tester.name
hbm:cheater_virus, Gelid Euphemium
hbm:cheater_virus_seed, Unstable Euphemium Schrabide Block
hbm:crystal_virus, Dark Crystal
hbm:crystal_hardened, Hardened Dark Crystal
hbm:crystal_pulsar, Pulsating Crystal
hbm:balefire, Balefire
hbm:fire_digamma, Lingering Digamma
hbm:digamma_matter, Digammarium
hbm:machine_converter_he_rf, HE to RF Converter
hbm:machine_converter_rf_he, RF to HE Converter
hbm:asphalt, Asphalt
hbm:asphalt_light, Glowing Asphalt
hbm:reinforced_glass, Reinforced Glass
hbm:reinforced_glass_pane, Reinforced Glass Pane
hbm:reinforced_light, Reinforced Glowstone
hbm:reinforced_lamp_off, Reinforced Lamp
hbm:reinforced_lamp_on, Reinforced Lamp
hbm:reinforced_stone, Dense Stone
hbm:brick_concrete, Concrete Bricks
hbm:brick_concrete_mossy, Mossy Concrete Bricks
hbm:brick_concrete_cracked, Cracked Concrete Bricks
hbm:brick_concrete_broken, Broken Concrete Bricks
hbm:brick_concrete_marked, Marked Concrete Bricks
hbm:reinforced_brick, Reinforced Stone
hbm:brick_compound, Compound Mesh
hbm:brick_light, Light Bricks
hbm:brick_asbestos, Asbestos Bricks
hbm:reinforced_sand, Reinforced Sandstone
hbm:brick_obsidian, Obsidian Bricks
hbm:cmb_brick, CMB Steel Tile
hbm:cmb_brick_reinforced, Reinforced CMB Bricks
hbm:reinforced_laminate, Reinforced Laminate
hbm:reinforced_laminate_pane, Reinforced Laminate Pane
hbm:concrete, Concrete Tile
hbm:concrete_smooth, Concrete
hbm:concrete_colored:0, White Concrete
hbm:concrete_colored:1, Orange Concrete
hbm:concrete_colored:2, Magenta Concrete
hbm:concrete_colored:3, Light Blue Concrete
hbm:concrete_colored:4, Yellow Concrete
hbm:concrete_colored:5, Lime Concrete
hbm:concrete_colored:6, Pink Concrete
hbm:concrete_colored:7, Gray Concrete
hbm:concrete_colored:8, Light Gray Concrete
hbm:concrete_colored:9, Cyan Concrete
hbm:concrete_colored:10, Purple Concrete
hbm:concrete_colored:11, Blue Concrete
hbm:concrete_colored:12, Brown Concrete
hbm:concrete_colored:13, Green Concrete
hbm:concrete_colored:14, Red Concrete
hbm:concrete_colored:15, Black Concrete
hbm:concrete_colored_ext:0, Builder's Choice Concrete - Industrial Tinge
hbm:concrete_colored_ext:1, Builder's Choice Concrete - Industrial Stripe
hbm:concrete_colored_ext:2, Builder's Choice Concrete - Deep Indigo
hbm:concrete_colored_ext:3, Builder's Choice Concrete - Mysterious Purple
hbm:concrete_colored_ext:4, Builder's Choice Concrete - Manly Pink
hbm:concrete_colored_ext:5, Builder's Choice Concrete - Hazard Stripe
hbm:concrete_colored_ext:6, Builder's Choice Concrete - Desert Storm
hbm:concrete_colored_ext:7, Builder's Choice Concrete - Bronze Plating
hbm:rebar, Rebar
hbm:concrete_rebar, Reinforced Concrete
hbm:concrete_super:0, Über Concrete
hbm:concrete_super:1, Über Concrete
hbm:concrete_super:2, Über Concrete
hbm:concrete_super:3, Über Concrete
hbm:concrete_super:4, Über Concrete
hbm:concrete_super:5, Über Concrete
hbm:concrete_super:6, Über Concrete
hbm:concrete_super:7, Über Concrete
hbm:concrete_super:8, Über Concrete
hbm:concrete_super:9, Über Concrete
hbm:concrete_super:10, Über Concrete
hbm:concrete_super:11, Über Concrete
hbm:concrete_super:12, Über Concrete
hbm:concrete_super:13, Über Concrete
hbm:concrete_super:14, Über Concrete
hbm:concrete_super_broken, Moldy Debris
hbm:concrete_asbestos, Asbestos Concrete
hbm:concrete_pillar, Rebar Reinforced Concrete Pillar
hbm:ducrete_smooth, Ducrete Tile
hbm:ducrete, Ducrete
hbm:ducrete_brick, Ducrete Brick
hbm:ducrete_reinforced, Reinforced Ducrete
hbm:lightstone:0, Raw Lightstone
hbm:lightstone:1, Lightstone Tile
hbm:lightstone:2, Lightstone Bricks
hbm:lightstone:3, Lightstone Chiseled Bricks
hbm:lightstone:4, Chiseled Lightstone
hbm:vinyl_tile:0, Large Vinyl Tile
hbm:vinyl_tile:1, Small Vinyl Tiles
hbm:tile_lab, Laboratory Tiles
hbm:tile_lab_cracked, Cracked Laboratory Tiles
hbm:tile_lab_broken, Broken Laboratory Tiles
hbm:reinforced_stone_stairs, Dense Stone Stairs
hbm:brick_concrete_stairs, Concrete Brick Stairs
hbm:brick_concrete_mossy_stairs, Mossy Concrete Brick Stairs
hbm:brick_concrete_cracked_stairs, Cracked Concrete Brick Stairs
hbm:brick_concrete_broken_stairs, Broken Concrete Brick Stairs
hbm:reinforced_brick_stairs, Reinforced Stone Stairs
hbm:brick_compound_stairs, Compound Mesh Stairs
hbm:brick_asbestos_stairs, Asbestos Brick Stairs
hbm:brick_light_stairs, Light Bricks Stairs
hbm:lightstone_tile_stairs, Lightstone Tile Stairs
hbm:lightstone_bricks_stairs, Lightstone Brick Stairs
hbm:reinforced_sand_stairs, Reinforced Sand Stairs
hbm:brick_obsidian_stairs, Obsidian Brick Stairs
hbm:cmb_brick_reinforced_stairs, Reinforced CMB Brick Stairs
hbm:concrete_stairs, Concrete Tile Stairs
hbm:concrete_smooth_stairs, Concrete Stairs
hbm:concrete_colored_stairs_white, White Concrete Stairs
hbm:concrete_colored_stairs_orange, Orange Concrete Stairs
hbm:concrete_colored_stairs_magenta, Magenta Concrete Stairs
hbm:concrete_colored_stairs_light_blue, Light Blue Concrete Stairs
hbm:concrete_colored_stairs_yellow, Yellow Concrete Stairs
hbm:concrete_colored_stairs_lime, Lime Concrete Stairs
hbm:concrete_colored_stairs_pink, Pink Concrete Stairs
hbm:concrete_colored_stairs_gray, Gray Concrete Stairs
hbm:concrete_colored_stairs_silver, Silver Concrete Stairs
hbm:concrete_colored_stairs_cyan, Cyan Concrete Stairs
hbm:concrete_colored_stairs_purple, Purple Concrete Stairs
hbm:concrete_colored_stairs_blue, Blue Concrete Stairs
hbm:concrete_colored_stairs_brown, Brown Concrete Stairs
hbm:concrete_colored_stairs_green, Green Concrete Stairs
hbm:concrete_colored_stairs_red, Red Concrete Stairs
hbm:concrete_colored_stairs_black, Black Concrete Stairs
hbm:concrete_colored_ext_stairs_machine, Builder's Choice Concrete - Industrial Tinge Stairs
hbm:concrete_colored_ext_stairs_machine_stripe, Builder's Choice Concrete - Industrial Stripe Stairs
hbm:concrete_colored_ext_stairs_indigo, Builder's Choice Concrete - Deep Indigo Stairs
hbm:concrete_colored_ext_stairs_purple, Builder's Choice Concrete - Mysterious Purple Stairs
hbm:concrete_colored_ext_stairs_pink, Builder's Choice Concrete - Manly Pink Stairs
hbm:concrete_colored_ext_stairs_hazard, Builder's Choice Concrete - Hazard Stripe Stairs
hbm:concrete_colored_ext_stairs_sand, Builder's Choice Concrete - Desert Storm Stairs
hbm:concrete_colored_ext_stairs_bronze, Builder's Choice Concrete - Bronze Plating Stairs
hbm:concrete_asbestos_stairs, Asbestos Concrete Stairs
hbm:ducrete_smooth_stairs, Ducrete Tile Stairs
hbm:ducrete_stairs, Ducrete Stairs
hbm:ducrete_brick_stairs, Ducrete Brick Stairs
hbm:ducrete_reinforced_stairs, Reinforced Ducrete Stairs
hbm:tile_lab_stairs, Laboratory Tile Stairs
hbm:tile_lab_cracked_stairs, Cracked Laboratory Tile Stairs
hbm:tile_lab_broken_stairs, Broken Laboratory Tile Stairs
hbm:reinforced_stone_slab:0, Dense Stone Slab
hbm:brick_concrete_slab:0, Concrete Brick Slab
hbm:brick_concrete_mossy_slab:0, Mossy Concrete Brick Slab
hbm:brick_concrete_cracked_slab:0, Cracked Concrete Brick Slab
hbm:brick_concrete_broken_slab:0, Broken Concrete Brick Slab
hbm:reinforced_brick_slab:0, Reinforced Stone Slab
hbm:brick_light_slab:0, Light Brick Slab
hbm:brick_compound_slab:0, Compound Mesh Slab
hbm:brick_asbestos_slab:0, Asbestos Brick Slab
hbm:brick_fire_slab:0, Firebrick Slab
hbm:reinforced_sand_slab:0, Reinforced Sand Slab
hbm:brick_obsidian_slab:0, Obsidian Brick Slab
hbm:cmb_brick_reinforced_slab:0, Reinforced CMB Brick Slab
hbm:concrete_slab:0, Concrete Tile Slab
hbm:concrete_smooth_slab:0, Concrete Slab
hbm:concrete_white_slab:0, White Concrete Slab
hbm:concrete_orange_slab:0, Orange Concrete Slab
hbm:concrete_magenta_slab:0, Magenta Concrete Slab
hbm:concrete_light_blue_slab:0, Light Blue Concrete Slab
hbm:concrete_yellow_slab:0, Yellow Concrete Slab
hbm:concrete_lime_slab:0, Lime Concrete Slab
hbm:concrete_pink_slab:0, Pink Concrete Slab
hbm:concrete_gray_slab:0, Gray Concrete Slab
hbm:concrete_silver_slab:0, Silver Concrete Slab
hbm:concrete_cyan_slab:0, Cyan Concrete Slab
hbm:concrete_purple_slab:0, Purple Concrete Slab
hbm:concrete_blue_slab:0, Blue Concrete Slab
hbm:concrete_brown_slab:0, Brown Concrete Slab
hbm:concrete_green_slab:0, Green Concrete Slab
hbm:concrete_red_slab:0, Red Concrete Slab
hbm:concrete_black_slab:0, Black Concrete Slab
hbm:concrete_asbestos_slab:0, Asbestos Concrete Slab
hbm:ducrete_smooth_slab:0, Ducrete Tile Slab
hbm:ducrete_slab:0, Ducrete Slab
hbm:ducrete_brick_slab:0, Ducrete Brick Slab
hbm:ducrete_reinforced_slab:0, Reinforced Ducrete Slab
hbm:tile_lab_slab:0, Laboratory Tile Slab
hbm:tile_lab_cracked_slab:0, Cracked Laboratory Tile Slab
hbm:tile_lab_broken_slab:0, Broken Laboratory Tile Slab
hbm:lamp_demon, Demon Core Lamp
hbm:lantern, Lantern
hbm:lantern_behemoth, Old Lantern
hbm:lamp_tritium_green_off, Green Tritium Lamp
hbm:lamp_tritium_green_on, Green Tritium Lamp
hbm:lamp_tritium_blue_off, Blue Tritium Lamp
hbm:lamp_tritium_blue_on, Blue Tritium Lamp
hbm:spotlight_incandescent, Cage Lamp
hbm:spotlight_incandescent_off, Cage Lamp
hbm:spotlight_fluoro, Fluorescent Light
hbm:spotlight_fluoro_off, Fluorescent Light
hbm:spotlight_halogen, Halogen Floodlight
hbm:spotlight_halogen_off, Halogen Floodlight
hbm:spotlight_beam, tile.spotlight_beam.name
hbm:floodlight, Powered Floodlight
hbm:floodlight_beam, tile.floodlight_beam.name
hbm:block_scrap, Block of Scrap
hbm:block_electrical_scrap, Block of Electrical Scrap
hbm:ore_uranium, Uranium Ore
hbm:ore_uranium_scorched, Scorched Uranium Ore
hbm:ore_schrabidium, Schrabidium Ore
hbm:ore_sellafield_emerald:0, Sellafite Emerald Ore
hbm:ore_sellafield_uranium_scorched:0, Scorched Sellafite Uranium Ore
hbm:ore_sellafield_schrabidium:0, Sellafite Schrabidium Ore
hbm:ore_sellafield_diamond:0, Sellafite Diamond Ore
hbm:ore_sellafield_radgem:0, Sellafite Radioactive Gem Ore
hbm:ore_thorium, Thorium Ore
hbm:ore_titanium, Titanium Ore
hbm:ore_sulfur, Sulfur Ore
hbm:ore_niter, Niter Ore
hbm:ore_copper, Copper Ore
hbm:ore_tungsten, Tungsten Ore
hbm:ore_aluminium, Aluminium-Bearing Ore
hbm:ore_fluorite, Fluorite Ore
hbm:ore_lead, Lead Ore
hbm:ore_beryllium, Beryllium Ore
hbm:ore_lignite, Lignite Ore
hbm:ore_asbestos, Asbestos Ore
hbm:ore_rare, Rare Earth Ore
hbm:cluster_iron, Iron Ore Cluster
hbm:cluster_titanium, Titanium Ore Cluster
hbm:cluster_aluminium, Aluminium Ore Cluster
hbm:cluster_copper, Copper Ore Cluster
hbm:ore_cobalt, Cobalt Ore
hbm:ore_cinnabar, Cinnabar Ore
hbm:ore_coltan, Coltan Ore
hbm:ore_australium, Australian Ore
hbm:stone_depth, Depth Rock
hbm:ore_depth_cinnabar, Depth Cinnabar Ore
hbm:ore_depth_zirconium, Depth Zirconium Ore
hbm:ore_depth_borax, Depth Borax Ore
hbm:ore_alexandrite, Alexandrite Ore
hbm:cluster_depth_iron, Depth Iron Ore Cluster
hbm:cluster_depth_titanium, Depth Titanium Ore Cluster
hbm:cluster_depth_tungsten, Depth Tungsten Ore Cluster
hbm:ore_bedrock_coltan, Bedrock Coltan Ore
hbm:ore_bedrock_oil, Bedrock Oil Deposit
hbm:ore_bedrock_block, Bedrock Ore
hbm:ore_volcano, Geothermal Vent
hbm:ore_oil_empty, Empty Oil Deposit
hbm:ore_oil_sand, Tar Sand
hbm:stone_gneiss, Graphitic Schist
hbm:gneiss_brick, Schist Brick
hbm:gneiss_tile, Schist Tile
hbm:gneiss_chiseled, Chiseled Schist
hbm:ore_gneiss_iron, Schist Iron Ore
hbm:ore_gneiss_gold, Schist Gold Ore
hbm:ore_gneiss_uranium, Schist Uranium Ore
hbm:ore_gneiss_uranium_scorched, Scorched Schist Uranium Ore
hbm:ore_gneiss_copper, Schist Copper Ore
hbm:ore_gneiss_asbestos, Schist Asbestos Ore
hbm:ore_gneiss_lithium, Schist Lithium Ore
hbm:ore_gneiss_schrabidium, Schist Schrabidium Ore
hbm:ore_gneiss_rare, Schist Rare Earth Ore
hbm:ore_gneiss_gas, Gas Shale
hbm:ore_tikite, Trixite
hbm:ore_nether_coal, Burning Nether Coal Ore
hbm:ore_nether_smoldering, Smoldering Netherrack
hbm:ore_nether_cobalt, Nether Cobalt Ore
hbm:ore_nether_tungsten, Nether Tungsten Ore
hbm:ore_nether_sulfur, Nether Sulfur Ore
hbm:ore_nether_fire, Nether Phosphorus Ore
hbm:ore_nether_uranium, Nether Uranium Ore
hbm:ore_nether_uranium_scorched, Scorched Nether Uranium Ore
hbm:ore_nether_plutonium, Nether Plutonium Ore
hbm:ore_nether_schrabidium, Nether Schrabidium Ore
hbm:stone_depth_nether, Nether Depth Rock
hbm:ore_depth_nether_neodymium, Nether Depth Neodymium Ore
hbm:ore_depth_nether_nitan, Nether Depth Nitanium Ore
hbm:block_meteor, Meteorite Block
hbm:block_meteor_cobble, Meteorite Cobblestone
hbm:block_meteor_broken, Broken Meteorite Block
hbm:block_meteor_molten, Hot Meteorite Cobblestone
hbm:block_meteor_treasure, Meteorite Treasure Block
hbm:ore_meteor:0, Meteor Iron Ore
hbm:ore_meteor:1, Meteor Copper Ore
hbm:ore_meteor:2, Meteor Aluminium Ore
hbm:ore_meteor:3, Meteor Rare Earth Ore
hbm:ore_meteor:4, Meteor Cobalt Ore
hbm:meteor_polished, Polished Meteor Block
hbm:meteor_brick, Meteor Bricks
hbm:meteor_brick_mossy, Mossy Meteor Bricks
hbm:meteor_brick_cracked, Cracked Meteor Bricks
hbm:meteor_brick_chiseled, Chiseled Meteor Bricks
hbm:meteor_pillar, Meteor Pillar
hbm:meteor_spawner, Cyber Crab Assembler
hbm:meteor_battery, Starmetal Static Electricity Generator
hbm:brick_jungle, Enargite Bricks
hbm:brick_jungle_cracked, Cracked Enargite Bricks
hbm:brick_jungle_lava, Magmatic Enargite Bricks
hbm:brick_jungle_ooze, Radioactive Enargite Bricks
hbm:brick_jungle_mystic, Arcane Enargite Bricks
hbm:brick_jungle_trap, Trapped Enargite Bricks
hbm:brick_jungle_glyph, Enargite Glyph Bricks
hbm:brick_jungle_circle, Mechanist's Circle
hbm:stone_keyhole, Strange Stone
hbm:stone_keyhole_meta, Strange Red Room Brick
hbm:brick_red, Red Room Brick
hbm:deco_computer:0, IBM Personal Computer 300PL
hbm:deco_crt:0, Old CRT Screen
hbm:deco_crt:1, Old CRT Screen
hbm:deco_crt:2, Old CRT Screen
hbm:deco_crt:3, Old CRT Screen
hbm:deco_toaster:0, Broken Toaster
hbm:deco_toaster:1, Broken Toaster
hbm:deco_toaster:2, Broken Toaster
hbm:filing_cabinet:0, Dusty Filing Cabinet
hbm:filing_cabinet:1, Steel Filing Cabinet
hbm:dungeon_spawner, tile.dungeon_spawner.name
hbm:vending_machine:0, Vending Machine
hbm:vending_machine:1, Vending Machine
hbm:brick_dungeon, Berzelianite Bricks
hbm:brick_dungeon_flat, Berzelianite Block
hbm:brick_dungeon_tile, Berzelianite Tile
hbm:brick_dungeon_circle, Berzelianite Cirlce
hbm:block_niter, Block of Niter
hbm:block_niter_reinforced, Reinforced Block of Niter
hbm:block_sulfur, Block of Sulfur
hbm:block_thorium, Block of Thorium-232
hbm:block_thorium_fuel, Block of Thorium Fuel
hbm:block_neptunium, Block of Neptunium
hbm:block_polonium, Block of Polonium-210
hbm:block_mox_fuel, Block of MOX Fuel
hbm:block_plutonium, Block of Plutonium
hbm:block_pu238, Block of Plutonium-238
hbm:block_pu239, Block of Plutonium-239
hbm:block_pu240, Block of Plutonium-240
hbm:block_pu_mix, Block of Reactor Grade Plutonium
hbm:block_plutonium_fuel, Block of Plutonium Fuel
hbm:block_uranium, Block of Uranium
hbm:block_u233, Block of Uranium-233
hbm:block_u235, Block of Uranium-235
hbm:block_u238, Block of Uranium-238
hbm:block_uranium_fuel, Block of Uranium Fuel
hbm:block_titanium, Block of Titanium
hbm:block_copper, Block of Copper
hbm:block_red_copper, Block of Red Copper
hbm:block_tungsten, Block of Tungsten
hbm:block_aluminium, Block of Aluminium
hbm:block_fluorite, Block of Fluorite
hbm:block_steel, Block of Steel
hbm:block_lead, Block of Lead
hbm:block_tcalloy, Block of Technetium Steel
hbm:block_cdalloy, Block of Cadmium Steel
hbm:block_cadmium, Block of Cadmium
hbm:block_bismuth, Block of Bismuth
hbm:block_coltan, Block of Coltan
hbm:block_tantalium, Block of Tantalium
hbm:block_niobium, Block of Niobium
hbm:block_trinitite, Block of Trinitite
hbm:block_beryllium, Block of Beryllium
hbm:block_schraranium, Block of Schraranium
hbm:block_schrabidium, Block of Schrabidium
hbm:block_schrabidate, Block of Ferric Schrabidate
hbm:block_solinium, Block of Solinium
hbm:block_schrabidium_fuel, Block of Schrabidium Fuel
hbm:block_au198, Block of Gold-198
hbm:block_euphemium, Block of Euphemium
hbm:block_dineutronium, Block of Dineutronium
hbm:block_schrabidium_cluster, Schrabidium Cluster
hbm:block_euphemium_cluster, Euphemium-Etched Schrabidium Cluster
hbm:block_combine_steel, Block of CMB Steel
hbm:block_magnetized_tungsten, Block of Magnetized Tungsten
hbm:block_desh, Reinforced Block of Desh
hbm:block_dura_steel, Reinforced Block of High-Speed Steel
hbm:block_saturnite, Block of Saturnite
hbm:tektite, Tektite
hbm:ore_tektite_osmiridium, Osmiridium-Infused Tektite
hbm:impact_dirt, Scorched Dirt
hbm:gravel_obsidian, Crushed Obsidian
hbm:gravel_diamond, Diamond Gravel
hbm:moon_turf, Moon Turf
hbm:deco_titanium, Titanium Deco Block
hbm:deco_red_copper, Red Copper Deco Block
hbm:deco_tungsten, Tungsten Deco Block
hbm:deco_aluminium, Aluminium Deco Block
hbm:deco_steel, Steel Deco Block
hbm:deco_rusty_steel, Rusty Steel Deco Block
hbm:deco_lead, Lead Deco Block
hbm:deco_beryllium, Beryllium Deco Block
hbm:deco_asbestos, Asbestos Roof
hbm:deco_rbmk, 2x2 RBMK Deco Block
hbm:deco_rbmk_smooth, 1x1 RBMK Deco Block
hbm:deco_rbmk_panel, 2x2 RBMK Panel Deco Block
hbm:deco_rbmk_smooth_panel, 1x1 RBMK Panel Deco Block
hbm:deco_rbmk_panel_slab2, 2x2 RBMK Panel Deco Block Layer
hbm:deco_rbmk_smooth_panel_slab2, 1x1 RBMK Panel Deco Block Layer
hbm:deco_loot, Loot Pile
hbm:bobblehead:1, Bobblehead
hbm:bobblehead:2, Bobblehead
hbm:bobblehead:3, Bobblehead
hbm:bobblehead:4, Bobblehead
hbm:bobblehead:5, Bobblehead
hbm:bobblehead:6, Bobblehead
hbm:bobblehead:7, Bobblehead
hbm:bobblehead:8, Bobblehead
hbm:bobblehead:9, Bobblehead
hbm:bobblehead:10, Bobblehead
hbm:bobblehead:11, Bobblehead
hbm:bobblehead:12, Bobblehead
hbm:bobblehead:13, Bobblehead
hbm:bobblehead:14, Bobblehead
hbm:bobblehead:15, Bobblehead
hbm:bobblehead:16, Bobblehead
hbm:bobblehead:17, Bobblehead
hbm:bobblehead:18, Bobblehead
hbm:bobblehead:19, Bobblehead
hbm:bobblehead:20, Bobblehead
hbm:bobblehead:21, Bobblehead
hbm:bobblehead:22, Bobblehead
hbm:bobblehead:23, Bobblehead
hbm:bobblehead:24, Bobblehead
hbm:bobblehead:25, Bobblehead
hbm:bobblehead:26, Bobblehead
hbm:bobblehead:27, Bobblehead
hbm:bobblehead:28, Bobblehead
hbm:snowglobe:1, Snowglobe
hbm:snowglobe:2, Snowglobe
hbm:snowglobe:3, Snowglobe
hbm:snowglobe:4, Snowglobe
hbm:snowglobe:5, Snowglobe
hbm:plushie:1, Yomi Plushie
hbm:plushie:2, Number Nine Plushie
hbm:plushie:3, Hundun Plushie
hbm:plushie:4, Dragon Plushie
hbm:pedestal, Pedestal
hbm:skeleton_holder, Oh, that's a dead guy
hbm:spinny_light, Spinny Light
hbm:hazmat, Hazmat Cloth Block
hbm:tape_recorder, Tape Recorder
hbm:steel_poles, Steel Pole
hbm:pole_top, Antenna Top
hbm:pole_satellite_receiver, Satellite Dish
hbm:steel_wall, Steel Wall
hbm:steel_corner, Steel Wall Corner
hbm:steel_roof, Flat Steel Roof
hbm:steel_beam, Steel Beam
hbm:steel_scaffold:0, Steel Scaffold
hbm:steel_scaffold:1, Steel Scaffold
hbm:steel_scaffold:2, Steel Scaffold
hbm:steel_scaffold:3, Steel Scaffold
hbm:steel_grate, Steel Grate
hbm:steel_grate_wide, Item Grate
hbm:deco_pipe, Steel Pipe
hbm:deco_pipe_rusted, Rusty Steel Pipe
hbm:deco_pipe_green, Green Steel Pipe
hbm:deco_pipe_green_rusted, Rusty Green Steel Pipe
hbm:deco_pipe_red, Red Steel Pipe
hbm:deco_pipe_marked, Gas Pipe
hbm:deco_pipe_rim, Steel Pipe (Rimmed)
hbm:deco_pipe_rim_rusted, Rusty Steel Pipe (Rimmed)
hbm:deco_pipe_rim_green, Green Steel Pipe (Rimmed)
hbm:deco_pipe_rim_green_rusted, Rusty Green Steel Pipe (Rimmed)
hbm:deco_pipe_rim_red, Red Steel Pipe (Rimmed)
hbm:deco_pipe_rim_marked, Gas Pipe (Rimmed)
hbm:deco_pipe_framed, Steel Pipe (Framed)
hbm:deco_pipe_framed_rusted, Rusty Steel Pipe (Framed)
hbm:deco_pipe_framed_green, Green Steel Pipe (Framed)
hbm:deco_pipe_framed_green_rusted, Rusty Green Steel Pipe (Framed)
hbm:deco_pipe_framed_red, Red Steel Pipe (Framed)
hbm:deco_pipe_framed_marked, Gas Pipe (Framed)
hbm:deco_pipe_quad, Steel Pipes
hbm:deco_pipe_quad_rusted, Rusty Steel Pipes
hbm:deco_pipe_quad_green, Green Steel Pipes
hbm:deco_pipe_quad_green_rusted, Rusty Green Steel Pipes
hbm:deco_pipe_quad_red, Red Steel Pipes
hbm:deco_pipe_quad_marked, Gas Pipes
hbm:glyphid_base, Glyphid Hive Block
hbm:glyphid_spawner, Glyphid Hive Spawner
hbm:mush, Glowing Mushroom
hbm:mush_block, Grown Glowing Shroom
hbm:mush_block_stem, Grown Glowing Shroom Stem
hbm:block_waste, Block of Nuclear Waste
hbm:block_waste_painted, Painted Block of Nuclear Waste
hbm:block_waste_vitrified, Vitrified Block of Nuclear Waste
hbm:waste_mycelium, Glowing Mycelium
hbm:waste_earth, Dead Grass
hbm:waste_trinitite, Trinitite Ore
hbm:waste_trinitite_red, Red Trinitite Ore
hbm:waste_log, Charred Log
hbm:waste_planks, Charred Wooden Planks
hbm:waste_leaves, Dead Leaves
hbm:waste_grass_tall, Waste Grass
hbm:burning_earth, Burning Grass
hbm:plant_flower:0, Foxglove
hbm:plant_flower:1, Hemp
hbm:plant_flower:2, Mustard Willow
hbm:plant_flower:3, Mustard Willow
hbm:plant_flower:4, Deadly Nightshade
hbm:plant_flower:5, Tobacco Plant
hbm:plant_flower:6, Wild Strawberries
hbm:plant_flower:7, Wild Mint
hbm:plant_tall:0, Hemp
hbm:plant_tall:1, Hemp
hbm:plant_tall:2, tile.plant_tall.mustard_willow_2.name
hbm:plant_tall:3, tile.plant_tall.mustard_willow_2.name
hbm:plant_tall:4, tile.plant_tall.mustard_willow_3.name
hbm:plant_tall:5, tile.plant_tall.mustard_willow_3.name
hbm:plant_tall:6, tile.plant_tall.mustard_willow_4.name
hbm:plant_tall:7, tile.plant_tall.mustard_willow_4.name
hbm:plant_dead:0, Dead Plant
hbm:plant_dead:1, Dead Plant
hbm:plant_dead:2, Dead Plant
hbm:plant_dead:3, Dead Plant
hbm:plant_dead:4, Dead Plant
hbm:plant_reeds:0, Reeds
hbm:dirt_dead, Dead Dirt
hbm:dirt_oily, Oily Dirt
hbm:sand_dirty, Oily Sand
hbm:sand_dirty_red, Red Oily Sand
hbm:stone_cracked, Cracked Stone
hbm:frozen_grass, Frozen Grass
hbm:frozen_log, Frozen Log
hbm:frozen_planks, Frozen Planks
hbm:frozen_dirt, Frozen Dirt
hbm:fallout, Fallout
hbm:block_fallout, Block of Fallout
hbm:foam_layer, Foam layer
hbm:sand_boron_layer, Boron Sand Layer
hbm:leaves_layer, Fallen Leaves
hbm:oil_spill, Oil Spill
hbm:block_boron, Block of Boron
hbm:block_lanthanium, Block of Lanthanium
hbm:block_ra226, Block of Radium-226
hbm:block_actinium, Block of Actinium
hbm:block_tritium, Block of Tritium Cells
hbm:block_semtex, Block of Semtex
hbm:block_c4, Block of C-4
hbm:block_smore, Block of S'more
hbm:block_slag:0, Block of Slag
hbm:block_slag:1, Block of Slag
hbm:sellafield_slaked, Slaked Sellafite
hbm:sellafield_bedrock, Bedrock Sellafite
hbm:sellafield:0, Sellafite
hbm:sellafield:1, Hot Sellafite
hbm:sellafield:2, Boiling Sellafite
hbm:sellafield:3, Blazing Sellafite
hbm:sellafield:4, Infernal Sellafite
hbm:sellafield:5, Sellafite-Corium
hbm:geysir_chlorine, Chlorine Geyser
hbm:geysir_nether, Volcanic Geyser
hbm:block_yellowcake, Block of Yellowcake
hbm:block_starmetal, §9Block of Starmetal§r
hbm:block_polymer, Block of Polymer
hbm:block_bakelite, Block of Bakelite
hbm:block_rubber, Block of Rubber
hbm:block_asbestos, Block of Asbestos
hbm:brick_fire, Firebricks
hbm:brick_fire_stairs, Firebrick Stairs
hbm:block_cobalt, Block of Cobalt
hbm:block_lithium, Block of Lithium
hbm:block_zirconium, Block of Zirconium
hbm:block_insulator, Roll of Insulation
hbm:block_fiberglass, Roll of Fiberglass
hbm:block_white_phosphorus, Block of White Phosphorus
hbm:block_red_phosphorus, Block of Red Phosphorus
hbm:block_foam, Foam
hbm:block_coke:0, Block of Coal Coke
hbm:block_coke:1, Block of Lignite Coke
hbm:block_coke:2, Block of Petroleum Coke
hbm:block_graphite:0, Block of Graphite
hbm:block_graphite_drilled:0, Drilled Graphite
hbm:block_graphite_drilled:1, Drilled Graphite
hbm:block_graphite_drilled:2, Drilled Graphite
hbm:block_graphite_drilled:3, Drilled Graphite
hbm:block_graphite_drilled:4, Drilled Graphite
hbm:block_graphite_drilled:5, Drilled Graphite
hbm:block_graphite_drilled:6, Drilled Graphite
hbm:block_graphite_drilled:7, Drilled Graphite
hbm:block_graphite_drilled:8, Drilled Graphite
hbm:block_graphite_drilled:9, Drilled Graphite
hbm:block_graphite_drilled:10, Drilled Graphite
hbm:block_graphite_drilled:11, Drilled Graphite
hbm:block_graphite_drilled:12, Drilled Graphite
hbm:block_graphite_drilled:13, Drilled Graphite
hbm:block_graphite_drilled:14, Drilled Graphite
hbm:block_graphite_fuel:0, Pile Fuel
hbm:block_graphite_fuel:1, Pile Fuel
hbm:block_graphite_fuel:2, Pile Fuel
hbm:block_graphite_fuel:3, Pile Fuel
hbm:block_graphite_fuel:4, Pile Fuel
hbm:block_graphite_fuel:5, Pile Fuel
hbm:block_graphite_fuel:6, Pile Fuel
hbm:block_graphite_fuel:7, Pile Fuel
hbm:block_graphite_fuel:8, Pile Fuel
hbm:block_graphite_fuel:9, Pile Fuel
hbm:block_graphite_fuel:10, Pile Fuel
hbm:block_graphite_fuel:11, Pile Fuel
hbm:block_graphite_fuel:12, Pile Fuel
hbm:block_graphite_fuel:13, Pile Fuel
hbm:block_graphite_fuel:14, Pile Fuel
hbm:block_graphite_plutonium:0, Pile Fuel (Bred)
hbm:block_graphite_plutonium:1, Pile Fuel (Bred)
hbm:block_graphite_plutonium:2, Pile Fuel (Bred)
hbm:block_graphite_plutonium:3, Pile Fuel (Bred)
hbm:block_graphite_plutonium:4, Pile Fuel (Bred)
hbm:block_graphite_plutonium:5, Pile Fuel (Bred)
hbm:block_graphite_plutonium:6, Pile Fuel (Bred)
hbm:block_graphite_plutonium:7, Pile Fuel (Bred)
hbm:block_graphite_plutonium:8, Pile Fuel (Bred)
hbm:block_graphite_plutonium:9, Pile Fuel (Bred)
hbm:block_graphite_plutonium:10, Pile Fuel (Bred)
hbm:block_graphite_plutonium:11, Pile Fuel (Bred)
hbm:block_graphite_plutonium:12, Pile Fuel (Bred)
hbm:block_graphite_plutonium:13, Pile Fuel (Bred)
hbm:block_graphite_plutonium:14, Pile Fuel (Bred)
hbm:block_graphite_rod:0, Pile Control Rod
hbm:block_graphite_rod:1, Pile Control Rod
hbm:block_graphite_rod:2, Pile Control Rod
hbm:block_graphite_rod:3, Pile Control Rod
hbm:block_graphite_rod:4, Pile Control Rod
hbm:block_graphite_rod:5, Pile Control Rod
hbm:block_graphite_rod:6, Pile Control Rod
hbm:block_graphite_rod:7, Pile Control Rod
hbm:block_graphite_rod:8, Pile Control Rod
hbm:block_graphite_rod:9, Pile Control Rod
hbm:block_graphite_rod:10, Pile Control Rod
hbm:block_graphite_rod:11, Pile Control Rod
hbm:block_graphite_rod:12, Pile Control Rod
hbm:block_graphite_rod:13, Pile Control Rod
hbm:block_graphite_rod:14, Pile Control Rod
hbm:block_graphite_source:0, Pile Neutron Source
hbm:block_graphite_source:1, Pile Neutron Source
hbm:block_graphite_source:2, Pile Neutron Source
hbm:block_graphite_source:3, Pile Neutron Source
hbm:block_graphite_source:4, Pile Neutron Source
hbm:block_graphite_source:5, Pile Neutron Source
hbm:block_graphite_source:6, Pile Neutron Source
hbm:block_graphite_source:7, Pile Neutron Source
hbm:block_graphite_source:8, Pile Neutron Source
hbm:block_graphite_source:9, Pile Neutron Source
hbm:block_graphite_source:10, Pile Neutron Source
hbm:block_graphite_source:11, Pile Neutron Source
hbm:block_graphite_source:12, Pile Neutron Source
hbm:block_graphite_source:13, Pile Neutron Source
hbm:block_graphite_source:14, Pile Neutron Source
hbm:block_graphite_lithium:0, Pile Lithium Fuel
hbm:block_graphite_lithium:1, Pile Lithium Fuel
hbm:block_graphite_lithium:2, Pile Lithium Fuel
hbm:block_graphite_lithium:3, Pile Lithium Fuel
hbm:block_graphite_lithium:4, Pile Lithium Fuel
hbm:block_graphite_lithium:5, Pile Lithium Fuel
hbm:block_graphite_lithium:6, Pile Lithium Fuel
hbm:block_graphite_lithium:7, Pile Lithium Fuel
hbm:block_graphite_lithium:8, Pile Lithium Fuel
hbm:block_graphite_lithium:9, Pile Lithium Fuel
hbm:block_graphite_lithium:10, Pile Lithium Fuel
hbm:block_graphite_lithium:11, Pile Lithium Fuel
hbm:block_graphite_lithium:12, Pile Lithium Fuel
hbm:block_graphite_lithium:13, Pile Lithium Fuel
hbm:block_graphite_lithium:14, Pile Lithium Fuel
hbm:block_graphite_tritium:0, Pile Lithium Fuel (Bred)
hbm:block_graphite_tritium:1, Pile Lithium Fuel (Bred)
hbm:block_graphite_tritium:2, Pile Lithium Fuel (Bred)
hbm:block_graphite_tritium:3, Pile Lithium Fuel (Bred)
hbm:block_graphite_tritium:4, Pile Lithium Fuel (Bred)
hbm:block_graphite_tritium:5, Pile Lithium Fuel (Bred)
hbm:block_graphite_tritium:6, Pile Lithium Fuel (Bred)
hbm:block_graphite_tritium:7, Pile Lithium Fuel (Bred)
hbm:block_graphite_tritium:8, Pile Lithium Fuel (Bred)
hbm:block_graphite_tritium:9, Pile Lithium Fuel (Bred)
hbm:block_graphite_tritium:10, Pile Lithium Fuel (Bred)
hbm:block_graphite_tritium:11, Pile Lithium Fuel (Bred)
hbm:block_graphite_tritium:12, Pile Lithium Fuel (Bred)
hbm:block_graphite_tritium:13, Pile Lithium Fuel (Bred)
hbm:block_graphite_tritium:14, Pile Lithium Fuel (Bred)
hbm:block_graphite_detector:0, Pile Neutron Detector
hbm:block_graphite_detector:1, Pile Neutron Detector
hbm:block_graphite_detector:2, Pile Neutron Detector
hbm:block_graphite_detector:3, Pile Neutron Detector
hbm:block_graphite_detector:4, Pile Neutron Detector
hbm:block_graphite_detector:5, Pile Neutron Detector
hbm:block_graphite_detector:6, Pile Neutron Detector
hbm:block_graphite_detector:7, Pile Neutron Detector
hbm:block_graphite_detector:8, Pile Neutron Detector
hbm:block_graphite_detector:9, Pile Neutron Detector
hbm:block_graphite_detector:10, Pile Neutron Detector
hbm:block_graphite_detector:11, Pile Neutron Detector
hbm:block_graphite_detector:12, Pile Neutron Detector
hbm:block_graphite_detector:13, Pile Neutron Detector
hbm:block_graphite_detector:14, Pile Neutron Detector
hbm:block_australium, Block of Australium
hbm:depth_brick, Depth Bricks
hbm:depth_tiles, Depth Tiles
hbm:depth_nether_brick, Nether Depth Bricks
hbm:depth_nether_tiles, Nether Depth Tiles
hbm:depth_dnt, DNT-Reinforced Depth Bricks
hbm:stone_porous, Porous Stone
hbm:basalt, Basalt
hbm:ore_basalt:0, Sulfur-Rich Basalt
hbm:ore_basalt:1, Fluorite-Rich Basalt
hbm:ore_basalt:2, Asbestos-Rich Basalt
hbm:ore_basalt:3, Gem-Rich Basalt
hbm:ore_basalt:4, Molysite-Rich Basalt
hbm:basalt_smooth, Smooth Basalt
hbm:basalt_brick, Basalt Bricks
hbm:basalt_polished, Polished Basalt
hbm:basalt_tiles, Basalt Tiles
hbm:block_cap:0, Block of Nuka Cola Bottle Caps
hbm:block_cap:1, Block of Nuka Cola Quantum Bottle Caps
hbm:block_cap:2, Block of S~Cola RAD Bottle Caps
hbm:block_cap:3, Block of S~Cola Bottle Caps
hbm:block_cap:4, Block of Korl Bottle Caps
hbm:block_cap:5, Block of Fritz Cola Bottle Caps
hbm:block_cap:6, Block of Sunset Sarsaparilla Bottle Caps
hbm:block_cap:7, Block of Sunset Sarsaparilla Star Caps
hbm:nuke_gadget, The Gadget
hbm:nuke_boy, Little Boy
hbm:nuke_man, Fat Man
hbm:nuke_mike, Ivy Mike
hbm:nuke_tsar, Tsar Bomba
hbm:nuke_fleija, F.L.E.I.J.A.
hbm:nuke_prototype, The Prototype
hbm:nuke_solinium, The Blue Rinse
hbm:nuke_n2, N² Mine
hbm:nuke_fstbmb, Balefire Bomb
hbm:nuke_custom, Custom Nuke
hbm:bomb_multi, Multi Purpose Bomb
hbm:crashed_bomb:0, Dud (Balefire)
hbm:crashed_bomb:1, Dud (Conventional)
hbm:crashed_bomb:2, Dud (Nuclear)
hbm:crashed_bomb:3, Dud (Salted)
hbm:fireworks, Firework Battery
hbm:charge_dynamite, Time Bomb
hbm:charge_miner, Timed Mining Charge
hbm:charge_c4, Demolition Charge
hbm:charge_semtex, Semtex Mining Charge
hbm:mine_ap, Anti-Personell Mine
hbm:mine_he, Anti-Tank Mine
hbm:mine_shrap, Shrapnel Mine
hbm:mine_fat, Fat Mine
hbm:mine_naval, Naval Mine
hbm:dynamite:0, Dynamite
hbm:tnt_ntm:0, Actual TNT
hbm:semtex:0, Semtex
hbm:c4:0, C-4
hbm:fissure_bomb:0, Fissure Bomb
hbm:flame_war, Flame War in a Box
hbm:float_bomb, Levitation Bomb
hbm:emp_bomb, EMP Device
hbm:therm_endo, Endothermic Bomb
hbm:therm_exo, Exothermic Bomb
hbm:det_cord, Det Cord
hbm:det_miner, Mining Charge
hbm:det_charge, Explosive Charge
hbm:det_n2, N² Charge
hbm:det_nuke, Nuclear Charge
hbm:det_bale, Balefire Charge
hbm:red_barrel, Explosive Barrel
hbm:pink_barrel, Kerosene Barrel
hbm:yellow_barrel, Radioactive Barrel
hbm:vitrified_barrel, Vitrified Nuclear Waste Drum
hbm:lox_barrel, LOX Barrel
hbm:taint_barrel, IMP Residue Barrel
hbm:red_cable:0, Red Copper Cable
hbm:red_cable_box:0, Red Copper Boxcable
hbm:red_cable_box:1, Red Copper Boxcable
hbm:red_cable_box:2, Red Copper Boxcable
hbm:red_cable_box:3, Red Copper Boxcable
hbm:red_cable_box:4, Red Copper Boxcable
hbm:red_cable_paintable, Paintable Red Copper Cable
hbm:red_wire_coated, Coated Red Copper Cable
hbm:red_wire_sealed, Rad Sealed Red Copper Cable Block
hbm:cable_switch, Power Switch
hbm:cable_detector, Redstone Power Switch
hbm:machine_detector, Power Detector
hbm:cable_diode, Red Copper Diode
hbm:red_cable_gauge, Power Gauge
hbm:red_connector:0, Electricity Connector
hbm:connector_red_super:0, Heavy Duty Electricity Connector
hbm:red_pylon, Electricity Pylon
hbm:red_pylon_large, Large Electricity Pylon
hbm:red_pylon_medium_wood, Medium Wooden Electricity Pylon
hbm:red_pylon_medium_transformer, Medium Wooden Electricity Pylon with Transformer
hbm:red_pylon_steel, Medium Steel Electricity Pylon
hbm:red_pylon_steel_transformer, Medium Steel Electricity Pylon with Transformer
hbm:substation, Substation
hbm:barrel_plastic, Safe Barrel™
hbm:barrel_corroded, Corroded Barrel
hbm:barrel_iron, Iron Barrel
hbm:barrel_steel, Steel Barrel
hbm:barrel_tcalloy, Technetium Steel Barrel
hbm:barrel_antimatter, Magnetic Antimatter Container
hbm:machine_uf6_tank, Uranium Hexafluoride Tank
hbm:machine_puf6_tank, Plutonium Hexafluoride Tank
hbm:machine_fluidtank, Tank
hbm:machine_bat9000, Big-Ass Tank 9000
hbm:machine_bigasstank, Big-Ass Tank
hbm:machine_orbus, Heavy Magnetic Storage Tank
hbm:cm_block:0, Steel Machine Casing
hbm:cm_block:1, Bronze Machine Casing
hbm:cm_block:2, Desh Machine Casing
hbm:cm_block:3, Technetium Steel Machine Casing
hbm:cm_sheet:0, Steel Sheet
hbm:cm_sheet:1, Bronze Sheet
hbm:cm_sheet:2, Desh Sheet
hbm:cm_sheet:3, Technetium Steel Sheet
hbm:cm_engine:0, Motor Block
hbm:cm_engine:1, Desh Motor Block
hbm:cm_engine:2, Bismuth Motor Block
hbm:cm_tank:0, Steel Tank
hbm:cm_tank:1, Bronze Tank
hbm:cm_tank:2, Desh Tank
hbm:cm_tank:3, Technetium Steel Tank
hbm:cm_circuit:0, Tier 1 Circuit Block
hbm:cm_circuit:1, Tier 2 Circuit Block
hbm:cm_circuit:2, Tier 3 Circuit Block
hbm:cm_circuit:3, Tier 4 Circuit Block
hbm:cm_circuit:4, Tier 5 Circuit Block
hbm:cm_port:0, Steel Port
hbm:cm_port:1, Bronze Port
hbm:cm_port:2, Desh Port
hbm:cm_port:3, Technetium Steel Port
hbm:cm_flux, Neutron Flux Receiver
hbm:cm_heat, Heat Receiver
hbm:custom_machine:100, Paper Press
hbm:custom_machine_anchor, Custom Machine Structure Positioning Anchor
hbm:machine_armor_table, Armor Modification Table
hbm:machine_weapon_table, Weapon Modification Table
hbm:turret_arty, Artillery Turret "Greg"
hbm:turret_himars, Rocket Artillery Turret "Henry"
hbm:turret_chekhov, Heavy Machine Gun Turret "Chekhov's Gun"
hbm:turret_friendly, Chaingun Turret "Mister Friendly"
hbm:turret_jeremy, Autocannon Turret "Jeremy"
hbm:turret_tauon, XVL1456 Prototype Turret "Tauon"
hbm:turret_richard, Rocket Launcher Turret "Richard"
hbm:turret_howard, Goalkeeper Twin Chaingun CIWS "Howard"
hbm:turret_howard_damaged, Goalkeeper Twin Chaingun CIWS "Methusalem"
hbm:turret_maxwell, High-Energy MASER Turret "Maxwell"
hbm:turret_fritz, Heavy Flamethrower Turret "Fritz"
hbm:turret_sentry, Sentry Turret "Brown"
hbm:turret_sentry_damaged, Sentry Turret "Edwin"
hbm:rail_highspeed, High Speed Rail
hbm:rail_booster, High Speed Booster Rail
hbm:machine_siren, Siren
hbm:broadcaster_pc, Corrupted Broadcaster
hbm:geiger, Geiger Counter
hbm:hev_battery_block, Suit Battery
hbm:fence_metal:0, Chainlink Fence
hbm:fence_metal:1, Chainlink Fence Post
hbm:ash_digamma, Ash
hbm:sand_boron, Boron Sand
hbm:sand_lead, Lead Sand
hbm:sand_uranium, Uranium Sand
hbm:sand_polonium, Polonium Sand
hbm:sand_quartz, Quartz Sand
hbm:sand_gold, Gold Sand
hbm:sand_gold198, Gold-198 Sand
hbm:glass_uranium, Uranium Glass
hbm:glass_trinitite, Trinity Glass
hbm:glass_polonium, Polonium Glass
hbm:glass_boron, Boron Glass
hbm:glass_lead, Lead Glass
hbm:glass_ash, Ash Glass
hbm:glass_quartz, Quartz Glass
hbm:glass_polarized, Polarized Glass
hbm:seal_frame, Silo Hatch Frame
hbm:seal_controller, Silo Hatch Opener
hbm:seal_hatch, Silo Hatch
hbm:silo_hatch_drillgon, tile.silo_hatch_drillgon.name
hbm:vault_door, Vault-Tec Blast Door
hbm:blast_door, Sliding Blast Door
hbm:sliding_blast_door_legacy, tile.sliding_blast_door_legacy.name
hbm:sliding_blast_door_2, Sideways Sliding Blast Door
hbm:sliding_blast_door_keypad, tile.sliding_blast_door_keypad.name
hbm:sliding_blast_door, Sliding Blast Door
hbm:small_hatch, Small Hatch
hbm:sliding_seal_door, Sliding Seal Door
hbm:sliding_gate_door, Small QE Containment Door
hbm:qe_containment, QE Containment Door
hbm:qe_sliding, QE Sliding Door
hbm:fire_door, Fire Door
hbm:water_door, Water Door
hbm:large_vehicle_door, Large Vehicle Door
hbm:round_airlock_door, Round Airlock Door
hbm:secure_access_door, Secure Access Door
hbm:transition_seal, Transition Seal
hbm:silo_hatch, Silo Hatch
hbm:silo_hatch_large, Large Silo Hatch
hbm:keypad_test, tile.keypad_test.name
hbm:barbed_wire, Barbed Wire
hbm:barbed_wire_fire, Flaming Barbed Wire
hbm:barbed_wire_poison, Poisoned Barbed Wire
hbm:barbed_wire_acid, Caustic Barbed Wire
hbm:barbed_wire_wither, Withered Barbed Wire
hbm:barbed_wire_ultradeath, Radioactive Barbed Wire
hbm:spikes, Spikes
hbm:charger, Charging Station
hbm:refueler, Refueling Station
hbm:crate, Supply Crate
hbm:crate_weapon, Weapon Crate
hbm:crate_lead, Hazmat Crate
hbm:crate_metal, Machine Crate
hbm:crate_red, Red Crate
hbm:crate_iron, Iron Crate
hbm:crate_steel, Steel Crate
hbm:crate_desh, Desh Crate
hbm:crate_template, Template Crate
hbm:crate_tungsten, Tungsten Crate
hbm:crate_can, Conserve Crate
hbm:crate_jungle, Enargite Crate
hbm:crate_ammo, Starmetal Crate
hbm:safe, Safe
hbm:mass_storage, Mass Storage Unit
hbm:mass_storage_wood, Mass Storage Unit
hbm:mass_storage_iron, Mass Storage Unit
hbm:mass_storage_desh, Mass Storage Unit
hbm:machine_keyforge, Locksmith Table
hbm:machine_solar_boiler, Solar Tower Boiler
hbm:solar_mirror, Heliostat Mirror
hbm:machine_telelinker, Turret Telemetry Linker
hbm:machine_satlinker, Satellite ID Manager
hbm:sat_dock, Cargo Landing Pad
hbm:soyuz_capsule, Cargo Landing Capsule
hbm:crate_supply, Supply Crate
hbm:book_guide, Hbm's Nuclear Tech Mod Manual [LEGACY]
hbm:machine_steam_engine, Steam Engine
hbm:machine_battery_socket, Battery Socket
hbm:machine_battery_redd, FEnSU
hbm:machine_battery_potato, Potato Battery Block (LEGACY)
hbm:machine_battery, Energy Storage Block (LEGACY)
hbm:machine_lithium_battery, Li-Ion Energy Storage Block
hbm:machine_schrabidium_battery, Schrabidium Energy Storage Block
hbm:machine_dineutronium_battery, Spark Energy Storage Block
hbm:machine_fensu, FEnSU
hbm:machine_transformer, 10k-20Hz Transformer
hbm:machine_transformer_20, 10k-1Hz Transformer
hbm:machine_transformer_dnt, DNT-20Hz Transformer
hbm:machine_transformer_dnt_20, DNT-1Hz Transformer
hbm:press_preheater, Burner Press Preheater
hbm:machine_press, Burner Press
hbm:machine_epress, Electric Press
hbm:machine_conveyor_press, Conveyor Press
hbm:machine_reactor_small_new, Research Reactor
hbm:machine_reactor_breeding, Breeding Reactor
hbm:machine_ammo_press, Ammo Press
hbm:machine_zirnox, ZIRNOX Nuclear Reactor
hbm:zirnox_destroyed, Destroyed ZIRNOX
hbm:machine_controller, Reactor Remote Control Block
hbm:machine_difurnace_on, Blast Furnace (LEGACY)
hbm:machine_difurnace_off, Blast Furnace (LEGACY)
hbm:machine_difurnace_ext, Blast Furnace Extension (LEGACY)
hbm:machine_difurnace_rtg_on, Nuclear Blast Furnace (LEGACY)
hbm:machine_difurnace_rtg_off, Nuclear Blast Furnace (LEGACY)
hbm:machine_diesel, Diesel Generator
hbm:machine_generator, Nuclear Reactor (Old)
hbm:rbmk_blank, RBMK Structural Column
hbm:rbmk_rod, RBMK Fuel Channel
hbm:rbmk_rod_mod, RBMK Moderated Fuel Channel
hbm:rbmk_rod_reasim, RBMK Fuel Channel (ReaSim)
hbm:rbmk_rod_reasim_mod, RBMK Moderated Fuel Channel (ReaSim)
hbm:rbmk_control, RBMK Control Rods
hbm:rbmk_control_mod, RBMK Moderated Control Rods
hbm:rbmk_control_auto, RBMK Automatic Control Rods
hbm:rbmk_control_reasim, RBMK Control Rods (ReaSim)
hbm:rbmk_control_reasim_auto, RBMK Automatic Control Rods (ReaSim)
hbm:rbmk_boiler, RBMK Steam Channel
hbm:rbmk_heater, RBMK Fluid Heater
hbm:rbmk_reflector, RBMK Tungsten Carbide Neutron Reflector
hbm:rbmk_absorber, RBMK Boron Neutron Absorber
hbm:rbmk_moderator, RBMK Graphite Moderator
hbm:rbmk_outgasser, RBMK Irradiation Channel
hbm:rbmk_cooler, RBMK Cooler
hbm:rbmk_storage, RBMK Storage Column
hbm:rbmk_console, RBMK Console
hbm:rbmk_crane_console, RBMK Crane Console
hbm:rbmk_display_blank, Blank Redstone-over-Radio Panel
hbm:rbmk_display, RBMK Display Panel
hbm:rbmk_key_pad, Redstone-over-Radio Keypad
hbm:rbmk_gauge, Redstone-over-Radio Gauge
hbm:rbmk_numitron, Redstone-over-Radio Numeric Display
hbm:rbmk_graph, Redstone-over-Radio Graph
hbm:rbmk_lever, Redstone-over-Radio Lever
hbm:rbmk_indicator, Redstone-over-Radio Indicator Lights
hbm:rbmk_terminal, Redstone-over-Radio Terminal
hbm:rbmk_autoloader, RBMK Autoloader
hbm:rbmk_loader, RBMK Steam Connector
hbm:rbmk_steam_inlet, RBMK ReaSim Water Inlet
hbm:rbmk_steam_outlet, RBMK ReaSim Steam Outlet
hbm:pribris, RBMK Debris
hbm:pribris_burning, Flaming RBMK Debris
hbm:pribris_radiating, Smoldering RBMK Debris
hbm:pribris_digamma, Blackened RBMK Debris
hbm:block_corium, Corium
hbm:block_corium_cobble, Corebblestone
hbm:machine_assembly_machine, Assembly Machine
hbm:machine_assembly_factory, Assembly Factory
hbm:machine_precass, Precision Assembly Machine
hbm:machine_arc_welder, Arc Welder
hbm:machine_soldering_station, Soldering Station
hbm:machine_chemical_plant, Chemical Plant
hbm:machine_chemical_factory, Chemical Factory
hbm:machine_purex, PUREX
hbm:machine_strand_caster, Strand Caster
hbm:machine_mixer, Industrial Mixer
hbm:machine_turbine, Steam Turbine
hbm:machine_large_turbine, Industrial Steam Turbine
hbm:machine_industrial_turbine, Industrial Steam Turbine
hbm:machine_chungus, Leviathan Steam Turbine
hbm:machine_condenser, Steam Condenser
hbm:machine_condenser_powered, High-Power Steam Condenser
hbm:machine_tower_small, Auxiliary Cooling Tower
hbm:machine_tower_large, Cooling Tower
hbm:machine_deuterium_extractor, Deuterium Extractor
hbm:machine_deuterium_tower, Deuterium Extraction Tower
hbm:machine_liquefactor, Industrial Liquefaction Machine
hbm:machine_solidifier, Industrial Solidification Machine
hbm:machine_intake, Air Intake
hbm:machine_compressor, Compressor
hbm:machine_compressor_compact, Compact Compressor
hbm:machine_electrolyser, Electrolysis Machine
hbm:machine_autocrafter, Automatic Crafting Table
hbm:machine_funnel, Combinator Funnel
hbm:anvil_iron, Iron Anvil
hbm:anvil_lead, Lead Anvil
hbm:anvil_steel, Steel Anvil
hbm:anvil_desh, Desh Anvil
hbm:anvil_ferrouranium, Ferrouranium Anvil
hbm:anvil_saturnite, Saturnite Anvil
hbm:anvil_bismuth_bronze, Bismuth Bronze Anvil
hbm:anvil_arsenic_bronze, Arsenic Bronze Anvil
hbm:anvil_schrabidate, Ferric Schrabidate Anvil
hbm:anvil_dnt, Dineutronium Anvil
hbm:anvil_osmiridium, Osmiridium Anvil
hbm:anvil_murky, Murky Anvil
hbm:conveyor, Conveyor Belt
hbm:conveyor_double, Double-Lane Conveyor Belt
hbm:conveyor_triple, Triple-Lane Conveyor Belt
hbm:conveyor_express, Express Conveyor Belt
hbm:conveyor_chute, Conveyor Chute
hbm:conveyor_lift, Conveyor Chain Lift
hbm:crane_ejector, Conveyor Ejector
hbm:crane_inserter, Conveyor Inserter
hbm:crane_splitter, Conveyor Splitter
hbm:crane_partitioner, Acidizer Input Partitioner
hbm:crane_boxer, Conveyor Boxer
hbm:crane_unboxer, Conveyor Unboxer
hbm:crane_router, Conveyor Sorter
hbm:crane_grabber, Conveyor Grabber
hbm:fan, Fan
hbm:drone_waypoint, Transport Drone Waypoint
hbm:drone_crate, Transport Drone Crate
hbm:drone_waypoint_request, Logistics Drone Waypoint
hbm:drone_dock, Logistics Drone Dock
hbm:drone_crate_provider, Logistics Provider Crate
hbm:drone_crate_requester, Logistics Requester Crate
hbm:machine_furnace_brick_off, Bricked Furnace
hbm:machine_furnace_brick_on, Bricked Furnace
hbm:machine_rtg_furnace_off, RTG Furnace
hbm:machine_rtg_furnace_on, RTG Furnace
hbm:launch_pad, Silo Launch Pad
hbm:launch_pad_rusted, Old Launch Pad
hbm:launch_pad_large, Launch Pad
hbm:machine_centrifuge, Centrifuge
hbm:machine_gascent, Gas Centrifuge
hbm:machine_silex, Laser Isotope Separation Chamber (SILEX)
hbm:machine_rotary_furnace, Rotary Furnace
hbm:machine_blast_furnace, Blast Furnace
hbm:machine_fel, FEL
hbm:machine_crystallizer, Ore Acidizer
hbm:machine_shredder, Shredder
hbm:machine_waste_drum, Spent Fuel Pool Drum
hbm:machine_storage_drum, Nuclear Waste Disposal Drum
hbm:machine_well, Oil Derrick
hbm:machine_pumpjack, Pumpjack
hbm:machine_fracking_tower, Hydraulic Fracking Tower
hbm:oil_pipe, Crude Oil Extraction Pipe
hbm:machine_flare, Flare Stack
hbm:chimney_brick, Smokestack
hbm:chimney_industrial, Industrial Smokestack
hbm:drill_pipe, Drill Pipe
hbm:machine_autosaw, Automatic Buzz Saw
hbm:machine_excavator, Large Mining Drill
hbm:machine_ore_slopper, Bedrock Ore Processor
hbm:machine_annihilator, Annihilator
hbm:machine_mining_laser, Mining Laser
hbm:sandbags, Sandbags
hbm:machine_turbofan, Turbofan
hbm:machine_wood_burner, Wood-Burning Generator
hbm:machine_turbine_gas, Combined Cycle Gas Turbine
hbm:machine_combustion_engine, Industrial Combustion Engine
hbm:machine_teleporter, Teleporter
hbm:teleanchor, Teleportation Anchor
hbm:field_disturber, High Energy Field Jammer
hbm:machine_forcefield, Forcefield Emitter
hbm:machine_radar, Radar
hbm:machine_radar_large, Large Radar
hbm:radar_screen, Radar Screen
hbm:radiobox, Rosenberg Pest Control Box
hbm:radiorec, FM Radio
hbm:bm_power_box, Black Mesa Power Switch
hbm:tesla, Tesla Coil
hbm:machine_fraction_tower, Fractioning Tower
hbm:fraction_spacer, Fractioning Tower Separator
hbm:machine_catalytic_cracker, Catalytic Cracking Tower
hbm:machine_vacuum_distill, Vacuum Refinery
hbm:machine_refinery, Oil Refinery
hbm:machine_catalytic_reformer, Catalytic Reformer
hbm:machine_hydrotreater, Hydrotreater
hbm:machine_coker, Coker Unit
hbm:machine_pyrooven, Pyrolysis Oven
hbm:machine_electric_furnace_off, Electric Furnace
hbm:machine_electric_furnace_on, Electric Furnace
hbm:machine_arc_furnace, Electric Arc Furnace
hbm:machine_microwave, Microwave
hbm:capacitor_bus, Capacitor Bus
hbm:capacitor_copper, Copper Capacitor
hbm:capacitor_gold, Golden Capacitor
hbm:capacitor_niobium, Niobium Capacitor
hbm:capacitor_tantalium, Tantalium Capacitor
hbm:capacitor_schrabidate, Schrabidate Capacitor
hbm:machine_cyclotron, Cyclotron
hbm:machine_exposure_chamber, Exposure Chamber
hbm:machine_radgen, Radiation-Powered Engine
hbm:pump_steam, Steam-Powered Groundwater Pump
hbm:pump_electric, Electric Groundwater Pump
hbm:heater_firebox, Firebox
hbm:heater_oven, Heating Oven
hbm:heater_oilburner, Fluid Burner
hbm:heater_electric, Electric Heater
hbm:heater_heatex, Heat Exchanging Heater
hbm:machine_ashpit, Ashpit
hbm:furnace_iron, Iron Furnace
hbm:furnace_steel, Steel Furnace
hbm:furnace_combination, Combination Oven
hbm:machine_stirling:0, Stirling Engine
hbm:machine_stirling_steel:0, Heavy Stirling Engine
hbm:machine_stirling_creative:0, Creative Stirling Engine
hbm:machine_sawmill, Stirling Sawmill
hbm:heat_boiler, Large Boiler
hbm:machine_crucible, Crucible
hbm:foundry_mold, Shallow Foundry Basin
hbm:foundry_basin, Foundry Basin
hbm:foundry_channel, Foundry Channel
hbm:foundry_outlet, Foundry Outlet
hbm:foundry_slagtap, Foundry Spill Outlet
hbm:slag, tile.slag.name
hbm:machine_industrial_boiler, Industrial Boiler
hbm:radsensor, Radiation Sensor
hbm:machine_rtg_grey, RT Generator
hbm:machine_minirtg, Radio Isotope Cell
hbm:rtg_polonium, PT Isotope Cell
hbm:machine_radiolysis, Radioisotope Thermoelectric Generator and Radiolysis Chamber
hbm:machine_hephaestus, Geothermal Heat Exchanger
hbm:muffler, Muffler
hbm:struct_launcher, Launch Pad Component Block
hbm:struct_scaffold, Launch Pad Scaffold Block
hbm:struct_launcher_core, Compact Launcher Core Component
hbm:struct_launcher_core_large, Launch Table Core Component
hbm:struct_soyuz_core, Soyuz Launcher Core Component
hbm:struct_torus_core, Fusion Reactor Vessel Core Component
hbm:struct_watz_core, Watz Powerplant Core Component
hbm:struct_icf_core, Inertial Confinement Fusion Reactor Core Component
hbm:wood_barrier, Wooden Barrier
hbm:pwr_fuelrod, PWR Fuel Rod
hbm:pwr_control, PWR Control Rod
hbm:pwr_channel, PWR Coolant Channel
hbm:pwr_heatex, PWR Heat Exchanger
hbm:pwr_heatsink, PWR Heatsink
hbm:pwr_neutron_source, PWR Neutron Source
hbm:pwr_reflector, PWR Neutron Reflector
hbm:pwr_casing, PWR Pressure Vessel
hbm:pwr_port, PWR Access Port
hbm:pwr_controller, PWR Controller
hbm:pwr_block, PWR
hbm:fusion_heater, Plasma Heater Component
hbm:fusion_hatch, Duct Deco Block
hbm:fusion_core_block, Fusion Reactor Control
hbm:iter, Fusion Reactor
hbm:plasma_heater, Plasma Heater
hbm:fusion_component:0, Superconducting BSCCO Coils
hbm:fusion_component:1, Fusion Reactor Blanket
hbm:fusion_component:2, Welded BSCCO Coils
hbm:fusion_component:3, Fusion Reactor Piping
hbm:fusion_torus, Fusion Reactor Vessel
hbm:fusion_klystron, Klystron
hbm:fusion_klystron_creative, Creative Klystron
hbm:fusion_breeder, Fusion Reactor Breeding Chamber
hbm:fusion_collector, Fusion Reactor Collector Chamber
hbm:fusion_boiler, Fusion Reactor Boiler
hbm:fusion_mhdt, MHD Turbine
hbm:fusion_coupler, Fusion Reactor Plasma Coupler
hbm:fusion_plasma_forge, Plasma Forge
hbm:machine_icf_press, ICF Fuel Pellet Maker
hbm:icf, Inertial Confinement Fusion Reactor (ICF)
hbm:icf_component:0, ICF Stability Element
hbm:icf_component:1, ICF Containment Vessel Wall
hbm:icf_component:2, ICF Containment Vessel Wall (Welded)
hbm:icf_component:3, ICF Casing
hbm:icf_component:4, ICF Casing (Riveted)
hbm:icf_controller, ICF Laser Controller
hbm:icf_laser_component:0, ICF Laser Casing
hbm:icf_laser_component:1, ICF Laser Port
hbm:icf_laser_component:2, ICF Laser Cell
hbm:icf_laser_component:3, ICF Laser Flash Tube
hbm:icf_laser_component:4, ICF Laser Capacitor
hbm:icf_laser_component:5, ICF Laser Turbocharger
hbm:icf_block, ICF Laser
hbm:watz_element, Watz Reaction Chamber
hbm:watz_cooler, Watz Reactor Supercooler
hbm:watz_casing:0, Watz Stability Element
hbm:watz_casing:1, Watz Stability Element (Riveted)
hbm:watz, Watz Powerplant
hbm:watz_pump, Watz Pressure Pump
hbm:dfc_emitter, DFC Emitter
hbm:dfc_injector, DFC Fuel Injector
hbm:dfc_receiver, DFC Receiver
hbm:dfc_stabilizer, DFC Stabilizer
hbm:dfc_core, Dark Fusion Core
hbm:hadron_plating, Particle Accelerator Plating
hbm:hadron_plating_blue, Particle Accelerator Plating (Blue)
hbm:hadron_plating_black, Particle Accelerator Plating (Black)
hbm:hadron_plating_yellow, Particle Accelerator Plating (YelloDye)
hbm:hadron_plating_striped, Particle Accelerator Plating (Cool Hazard Stripes)
hbm:hadron_plating_voltz, Particle Accelerator Plating (VOLTZ)
hbm:hadron_plating_glass, Particle Accelerator Plating (Window)
hbm:hadron_coil_alloy, Dense Superconducting Coil
hbm:hadron_coil_gold, Dense Gold Coil
hbm:hadron_coil_neodymium, Dense Neodymium Coil
hbm:hadron_coil_magtung, Dense 4000K Superconductor Coil
hbm:hadron_coil_schrabidium, Dense Schrabidic Coil
hbm:hadron_coil_schrabidate, Dense Schrabidate Coil
hbm:hadron_coil_starmetal, Dense Starmetal Coil
hbm:hadron_coil_chlorophyte, Dense Chlorophyte Coil
hbm:hadron_coil_mese, Dense Mese Coil
hbm:hadron_diode, Schottky Particle Diode
hbm:hadron_analysis, Particle Accelerator Analysis Chamber Wall
hbm:hadron_analysis_glass, Particle Accelerator Analysis Chamber Window
hbm:hadron_access, Particle Accelerator Access Terminal
hbm:hadron_core, Particle Accelerator Core Component
hbm:hadron_power, Particle Accelerator Power Plug (1MHE)
hbm:pa_source, Particle Source
hbm:pa_beamline, Beamline
hbm:pa_rfc, RF Cavity
hbm:pa_quadrupole, Quadrupole Magnets
hbm:pa_dipole, Dipole Magnets
hbm:pa_detector, Particle Detector
hbm:machine_missile_assembly, Missile Assembly Station
hbm:compact_launcher, Compact Launch Pad
hbm:launch_table, Large Launch Pad
hbm:soyuz_launcher, Soyuz Launch Platform
hbm:deco_sat_mapper, Surface Mapping Satellite (Deco Block)
hbm:deco_sat_radar, Radar Survey Satellite (Deco Block)
hbm:deco_sat_scanner, Satellite with Depth-Resource Scanning Module (Deco Block)
hbm:deco_sat_laser, Orbital Death Ray (Deco Block)
hbm:deco_sat_foeq, PEAF - Mk.I FOEQ Duna Probe with experimental Nuclear Propulsion (Deco Block)
hbm:deco_sat_resonator, Xenium Resonator Satellite (Deco Block)
hbm:rad_absorber:0, Radiation Absorber
hbm:rad_absorber:1, Enhanced Radiation Absorber
hbm:rad_absorber:2, Advanced Radiation Absorber
hbm:rad_absorber:3, Elite Radiation Absorber
hbm:absorber, Radiation Absorber (LEGACY)
hbm:absorber_red, Enhanced Radiation Absorber (LEGACY)
hbm:absorber_green, Advanced Radiation Absorber (LEGACY)
hbm:absorber_pink, Elite Radiation Absorber (LEGACY)
hbm:decon, Player Decontaminator
hbm:decon_digamma, Digamma Decontaminator
hbm:volcano_core:0, Volcano Core
hbm:volcano_core:1, Volcano Core
hbm:volcano_core:2, Volcano Core
hbm:volcano_core:3, Volcano Core
hbm:volcano_core:4, Volcano Core
hbm:volcano_rad_core:0, Rad Volcano Core
hbm:volcano_rad_core:1, Rad Volcano Core
hbm:volcano_rad_core:2, Rad Volcano Core
hbm:volcano_rad_core:3, Rad Volcano Core
hbm:volcano_rad_core:4, Rad Volcano Core
hbm:taint, Taint
hbm:residue, Cloud Residue
hbm:vent_chlorine, Chlorine Vent
hbm:vent_cloud, Cloud Vent
hbm:vent_pink_cloud, Pink Cloud Vent
hbm:vent_chlorine_seal, Chlorine Seal
hbm:chlorine_gas, Chlorine Gas
hbm:stone_resource:0, Sulfurous Stone
hbm:stone_resource:1, Chrysotile
hbm:stone_resource:2, Hematite
hbm:stone_resource:3, Malachite
hbm:stone_resource:4, Limestone
hbm:stone_resource:5, Bauxite
hbm:stalagmite:0, Sulfurous Stalagmite
hbm:stalagmite:1, Asbestos Stalagmite
hbm:stalactite:0, Sulfurous Stalactite
hbm:stalactite:1, Asbestos Stalactite
hbm:gas_radon, Radon Gas
hbm:gas_radon_dense, Dense Radon Gas
hbm:gas_radon_tomb, Tomb Gas
hbm:gas_meltdown, Meltdown Gas
hbm:gas_monoxide, Carbon Monoxide
hbm:gas_asbestos, Airborne Asbestos Particles
hbm:gas_coal, Airborne Coal Dust
hbm:gas_flammable, Flammable Gas
hbm:gas_explosive, Explosive Gas
hbm:ancient_scrap, Ancient Scrap Metal
hbm:railgun_plasma, Railgun
hbm:fluid_duct_paintable, Paintable Coated Universal Fluid Duct
hbm:fluid_duct_gauge, Flow Gauge Pipe
hbm:fluid_valve, Fluid Valve
hbm:fluid_switch, Redstone Fluid Valve
hbm:fluid_counter_valve, Fluid Valve with Counter
hbm:fluid_pump, Flow Control Pump
hbm:machine_drain, Drainage Pipe
hbm:radio_torch_sender, Redstone-over-Radio Transmitter
hbm:radio_torch_receiver, Redstone-over-Radio Receiver
hbm:radio_torch_counter, Redstone-over-Radio Item Counter
hbm:radio_torch_logic, Redstone-over-Radio Logic Receiver
hbm:radio_torch_reader, Redstone-over-Radio Reader
hbm:radio_torch_controller, Redstone-over-Radio Controller
hbm:radio_telex, Telex Machine
hbm:radio_autocal, tile.radio_autocal.name
hbm:cargo_elevator, Cargo Elevator
hbm:fluid_duct_mk2:0, Universal Fluid Duct
hbm:fluid_duct_mk2:1, Universal Fluid Duct
hbm:fluid_duct_mk2:2, Universal Fluid Duct
hbm:fluid_duct_box:0, Universal Fluid Duct (Boxduct)
hbm:fluid_duct_box:1, Universal Fluid Duct (Boxduct)
hbm:fluid_duct_box:2, Universal Fluid Duct (Boxduct)
hbm:fluid_duct_box:3, Universal Fluid Duct (Boxduct)
hbm:fluid_duct_box:4, Universal Fluid Duct (Boxduct)
hbm:fluid_duct_box:5, Universal Fluid Duct (Boxduct)
hbm:fluid_duct_box:6, Universal Fluid Duct (Boxduct)
hbm:fluid_duct_box:7, Universal Fluid Duct (Boxduct)
hbm:fluid_duct_box:8, Universal Fluid Duct (Boxduct)
hbm:fluid_duct_box:9, Universal Fluid Duct (Boxduct)
hbm:fluid_duct_box:10, Universal Fluid Duct (Boxduct)
hbm:fluid_duct_box:11, Universal Fluid Duct (Boxduct)
hbm:fluid_duct_box:12, Universal Fluid Duct (Boxduct)
hbm:fluid_duct_box:13, Universal Fluid Duct (Boxduct)
hbm:fluid_duct_box:14, Universal Fluid Duct (Boxduct)
hbm:fluid_duct_exhaust:0, Exhaust Pipe
hbm:fluid_duct_exhaust:3, Exhaust Pipe
hbm:fluid_duct_exhaust:6, Exhaust Pipe
hbm:fluid_duct_exhaust:9, Exhaust Pipe
hbm:fluid_duct_exhaust:12, Exhaust Pipe
hbm:fluid_duct_paintable_block_exhaust, Paintable Coated Exhaust Pipe
hbm:pipe_anchor:0, Pipe Anchor
hbm:fluid_duct_solid, Coated Universal Fluid Duct (Deprecated)
hbm:fluid_duct_solid_sealed, Rad Sealed Fluid Duct
hbm:pneumatic_tube, Pneumatic Tube
hbm:pneumatic_tube_paintable, Paintable Pneumatic Tube
hbm:pneumatic_storage_access, Pneumatic Storage Access
hbm:pneumatic_storage_clutter, Pneumatic Storage Clutter
hbm:dungeon_chain, Metal Chain
hbm:ladder_sturdy, Sturdy Wooden Ladder
hbm:ladder_iron, Iron Ladder
hbm:ladder_gold, Golden Ladder
hbm:ladder_aluminium, Aluminium Ladder
hbm:ladder_copper, Copper Ladder
hbm:ladder_titanium, Titanium Ladder
hbm:ladder_lead, Lead Ladder
hbm:ladder_cobalt, Cobalt Ladder
hbm:ladder_steel, Steel Ladder
hbm:ladder_tungsten, Tungsten Ladder
hbm:ladder_red, Red Ladder
hbm:ladder_red_top, Red Ladder Top
hbm:trapdoor_steel, Steel Trapdoor
hbm:railing_end_floor, Railing End (Floor)
hbm:railing_end_self, Railing End (Self)
hbm:railing_end_flipped_floor, Railing End Flipped (Floor)
hbm:railing_end_flipped_self, Railing End Flipped (Self)
hbm:railing_normal, Railing
hbm:railing_bend, Railing Bend
hbm:control_panel_custom, Custom Control Panel
hbm:boxcar, Boxcar
hbm:boat, Boat
hbm:null, tile.null.name
hbm:void, tile.void.name
hbm:ngtv, tile.ngtv.name
hbm:undef, tile.undef.name
hbm:dummy_block_uf6, tile.dummy_block_uf6.name
hbm:dummy_block_puf6, tile.dummy_block_puf6.name
hbm:dummy_block_vault, tile.dummy_block_vault.name
hbm:dummy_block_blast, tile.dummy_block_blast.name
hbm:dummy_block_silo_hatch, tile.dummy_block_silo_hatch.name
hbm:dummy_plate_compact_launcher, tile.dummy_plate_compact_launcher.name
hbm:dummy_port_compact_launcher, tile.dummy_port_compact_launcher.name
hbm:dummy_plate_launch_table, tile.dummy_plate_launch_table.name
hbm:dummy_port_launch_table, tile.dummy_port_launch_table.name
hbm:dummy_plate_cargo, tile.dummy_plate_cargo.name
hbm:ntm_dirt, Dirt
hbm:pink_log, Pink Log
hbm:pink_planks, Pink Wood Planks
hbm:pink_slab:0, Pink Wood Slab
hbm:pink_stairs, Pink Wood Stairs
hbm:wand_air, Structure Wand Block (Air)
hbm:wand_loot, Structure Wand Block (Lootable)
hbm:wand_jigsaw, Structure Wand Block (Jigsaw)
hbm:wand_logic, Structure Wand Block (Logic)
hbm:wand_tandem, tile.wand_tandem.name
hbm:logic_block, Dungeon Action Block
hbm:logic_block_invis, tile.logic_block_invis.name
hbm:toxic_block, Stereotypical Green Ooze
hbm:mud_block, Poisonous Mud
hbm:acid_block, Acid
hbm:schrabidic_block, Schrabidic Acid
hbm:corium_block, Corium
hbm:volcanic_lava_block, Volcanic Lava
hbm:rad_lava_block, Volcanic Lava
hbm:sulfuric_acid_block, Sulfuric Acid
hbm:redstone_sword, Redstone Sword
hbm:big_sword, Great Sword
hbm:dosimeter, Dosimeter
hbm:geiger_counter, Handheld Geiger Counter
hbm:digamma_diagnostic, Digamma Diagnostic
hbm:lung_diagnostic, Lung Diagnostic
hbm:screwdriver, Screwdriver
hbm:screwdriver_desh, Desh Screwdriver
hbm:hand_drill, Hand Drill
hbm:hand_drill_desh, Desh Hand Drill
hbm:wrench_archineer, Archineer's Wrench
hbm:boltgun, Pneumatic Rivet Gun
hbm:blowtorch, Blowtorch
hbm:acetylene_torch, Acetylene Welding Torch
hbm:chemistry_set, Laboratory Glassware
hbm:chemistry_set_boron, Laboratory Glassware (Boron Glass)
hbm:reacher, Tungsten Reacher
hbm:bismuth_tool, Magnetic Extractor
hbm:wiring_red_copper, Cable Drum
hbm:survey_scanner, Survey Scanner
hbm:oil_detector, Oil Reservoir Detector
hbm:mirror_tool, Mirror Adjustment Tool
hbm:rbmk_tool, RBMK Console Linking Device
hbm:coltan_tool, Coltass
hbm:power_net_tool, Cable Network Analysis Tool
hbm:analysis_tool, Analysis Tool
hbm:linker, Telelinker
hbm:reactor_sensor, Reactor Remote Sensor
hbm:drone_linker, Transport Drone Linker
hbm:radar_linker, Radar Linker
hbm:settings_tool, Settings Tool
hbm:rtty_pager, Redstone-over-Radio Pager
hbm:pollution_detector, Pollution Detector
hbm:ore_density_scanner, Bedrock Ore Density Scanner
hbm:rebar_placer, Rebar Placer
hbm:syringe_empty, Empty Syringe
hbm:syringe_awesome, AWESOME
hbm:syringe_antidote, Antidote
hbm:syringe_poison, Poisonous Injection
hbm:syringe_metal_empty, Metal Syringe
hbm:syringe_metal_medx, Med-X
hbm:syringe_metal_psycho, Psycho
hbm:syringe_metal_stimpak, Stimpak
hbm:syringe_metal_super, Super Stimpak
hbm:syringe_taint, Watery Taint Injection
hbm:syringe_mkunicorn, MKUNICORN
hbm:med_bag, First Aid Kit
hbm:radx, Rad-X
hbm:siox, SiOX Cancer Medication
hbm:iv_xp_empty, Empty Experience Bag
hbm:pill_herbal, Herbal Paste
hbm:xanax, NAXA Anti-Digamma Medication
hbm:iv_xp, Experience Bag
hbm:fmn, Flunitrazepam Tablet
hbm:five_htp, Enteramine Pills
hbm:iv_empty, IV Bag
hbm:pill_iodine, Iodine Pill
hbm:plan_c, Plan C
hbm:pill_red, Red Pill
hbm:iv_blood, Blood Bag
hbm:stealth_boy, Stealth Device
hbm:jetpack_tank, Jetpack Reserve Fuel Tank
hbm:radaway, RadAway
hbm:gun_kit_1, Gun Oil
hbm:gun_kit_2, Gun Repair Kit
hbm:radaway_strong, Strong RadAway
hbm:euphemium_kit, Euphemium Kit
hbm:cbt_device, CBT Device
hbm:radaway_flush, Elite RadAway
hbm:gas_mask_filter_rag, Makeshift Gas Mask Filter
hbm:gas_mask_filter_piss, Advanced Makeshift Gas Mask Filter
hbm:gas_mask_filter_mono, Catalytic Mask Filter
hbm:gas_mask_filter, Gas Mask Filter
hbm:gas_mask_filter_combo, Gas Mask Combo Filter
hbm:attachment_mask, Gas Mask Attachable
hbm:attachment_mask_mono, Half Mask Attachable
hbm:cigarette, FFI-Brand Cigarette
hbm:crackpipe, Health Pipe
hbm:bdcl, BDCL
hbm:back_tesla, Back-Mounted Tesla Coil
hbm:pads_rubber, Rubber Pads
hbm:pads_slime, Slime Pads
hbm:pads_static, Static Pads
hbm:cladding_paint, Lead Paint
hbm:cladding_rubber, Rubber Cladding
hbm:cladding_lead, Lead Cladding
hbm:cladding_desh, Desh Cladding
hbm:cladding_ghiorsium, Ghiorsium Cladding
hbm:cladding_iron, Iron Cladding
hbm:cladding_obsidian, Obsidian Skin
hbm:insert_kevlar, Kevlar Insert
hbm:insert_sapi, SAPI Insert
hbm:insert_esapi, ESAPI Insert
hbm:insert_xsapi, XSAPI Insert
hbm:insert_steel, Heavy Steel Insert
hbm:insert_du, DU Insert
hbm:insert_polonium, Polonium Insert
hbm:insert_ghiorsium, Ghiorsium Insert
hbm:insert_era, Explosive Reactive Armor Insert
hbm:insert_yharonite, Yharonite Insert
hbm:insert_doxium, Astolfium-Doped Doxium Insert
hbm:armor_polish, ShiningArmor™ Armor Polish
hbm:bandaid, Velvet Band-Aid
hbm:serum, Serum
hbm:quartz_plutonium, Plutonic Quartz
hbm:morning_glory, Morning Glory
hbm:lodestone, Lodestone
hbm:horseshoe_magnet, Horseshoe Magnet
hbm:industrial_magnet, Industrial Magnet
hbm:bathwater, Toxic Soapy Water
hbm:bathwater_mk2, Toxic Soapy Water (Horse Scented)
hbm:spider_milk, Bottle of Spider Milk
hbm:ink, 林 Ink
hbm:heart_piece, Heart Piece
hbm:heart_container, Heart Container
hbm:heart_booster, Heart Booster
hbm:heart_fab, Heart of Darkness
hbm:black_diamond, Black Diamond
hbm:wd40, VT-40
hbm:scrumpy, Bottle of Scrumpy
hbm:wild_p, Wild Pegasus Dry Whiskey
hbm:fabsols_vodka, Fabsol's Vodka
hbm:shackles, Shackles
hbm:injector_5htp, 5-HTP Autoinjector
hbm:injector_knife, 8 Inch Blade Autoinjector
hbm:medal_liquidator, Liquidator Medal
hbm:bottled_cloud, Cloud in a Bottle
hbm:servo_set, Servo Set
hbm:servo_set_desh, Desh Servo Set
hbm:v1, V1
hbm:neutrino_lens, Neutrino Lens
hbm:gas_tester, Gas Sensor
hbm:defuser_gold, Golden Wire Cutter
hbm:ballistic_gauntlet, Ballistic Gauntlet
hbm:night_vision, Night Vision Goggles
hbm:card_aos, Ace of Spades
hbm:card_qos, Queen of Spades
hbm:protection_charm, Charm of Protection
hbm:meteor_charm, Meteor Charm
hbm:stamp_stone_flat, Flat Stamp (Stone)
hbm:stamp_stone_plate, Plate Stamp (Stone)
hbm:stamp_stone_wire, Wire Stamp (Stone)
hbm:stamp_stone_circuit, Circuit Stamp (Stone)
hbm:stamp_iron_flat, Flat Stamp (Iron)
hbm:stamp_iron_plate, Plate Stamp (Iron)
hbm:stamp_iron_wire, Wire Stamp (Iron)
hbm:stamp_iron_circuit, Circuit Stamp (Iron)
hbm:stamp_steel_flat, Flat Stamp (Steel)
hbm:stamp_steel_plate, Plate Stamp (Steel)
hbm:stamp_steel_wire, Wire Stamp (Steel)
hbm:stamp_steel_circuit, Circuit Stamp (Steel)
hbm:stamp_titanium_flat, Flat Stamp (Titanium)
hbm:stamp_titanium_plate, Plate Stamp (Titanium)
hbm:stamp_titanium_wire, Wire Stamp (Titanium)
hbm:stamp_titanium_circuit, Circuit Stamp (Titanium)
hbm:stamp_obsidian_flat, Flat Stamp (Obsidian)
hbm:stamp_obsidian_plate, Plate Stamp (Obsidian)
hbm:stamp_obsidian_wire, Wire Stamp (Obsidian)
hbm:stamp_obsidian_circuit, Circuit Stamp (Obsidian)
hbm:stamp_desh_flat, Flat Stamp (Desh)
hbm:stamp_desh_plate, Plate Stamp (Desh)
hbm:stamp_desh_wire, Wire Stamp (Desh)
hbm:stamp_desh_circuit, Circuit Stamp (Desh)
hbm:stamp_desh_357, .357 Magnum Stamp (Desh)
hbm:stamp_desh_44, .44 Magnum Stamp (Desh)
hbm:stamp_desh_9, Small Caliber Stamp (Desh)
hbm:stamp_desh_50, Large Caliber Stamp (Desh)
hbm:stamp_357, .357 Magnum Stamp
hbm:stamp_44, .44 Magnum Stamp
hbm:stamp_9, Small Caliber Stamp
hbm:stamp_50, Large Caliber Stamp
hbm:stamp_book:0, Printing Press Stamp (Part 1)
hbm:stamp_book:1, Printing Press Stamp (Part 2)
hbm:stamp_book:2, Printing Press Stamp (Part 3)
hbm:stamp_book:3, Printing Press Stamp (Part 4)
hbm:stamp_book:4, Printing Press Stamp (Part 5)
hbm:stamp_book:5, Printing Press Stamp (Part 6)
hbm:stamp_book:6, Printing Press Stamp (Part 7)
hbm:stamp_book:7, Printing Press Stamp (Part 8)
hbm:blades_steel, Steel Shredder Blades
hbm:blades_titanium, Titanium Shredder Blades
hbm:blades_desh, Desh Shredder Blades
hbm:fuse, Fuse
hbm:redcoil_capacitor, Redcoil Capacitor
hbm:euphemium_capacitor, Euphemium Capacitor
hbm:overfuse, Singularity Screwdriver
hbm:arc_electrode:0, Graphite Electrode
hbm:arc_electrode:1, Lanthanium Electrode
hbm:arc_electrode:2, Desh Electrode
hbm:arc_electrode:3, Saturnite Electrode
hbm:arc_electrode_burnt:0, Molten Graphite Electrode
hbm:arc_electrode_burnt:1, Molten Lanthanium Electrode
hbm:arc_electrode_burnt:2, Molten Desh Electrode
hbm:arc_electrode_burnt:3, Molten Saturnite Electrode
hbm:piston_selenium, Combustion Engine Piston
hbm:piston_set:0, Steel Piston Set
hbm:piston_set:1, High-Speed Steel Piston Set
hbm:piston_set:2, Desh Piston Set
hbm:piston_set:3, Starmetal Piston Set
hbm:drillbit:0, Steel Drillbit
hbm:drillbit:1, Steel Drillbit (Diamond-Tipped)
hbm:drillbit:2, High-Speed Steel Drillbit
hbm:drillbit:3, High-Speed Steel Drillbit (Diamond-Tipped)
hbm:drillbit:4, Desh Drillbit
hbm:drillbit:5, Desh Drillbit (Diamond-Tipped)
hbm:drillbit:6, Technetium Steel Drillbit
hbm:drillbit:7, Technetium Steel Drillbit (Diamond-Tipped)
hbm:drillbit:8, Ferrouranium Drillbit
hbm:drillbit:9, Ferrouranium Drillbit (Diamond-Tipped)
hbm:thermo_element, Thermoelectric Element
hbm:catalytic_converter, Catalytic Converter
hbm:part_lithium, Box of Lithium Dust
hbm:part_beryllium, Box of Beryllium Dust
hbm:part_carbon, Box of Carbon Dust
hbm:part_copper, Box of Copper Dust
hbm:part_plutonium, Box of Plutonium Dust
hbm:fusion_shield_tungsten, Tungsten Fusion Reactor Blanket
hbm:fusion_shield_desh, Desh Fusion Reactor Blanket
hbm:fusion_shield_chlorophyte, Chlorophyte-Metallized Fusion Reactor Blanket
hbm:fusion_shield_vaporwave, Vaporwave Fusion Reactor Blanket
hbm:battery_sc:0, Empty Self-Charging Battery
hbm:battery_sc:1, Spent Fuel Self-Charging Battery
hbm:battery_sc:2, Radium-226 Self-Charging Battery
hbm:battery_sc:3, Technetium-99 Self-Charging Battery
hbm:battery_sc:4, Cobalt-60 Self-Charging Battery
hbm:battery_sc:5, Plutonium-238 Self-Charging Battery
hbm:battery_sc:6, Polonium-210 Self-Charging Battery
hbm:battery_sc:7, Gold-198 Self-Charging Battery
hbm:battery_sc:8, Lead-209 Self-Charging Battery
hbm:battery_sc:9, Americium-241 Self-Charging Battery
hbm:battery_sc_uranium, Self-Charging Uranium-238 Battery (LEGACY)
hbm:battery_sc_technetium, Self-Charging Technetium-99 Battery (LEGACY)
hbm:battery_sc_plutonium, Self-Charging Plutonium-238 Battery (LEGACY)
hbm:battery_sc_polonium, Self-Charging Polonium-210 Battery (LEGACY)
hbm:battery_sc_gold, Self-Charging Gold-198 Battery (LEGACY)
hbm:battery_sc_lead, Self-Charging Lead-209 Battery (LEGACY)
hbm:battery_sc_americium, Self-Charging Americium-241 Battery (LEGACY)
hbm:battery_pack:0, Redstone Battery
hbm:battery_pack:0, Redstone Battery
hbm:battery_pack:1, Lead-Acid Battery
hbm:battery_pack:1, Lead-Acid Battery
hbm:battery_pack:2, Lithium-Ion Battery
hbm:battery_pack:2, Lithium-Ion Battery
hbm:battery_pack:3, Sodium-Iron Battery
hbm:battery_pack:3, Sodium-Iron Battery
hbm:battery_pack:4, Schrabidium Battery
hbm:battery_pack:4, Schrabidium Battery
hbm:battery_pack:5, Quantum Battery
hbm:battery_pack:5, Quantum Battery
hbm:battery_pack:6, Copper Capacitor
hbm:battery_pack:6, Copper Capacitor
hbm:battery_pack:7, Gold Capacitor
hbm:battery_pack:7, Gold Capacitor
hbm:battery_pack:8, Niobium Capacitor
hbm:battery_pack:8, Niobium Capacitor
hbm:battery_pack:9, Tantalum Capacitor
hbm:battery_pack:9, Tantalum Capacitor
hbm:battery_pack:10, Bismuth Capacitor
hbm:battery_pack:10, Bismuth Capacitor
hbm:battery_pack:11, Spark Capacitor
hbm:battery_pack:11, Spark Capacitor
hbm:battery_creative, Infinite Battery
hbm:battery_generic, Battery (LEGACY)
hbm:battery_red_cell, Redstone Power Cell (LEGACY)
hbm:battery_red_cell_6, Sixfold Redstone Power Cell (LEGACY)
hbm:battery_red_cell_24, 24-Fold Redstone Power Cell (LEGACY)
hbm:battery_advanced, Advanced Battery (LEGACY)
hbm:battery_advanced_cell, Advanced Power Cell (LEGACY)
hbm:battery_advanced_cell_4, Quadruple Advanced Power Cell (LEGACY)
hbm:battery_advanced_cell_12, Twelvefold Advanced Power Cell (LEGACY)
hbm:battery_lithium, Lithium-Ion Battery (LEGACY)
hbm:battery_lithium_cell, Lithium-Ion Power Cell (LEGACY)
hbm:battery_lithium_cell_3, Triple Lithium-Ion Power Cell (LEGACY)
hbm:battery_lithium_cell_6, Sixfold Lithium-Ion Power Cell (LEGACY)
hbm:battery_schrabidium, Schrabidium Battery (LEGACY)
hbm:battery_schrabidium_cell, Schrabidium Power Cell (LEGACY)
hbm:battery_schrabidium_cell_2, Double Schrabidium Power Cell (LEGACY)
hbm:battery_schrabidium_cell_4, Quadruple Schrabidium Power Cell (LEGACY)
hbm:battery_trixite, Off-Brand Spark Battery
hbm:battery_spark, Spark Battery
hbm:battery_spark_cell_6, Spark Power Cell (LEGACY)
hbm:battery_spark_cell_25, Spark Arcane Car Battery (LEGACY)
hbm:battery_spark_cell_100, Spark Arcane Energy Storage Array (LEGACY)
hbm:battery_spark_cell_1000, Spark Arcane Mass-Energy Void (LEGACY)
hbm:battery_spark_cell_2500, Spark Arcane Dirac Sea (LEGACY)
hbm:battery_spark_cell_10000, Spark Solid Space-Time Crystal (LEGACY)
hbm:battery_spark_cell_power, Spark Ludicrous Physics-Defying Energy Storage Unit (LEGACY)
hbm:battery_potato, Potato Battery
hbm:battery_potatos, PotatOS
hbm:hev_battery, Suit Battery
hbm:fusion_core, Fusion Core
hbm:energy_core, Makeshift Energy Core
hbm:fusion_core_infinite, Infinite Fusion Core
hbm:laser_crystal_co2, CO2-Desh Laser Crystal
hbm:laser_crystal_bismuth, BiSmUTh Laser Crystal
hbm:laser_crystal_cmb, CMB-Schrabidate Antimatter Laser Crystal
hbm:laser_crystal_bale, Spark Laser Crystal
hbm:laser_crystal_digamma, Digamma Laser Crystal
hbm:upgrade_speed_1, Speed Upgrade Mk.I
hbm:upgrade_speed_2, Speed Upgrade Mk.II
hbm:upgrade_speed_3, Speed Upgrade Mk.III
hbm:upgrade_effect_1, Effectiveness Upgrade Mk.I
hbm:upgrade_effect_2, Effectiveness Upgrade Mk.II
hbm:upgrade_effect_3, Effectiveness Upgrade Mk.III
hbm:upgrade_power_1, Power Saving Upgrade Mk.I
hbm:upgrade_power_2, Power Saving Upgrade Mk.II
hbm:upgrade_power_3, Power Saving Upgrade Mk.III
hbm:upgrade_fortune_1, Fortune Upgrade Mk.I
hbm:upgrade_fortune_2, Fortune Upgrade Mk.II
hbm:upgrade_fortune_3, Fortune Upgrade Mk.III
hbm:upgrade_afterburn_1, Afterburner Upgrade Mk.I
hbm:upgrade_afterburn_2, Afterburner Upgrade Mk.II
hbm:upgrade_afterburn_3, Afterburner Upgrade Mk.III
hbm:upgrade_radius, Emitter Radius Upgrade
hbm:upgrade_health, Emitter Health Upgrade
hbm:upgrade_overdrive_1, Overdrive Upgrade Mk.I
hbm:upgrade_overdrive_2, Overdrive Upgrade Mk.II
hbm:upgrade_overdrive_3, Overdrive Upgrade Mk.III
hbm:upgrade_smelter, Smelter Upgrade
hbm:upgrade_shredder, Shredder Upgrade
hbm:upgrade_centrifuge, Centrifuge Upgrade
hbm:upgrade_crystallizer, Crystallizer Upgrade
hbm:upgrade_nullifier, Scrap Destroyer Upgrade
hbm:upgrade_screm, Screaming Scientist Upgrade
hbm:upgrade_gc_speed, Gas Centrifuge Overclocking Upgrade
hbm:upgrade_5g, 5G Radiation Emitter Upgrade
hbm:upgrade_ejector_1, Ejection Speed Upgrade Mk.I
hbm:upgrade_ejector_2, Ejection Speed Upgrade Mk.II
hbm:upgrade_ejector_3, Ejection Speed Upgrade Mk.III
hbm:upgrade_stack_1, Stack Ejection Upgrade Mk.I
hbm:upgrade_stack_2, Stack Ejection Upgrade Mk.II
hbm:upgrade_stack_3, Stack Ejection Upgrade Mk.III
hbm:fuel_additive:0, Tetraethyllead Antiknock Agent
hbm:fuel_additive:1, Deicer
hbm:canister_empty, Empty Canister
hbm:canister_fuel:10, Canister: Crude Oil
hbm:canister_fuel:134, Canister: Desulfurized Crude Oil
hbm:canister_fuel:61, Canister: Cracked Oil
hbm:canister_fuel:136, Canister: Desulfurized Cracked Oil
hbm:canister_fuel:62, Canister: Coal Oil
hbm:canister_fuel:12, Canister: Heavy Oil
hbm:canister_fuel:91, Canister: Vacuum Heavy Oil
hbm:canister_fuel:19, Canister: Naphtha
hbm:canister_fuel:138, Canister: Desulfurized Naphtha
hbm:canister_fuel:64, Canister: Cracked Naphtha
hbm:canister_fuel:92, Canister: Reformate
hbm:canister_fuel:21, Canister: Light Oil
hbm:canister_fuel:139, Canister: Desulfurized Light Oil
hbm:canister_fuel:65, Canister: Cracked Light Oil
hbm:canister_fuel:93, Canister: Vacuum Light Oil
hbm:canister_fuel:13, Canister: Bitumen
hbm:canister_fuel:14, Canister: Industrial Oil
hbm:canister_fuel:15, Canister: Heating Oil
hbm:canister_fuel:96, Canister: Heavy Heating Oil
hbm:canister_fuel:16, Canister: Reclaimed Industrial Oil
hbm:canister_fuel:18, Canister: Engine Lubricant
hbm:canister_fuel:95, Canister: BTX
hbm:canister_fuel:20, Canister: Diesel
hbm:canister_fuel:97, Canister: High-Cetane Diesel
hbm:canister_fuel:66, Canister: Cracked Diesel
hbm:canister_fuel:98, Canister: High-Cetane Cracked Diesel
hbm:canister_fuel:22, Canister: Kerosene
hbm:canister_fuel:99, Canister: Jet Fuel
hbm:canister_fuel:17, Canister: Petroil
hbm:canister_fuel:72, Canister: Leaded Petroil
hbm:canister_fuel:46, Canister: Gasoline
hbm:canister_fuel:73, Canister: Leaded Gasoline
hbm:canister_fuel:47, Canister: Coal Gasoline
hbm:canister_fuel:74, Canister: Leaded Coal Gasoline
hbm:canister_fuel:80, Canister: Coal Tar Creosote
hbm:canister_fuel:79, Canister: Wood Oil
hbm:canister_fuel:27, Canister: Biofuel
hbm:canister_fuel:59, Canister: Ethanol
hbm:canister_fuel:28, Canister: NITAN© 100 Octane Super Fuel
hbm:canister_fuel:81, Canister: Seeding Slurry
hbm:canister_fuel:83, Canister: Solvent
hbm:canister_fuel:49, Canister: Fracking Solution
hbm:canister_fuel:89, Canister: Hydrazine
hbm:canister_fuel:4014, Canister: Elbow Grease
hbm:canister_fuel:4015, Canister: N-MASS(III) Tetrahexaethanol
hbm:canister_fuel:4044, Canister: Blood Fuel
hbm:canister_napalm, Napalm B
hbm:gas_empty, Empty Gas Tank
hbm:gas_full:38, Gas Tank:: Liquid Hydrogen
hbm:gas_full:8, Gas Tank:: Deuterium
hbm:gas_full:9, Gas Tank:: Tritium
hbm:gas_full:57, Gas Tank:: Helium-3
hbm:gas_full:124, Gas Tank:: Helium-4
hbm:gas_full:39, Gas Tank:: Liquid Oxygen
hbm:gas_full:40, Gas Tank:: Xenon Gas
hbm:gas_full:90, Gas Tank:: Chlorine Gas
hbm:gas_full:156, Gas Tank:: Flue Gas
hbm:gas_full:23, Gas Tank:: Natural Gas
hbm:gas_full:24, Gas Tank:: Petroleum Gas
hbm:gas_full:94, Gas Tank:: Sour Gas
hbm:gas_full:86, Gas Tank:: Syngas
hbm:gas_full:67, Gas Tank:: Aromatic Hydrocarbons
hbm:gas_full:68, Gas Tank:: Unsaturated Hydrocarbons
hbm:gas_full:100, Gas Tank:: Reformate Gas
hbm:gas_full:26, Gas Tank:: Biogas
hbm:gas_full:102, Gas Tank:: Phosgene
hbm:gas_full:103, Gas Tank:: Mustard Gas
hbm:cell:0, Empty Cell
hbm:cell:29, Uranium Hexafluoride Cell
hbm:cell:30, Plutonium Hexafluoride Cell
hbm:cell:33, Antimatter Cell
hbm:cell:8, Deuterium Cell
hbm:cell:9, Tritium Cell
hbm:cell:31, Schrabidium Trisulfide Cell
hbm:cell:34, Antischrabidium Cell
hbm:cell_balefire, Gaseous Balefire Cell
hbm:fluid_tank_empty, Empty Universal Fluid Tank
hbm:fluid_tank_full:152, Universal Fluid Tank: Compressed Air
hbm:fluid_tank_full:155, Universal Fluid Tank: Hot Air Blast
hbm:fluid_tank_full:1, Universal Fluid Tank: Water
hbm:fluid_tank_full:60, Universal Fluid Tank: Heavy Water
hbm:fluid_tank_full:125, Universal Fluid Tank: Hot Heavy Water
hbm:fluid_tank_full:7, Universal Fluid Tank: Lava
hbm:fluid_tank_full:2, Universal Fluid Tank: Steam
hbm:fluid_tank_full:3, Universal Fluid Tank: Dense Steam
hbm:fluid_tank_full:4, Universal Fluid Tank: Super Dense Steam
hbm:fluid_tank_full:5, Universal Fluid Tank: Ultra Dense Steam
hbm:fluid_tank_full:55, Universal Fluid Tank: Carbon Dioxide
hbm:fluid_tank_full:6, Universal Fluid Tank: Coolant
hbm:fluid_tank_full:76, Universal Fluid Tank: Hot Coolant
hbm:fluid_tank_full:145, Universal Fluid Tank: Perfluoromethyl
hbm:fluid_tank_full:146, Universal Fluid Tank: Cold Perfluoromethyl
hbm:fluid_tank_full:147, Universal Fluid Tank: Hot Perfluoromethyl
hbm:fluid_tank_full:37, Universal Fluid Tank: Cryogel
hbm:fluid_tank_full:77, Universal Fluid Tank: Mug Root Beer
hbm:fluid_tank_full:78, Universal Fluid Tank: Hot Mug Root Beer
hbm:fluid_tank_full:84, Universal Fluid Tank: Blood
hbm:fluid_tank_full:85, Universal Fluid Tank: Hot Blood
hbm:fluid_tank_full:126, Universal Fluid Tank: Liquid Sodium
hbm:fluid_tank_full:127, Universal Fluid Tank: Hot Liquid Sodium
hbm:fluid_tank_full:143, Universal Fluid Tank: Liquid Lead
hbm:fluid_tank_full:144, Universal Fluid Tank: Hot Liquid Lead
hbm:fluid_tank_full:128, Universal Fluid Tank: Liquid Thorium Salt
hbm:fluid_tank_full:129, Universal Fluid Tank: Hot Liquid Thorium Salt
hbm:fluid_tank_full:130, Universal Fluid Tank: Depleted Liquid Thorium Salt
hbm:fluid_tank_full:38, Universal Fluid Tank: Liquid Hydrogen
hbm:fluid_tank_full:8, Universal Fluid Tank: Deuterium
hbm:fluid_tank_full:9, Universal Fluid Tank: Tritium
hbm:fluid_tank_full:57, Universal Fluid Tank: Helium-3
hbm:fluid_tank_full:124, Universal Fluid Tank: Helium-4
hbm:fluid_tank_full:39, Universal Fluid Tank: Liquid Oxygen
hbm:fluid_tank_full:40, Universal Fluid Tank: Xenon Gas
hbm:fluid_tank_full:90, Universal Fluid Tank: Chlorine Gas
hbm:fluid_tank_full:42, Universal Fluid Tank: Mercury
hbm:fluid_tank_full:10, Universal Fluid Tank: Crude Oil
hbm:fluid_tank_full:134, Universal Fluid Tank: Desulfurized Crude Oil
hbm:fluid_tank_full:61, Universal Fluid Tank: Cracked Oil
hbm:fluid_tank_full:136, Universal Fluid Tank: Desulfurized Cracked Oil
hbm:fluid_tank_full:62, Universal Fluid Tank: Coal Oil
hbm:fluid_tank_full:105, Universal Fluid Tank: Coker Oil
hbm:fluid_tank_full:11, Universal Fluid Tank: Hot Crude Oil
hbm:fluid_tank_full:135, Universal Fluid Tank: Desulfurized Hot Crude Oil
hbm:fluid_tank_full:63, Universal Fluid Tank: Hot Cracked Oil
hbm:fluid_tank_full:137, Universal Fluid Tank: Desulfurized Hot Cracked Oil
hbm:fluid_tank_full:12, Universal Fluid Tank: Heavy Oil
hbm:fluid_tank_full:91, Universal Fluid Tank: Vacuum Heavy Oil
hbm:fluid_tank_full:19, Universal Fluid Tank: Naphtha
hbm:fluid_tank_full:138, Universal Fluid Tank: Desulfurized Naphtha
hbm:fluid_tank_full:64, Universal Fluid Tank: Cracked Naphtha
hbm:fluid_tank_full:106, Universal Fluid Tank: Coker Naphtha
hbm:fluid_tank_full:92, Universal Fluid Tank: Reformate
hbm:fluid_tank_full:21, Universal Fluid Tank: Light Oil
hbm:fluid_tank_full:139, Universal Fluid Tank: Desulfurized Light Oil
hbm:fluid_tank_full:65, Universal Fluid Tank: Cracked Light Oil
hbm:fluid_tank_full:93, Universal Fluid Tank: Vacuum Light Oil
hbm:fluid_tank_full:13, Universal Fluid Tank: Bitumen
hbm:fluid_tank_full:14, Universal Fluid Tank: Industrial Oil
hbm:fluid_tank_full:15, Universal Fluid Tank: Heating Oil
hbm:fluid_tank_full:96, Universal Fluid Tank: Heavy Heating Oil
hbm:fluid_tank_full:16, Universal Fluid Tank: Reclaimed Industrial Oil
hbm:fluid_tank_full:18, Universal Fluid Tank: Engine Lubricant
hbm:fluid_tank_full:156, Universal Fluid Tank: Flue Gas
hbm:fluid_tank_full:23, Universal Fluid Tank: Natural Gas
hbm:fluid_tank_full:107, Universal Fluid Tank: Coker Gas
hbm:fluid_tank_full:24, Universal Fluid Tank: Petroleum Gas
hbm:fluid_tank_full:94, Universal Fluid Tank: Sour Gas
hbm:fluid_tank_full:25, Universal Fluid Tank: LPG
hbm:fluid_tank_full:86, Universal Fluid Tank: Syngas
hbm:fluid_tank_full:87, Universal Fluid Tank: Oxyhydrogen
hbm:fluid_tank_full:67, Universal Fluid Tank: Aromatic Hydrocarbons
hbm:fluid_tank_full:68, Universal Fluid Tank: Unsaturated Hydrocarbons
hbm:fluid_tank_full:95, Universal Fluid Tank: BTX
hbm:fluid_tank_full:100, Universal Fluid Tank: Reformate Gas
hbm:fluid_tank_full:20, Universal Fluid Tank: Diesel
hbm:fluid_tank_full:97, Universal Fluid Tank: High-Cetane Diesel
hbm:fluid_tank_full:66, Universal Fluid Tank: Cracked Diesel
hbm:fluid_tank_full:98, Universal Fluid Tank: High-Cetane Cracked Diesel
hbm:fluid_tank_full:22, Universal Fluid Tank: Kerosene
hbm:fluid_tank_full:99, Universal Fluid Tank: Jet Fuel
hbm:fluid_tank_full:17, Universal Fluid Tank: Petroil
hbm:fluid_tank_full:72, Universal Fluid Tank: Leaded Petroil
hbm:fluid_tank_full:46, Universal Fluid Tank: Gasoline
hbm:fluid_tank_full:73, Universal Fluid Tank: Leaded Gasoline
hbm:fluid_tank_full:47, Universal Fluid Tank: Coal Gasoline
hbm:fluid_tank_full:74, Universal Fluid Tank: Leaded Coal Gasoline
hbm:fluid_tank_full:80, Universal Fluid Tank: Coal Tar Creosote
hbm:fluid_tank_full:79, Universal Fluid Tank: Wood Oil
hbm:fluid_tank_full:26, Universal Fluid Tank: Biogas
hbm:fluid_tank_full:27, Universal Fluid Tank: Biofuel
hbm:fluid_tank_full:59, Universal Fluid Tank: Ethanol
hbm:fluid_tank_full:111, Universal Fluid Tank: Fish Oil
hbm:fluid_tank_full:112, Universal Fluid Tank: Sunflower Seed Oil
hbm:fluid_tank_full:28, Universal Fluid Tank: NITAN© 100 Octane Super Fuel
hbm:fluid_tank_full:154, Universal Fluid Tank: Deuterated Hydrocarbon
hbm:fluid_tank_full:41, Universal Fluid Tank: BF Rocket Fuel
hbm:fluid_tank_full:69, Universal Fluid Tank: Salient Green
hbm:fluid_tank_full:81, Universal Fluid Tank: Seeding Slurry
hbm:fluid_tank_full:101, Universal Fluid Tank: Colloid
hbm:fluid_tank_full:141, Universal Fluid Tank: Vitriol
hbm:fluid_tank_full:142, Universal Fluid Tank: Ore Slop
hbm:fluid_tank_full:104, Universal Fluid Tank: Ionic Gel
hbm:fluid_tank_full:35, Universal Fluid Tank: Hydrogen Peroxide
hbm:fluid_tank_full:75, Universal Fluid Tank: Sulfuric Acid
hbm:fluid_tank_full:82, Universal Fluid Tank: Nitric Acid
hbm:fluid_tank_full:83, Universal Fluid Tank: Solvent
hbm:fluid_tank_full:88, Universal Fluid Tank: High-Performance Solvent
hbm:fluid_tank_full:32, Universal Fluid Tank: Schrabidic Acid
hbm:fluid_tank_full:29, Universal Fluid Tank: Uranium Hexafluoride
hbm:fluid_tank_full:30, Universal Fluid Tank: Plutonium Hexafluoride
hbm:fluid_tank_full:31, Universal Fluid Tank: Schrabidium Trisulfide
hbm:fluid_tank_full:43, Universal Fluid Tank: Pandemonium(III)tantalite Solution
hbm:fluid_tank_full:36, Universal Fluid Tank: Poisonous Mud
hbm:fluid_tank_full:131, Universal Fluid Tank: Fullerene Solution
hbm:fluid_tank_full:108, Universal Fluid Tank: Dissolved Egg
hbm:fluid_tank_full:109, Universal Fluid Tank: Cholesterol Solution
hbm:fluid_tank_full:149, Universal Fluid Tank: Sodium Aluminate
hbm:fluid_tank_full:150, Universal Fluid Tank: Bauxite Solution
hbm:fluid_tank_full:151, Universal Fluid Tank: Alumina
hbm:fluid_tank_full:153, Universal Fluid Tank: Liquid Concrete
hbm:fluid_tank_full:49, Universal Fluid Tank: Fracking Solution
hbm:fluid_tank_full:148, Universal Fluid Tank: Lye
hbm:fluid_tank_full:102, Universal Fluid Tank: Phosgene
hbm:fluid_tank_full:103, Universal Fluid Tank: Mustard Gas
hbm:fluid_tank_full:110, Universal Fluid Tank: Estradiol Solution
hbm:fluid_tank_full:113, Universal Fluid Tank: Nitroglycerin
hbm:fluid_tank_full:33, Universal Fluid Tank: Antimatter
hbm:fluid_tank_full:34, Universal Fluid Tank: Antischrabidium
hbm:fluid_tank_full:70, Universal Fluid Tank: Experience Juice
hbm:fluid_tank_full:71, Universal Fluid Tank: Ender Juice
hbm:fluid_tank_full:140, Universal Fluid Tank: Stellar Flux
hbm:fluid_tank_full:132, Universal Fluid Tank: Booster Pheromone
hbm:fluid_tank_full:133, Universal Fluid Tank: Modified Booster Pheromone
hbm:fluid_tank_full:89, Universal Fluid Tank: Hydrazine
hbm:fluid_tank_full:1000, Universal Fluid Tank: Custom Fluid Demo
hbm:fluid_tank_full:4000, Universal Fluid Tank: Oxygen-Rich Air
hbm:fluid_tank_full:4001, Universal Fluid Tank: Carbon Tetrachloride
hbm:fluid_tank_full:4002, Universal Fluid Tank: Chloroethane
hbm:fluid_tank_full:4003, Universal Fluid Tank: Chlorinated Benzenes
hbm:fluid_tank_full:4004, Universal Fluid Tank: Vinyl Chloride
hbm:fluid_tank_full:4005, Universal Fluid Tank: Aqueous Copper
hbm:fluid_tank_full:4006, Universal Fluid Tank: Aqueous Nickel
hbm:fluid_tank_full:4007, Universal Fluid Tank: Copper Sulfate
hbm:fluid_tank_full:4008, Universal Fluid Tank: Brine
hbm:fluid_tank_full:4009, Universal Fluid Tank: Conglomera
hbm:fluid_tank_full:4010, Universal Fluid Tank: Halide Gas
hbm:fluid_tank_full:4011, Universal Fluid Tank: Light Halocarbons
hbm:fluid_tank_full:4012, Universal Fluid Tank: hbmfluid.lithcarbonate
hbm:fluid_tank_full:4013, Universal Fluid Tank: Tektonic Crude
hbm:fluid_tank_full:4014, Universal Fluid Tank: Elbow Grease
hbm:fluid_tank_full:4015, Universal Fluid Tank: N-MASS(III) Tetrahexaethanol
hbm:fluid_tank_full:4016, Universal Fluid Tank: N-MASS(II) Driver Fuel
hbm:fluid_tank_full:4017, Universal Fluid Tank: Scutterblood
hbm:fluid_tank_full:4018, Universal Fluid Tank: Pertechnetic Acid
hbm:fluid_tank_full:4019, Universal Fluid Tank: Neon Gas
hbm:fluid_tank_full:4020, Universal Fluid Tank: Argon Gas
hbm:fluid_tank_full:4021, Universal Fluid Tank: Krypton Gas
hbm:fluid_tank_full:4022, Universal Fluid Tank: Coffee
hbm:fluid_tank_full:4023, Universal Fluid Tank: Tea
hbm:fluid_tank_full:4024, Universal Fluid Tank: Honey
hbm:fluid_tank_full:4025, Universal Fluid Tank: Olive Oil
hbm:fluid_tank_full:4026, Universal Fluid Tank: Fluorine
hbm:fluid_tank_full:4027, Universal Fluid Tank: Duna Air
hbm:fluid_tank_full:4028, Universal Fluid Tank: Tekto Air
hbm:fluid_tank_full:4029, Universal Fluid Tank: Jool Air
hbm:fluid_tank_full:4030, Universal Fluid Tank: Sarnus Air
hbm:fluid_tank_full:4031, Universal Fluid Tank: Urlum Air
hbm:fluid_tank_full:4032, Universal Fluid Tank: Neidon Air
hbm:fluid_tank_full:4033, Universal Fluid Tank: Milk
hbm:fluid_tank_full:4034, Universal Fluid Tank: Strawberry Milk
hbm:fluid_tank_full:4035, Universal Fluid Tank: Eve Air
hbm:fluid_tank_full:4036, Universal Fluid Tank: Potassium Permanganate Solution
hbm:fluid_tank_full:4037, Universal Fluid Tank: Chloromethane
hbm:fluid_tank_full:4038, Universal Fluid Tank: Methanol
hbm:fluid_tank_full:4039, Universal Fluid Tank: Alkyl Bromide
hbm:fluid_tank_full:4040, Universal Fluid Tank: Methylene
hbm:fluid_tank_full:4041, Universal Fluid Tank: Polyethylene
hbm:fluid_tank_full:4042, Universal Fluid Tank: Hydrochloric Acid
hbm:fluid_tank_full:4043, Universal Fluid Tank: Ammonia
hbm:fluid_tank_full:4044, Universal Fluid Tank: Blood Fuel
hbm:fluid_tank_full:4045, Universal Fluid Tank: Mineral Slurry
hbm:fluid_tank_full:4046, Universal Fluid Tank: Liquid Nitrogen
hbm:fluid_tank_full:4047, Universal Fluid Tank: Evaporated Milk
hbm:fluid_tank_full:4048, Universal Fluid Tank: Condensed Milk
hbm:fluid_tank_full:4049, Universal Fluid Tank: Heavy Whipping Cream
hbm:fluid_tank_full:4050, Universal Fluid Tank: Dicyanoacetylene
hbm:fluid_tank_full:4051, Universal Fluid Tank: Morkite
hbm:fluid_tank_full:4052, Universal Fluid Tank: Morkine
hbm:fluid_tank_full:4053, Universal Fluid Tank: Morkite Slurry
hbm:fluid_tank_full:4055, Universal Fluid Tank: Uranium Bromide
hbm:fluid_tank_full:4056, Universal Fluid Tank: Plutonium Bromide
hbm:fluid_tank_full:4057, Universal Fluid Tank: Schrabidium Bromide
hbm:fluid_tank_full:4058, Universal Fluid Tank: Thorium Bromide
hbm:fluid_tank_full:4063, Universal Fluid Tank: hbmfluid.gaseous_hydrogen
hbm:fluid_tank_full:4065, Universal Fluid Tank: hbmfluid.lithydro
hbm:fluid_tank_lead_empty, Empty Hazardous Material Tank
hbm:fluid_tank_lead_full:152, Hazardous Material Tank: Compressed Air
hbm:fluid_tank_lead_full:155, Hazardous Material Tank: Hot Air Blast
hbm:fluid_tank_lead_full:1, Hazardous Material Tank: Water
hbm:fluid_tank_lead_full:60, Hazardous Material Tank: Heavy Water
hbm:fluid_tank_lead_full:125, Hazardous Material Tank: Hot Heavy Water
hbm:fluid_tank_lead_full:7, Hazardous Material Tank: Lava
hbm:fluid_tank_lead_full:2, Hazardous Material Tank: Steam
hbm:fluid_tank_lead_full:3, Hazardous Material Tank: Dense Steam
hbm:fluid_tank_lead_full:4, Hazardous Material Tank: Super Dense Steam
hbm:fluid_tank_lead_full:5, Hazardous Material Tank: Ultra Dense Steam
hbm:fluid_tank_lead_full:55, Hazardous Material Tank: Carbon Dioxide
hbm:fluid_tank_lead_full:6, Hazardous Material Tank: Coolant
hbm:fluid_tank_lead_full:76, Hazardous Material Tank: Hot Coolant
hbm:fluid_tank_lead_full:145, Hazardous Material Tank: Perfluoromethyl
hbm:fluid_tank_lead_full:146, Hazardous Material Tank: Cold Perfluoromethyl
hbm:fluid_tank_lead_full:147, Hazardous Material Tank: Hot Perfluoromethyl
hbm:fluid_tank_lead_full:37, Hazardous Material Tank: Cryogel
hbm:fluid_tank_lead_full:77, Hazardous Material Tank: Mug Root Beer
hbm:fluid_tank_lead_full:78, Hazardous Material Tank: Hot Mug Root Beer
hbm:fluid_tank_lead_full:84, Hazardous Material Tank: Blood
hbm:fluid_tank_lead_full:85, Hazardous Material Tank: Hot Blood
hbm:fluid_tank_lead_full:126, Hazardous Material Tank: Liquid Sodium
hbm:fluid_tank_lead_full:127, Hazardous Material Tank: Hot Liquid Sodium
hbm:fluid_tank_lead_full:143, Hazardous Material Tank: Liquid Lead
hbm:fluid_tank_lead_full:144, Hazardous Material Tank: Hot Liquid Lead
hbm:fluid_tank_lead_full:128, Hazardous Material Tank: Liquid Thorium Salt
hbm:fluid_tank_lead_full:129, Hazardous Material Tank: Hot Liquid Thorium Salt
hbm:fluid_tank_lead_full:130, Hazardous Material Tank: Depleted Liquid Thorium Salt
hbm:fluid_tank_lead_full:38, Hazardous Material Tank: Liquid Hydrogen
hbm:fluid_tank_lead_full:8, Hazardous Material Tank: Deuterium
hbm:fluid_tank_lead_full:9, Hazardous Material Tank: Tritium
hbm:fluid_tank_lead_full:57, Hazardous Material Tank: Helium-3
hbm:fluid_tank_lead_full:124, Hazardous Material Tank: Helium-4
hbm:fluid_tank_lead_full:39, Hazardous Material Tank: Liquid Oxygen
hbm:fluid_tank_lead_full:40, Hazardous Material Tank: Xenon Gas
hbm:fluid_tank_lead_full:90, Hazardous Material Tank: Chlorine Gas
hbm:fluid_tank_lead_full:42, Hazardous Material Tank: Mercury
hbm:fluid_tank_lead_full:10, Hazardous Material Tank: Crude Oil
hbm:fluid_tank_lead_full:134, Hazardous Material Tank: Desulfurized Crude Oil
hbm:fluid_tank_lead_full:61, Hazardous Material Tank: Cracked Oil
hbm:fluid_tank_lead_full:136, Hazardous Material Tank: Desulfurized Cracked Oil
hbm:fluid_tank_lead_full:62, Hazardous Material Tank: Coal Oil
hbm:fluid_tank_lead_full:105, Hazardous Material Tank: Coker Oil
hbm:fluid_tank_lead_full:11, Hazardous Material Tank: Hot Crude Oil
hbm:fluid_tank_lead_full:135, Hazardous Material Tank: Desulfurized Hot Crude Oil
hbm:fluid_tank_lead_full:63, Hazardous Material Tank: Hot Cracked Oil
hbm:fluid_tank_lead_full:137, Hazardous Material Tank: Desulfurized Hot Cracked Oil
hbm:fluid_tank_lead_full:12, Hazardous Material Tank: Heavy Oil
hbm:fluid_tank_lead_full:91, Hazardous Material Tank: Vacuum Heavy Oil
hbm:fluid_tank_lead_full:19, Hazardous Material Tank: Naphtha
hbm:fluid_tank_lead_full:138, Hazardous Material Tank: Desulfurized Naphtha
hbm:fluid_tank_lead_full:64, Hazardous Material Tank: Cracked Naphtha
hbm:fluid_tank_lead_full:106, Hazardous Material Tank: Coker Naphtha
hbm:fluid_tank_lead_full:92, Hazardous Material Tank: Reformate
hbm:fluid_tank_lead_full:21, Hazardous Material Tank: Light Oil
hbm:fluid_tank_lead_full:139, Hazardous Material Tank: Desulfurized Light Oil
hbm:fluid_tank_lead_full:65, Hazardous Material Tank: Cracked Light Oil
hbm:fluid_tank_lead_full:93, Hazardous Material Tank: Vacuum Light Oil
hbm:fluid_tank_lead_full:13, Hazardous Material Tank: Bitumen
hbm:fluid_tank_lead_full:14, Hazardous Material Tank: Industrial Oil
hbm:fluid_tank_lead_full:15, Hazardous Material Tank: Heating Oil
hbm:fluid_tank_lead_full:96, Hazardous Material Tank: Heavy Heating Oil
hbm:fluid_tank_lead_full:16, Hazardous Material Tank: Reclaimed Industrial Oil
hbm:fluid_tank_lead_full:18, Hazardous Material Tank: Engine Lubricant
hbm:fluid_tank_lead_full:156, Hazardous Material Tank: Flue Gas
hbm:fluid_tank_lead_full:23, Hazardous Material Tank: Natural Gas
hbm:fluid_tank_lead_full:107, Hazardous Material Tank: Coker Gas
hbm:fluid_tank_lead_full:24, Hazardous Material Tank: Petroleum Gas
hbm:fluid_tank_lead_full:94, Hazardous Material Tank: Sour Gas
hbm:fluid_tank_lead_full:25, Hazardous Material Tank: LPG
hbm:fluid_tank_lead_full:86, Hazardous Material Tank: Syngas
hbm:fluid_tank_lead_full:87, Hazardous Material Tank: Oxyhydrogen
hbm:fluid_tank_lead_full:67, Hazardous Material Tank: Aromatic Hydrocarbons
hbm:fluid_tank_lead_full:68, Hazardous Material Tank: Unsaturated Hydrocarbons
hbm:fluid_tank_lead_full:95, Hazardous Material Tank: BTX
hbm:fluid_tank_lead_full:100, Hazardous Material Tank: Reformate Gas
hbm:fluid_tank_lead_full:20, Hazardous Material Tank: Diesel
hbm:fluid_tank_lead_full:97, Hazardous Material Tank: High-Cetane Diesel
hbm:fluid_tank_lead_full:66, Hazardous Material Tank: Cracked Diesel
hbm:fluid_tank_lead_full:98, Hazardous Material Tank: High-Cetane Cracked Diesel
hbm:fluid_tank_lead_full:22, Hazardous Material Tank: Kerosene
hbm:fluid_tank_lead_full:99, Hazardous Material Tank: Jet Fuel
hbm:fluid_tank_lead_full:17, Hazardous Material Tank: Petroil
hbm:fluid_tank_lead_full:72, Hazardous Material Tank: Leaded Petroil
hbm:fluid_tank_lead_full:46, Hazardous Material Tank: Gasoline
hbm:fluid_tank_lead_full:73, Hazardous Material Tank: Leaded Gasoline
hbm:fluid_tank_lead_full:47, Hazardous Material Tank: Coal Gasoline
hbm:fluid_tank_lead_full:74, Hazardous Material Tank: Leaded Coal Gasoline
hbm:fluid_tank_lead_full:80, Hazardous Material Tank: Coal Tar Creosote
hbm:fluid_tank_lead_full:79, Hazardous Material Tank: Wood Oil
hbm:fluid_tank_lead_full:26, Hazardous Material Tank: Biogas
hbm:fluid_tank_lead_full:27, Hazardous Material Tank: Biofuel
hbm:fluid_tank_lead_full:59, Hazardous Material Tank: Ethanol
hbm:fluid_tank_lead_full:111, Hazardous Material Tank: Fish Oil
hbm:fluid_tank_lead_full:112, Hazardous Material Tank: Sunflower Seed Oil
hbm:fluid_tank_lead_full:28, Hazardous Material Tank: NITAN© 100 Octane Super Fuel
hbm:fluid_tank_lead_full:154, Hazardous Material Tank: Deuterated Hydrocarbon
hbm:fluid_tank_lead_full:41, Hazardous Material Tank: BF Rocket Fuel
hbm:fluid_tank_lead_full:69, Hazardous Material Tank: Salient Green
hbm:fluid_tank_lead_full:81, Hazardous Material Tank: Seeding Slurry
hbm:fluid_tank_lead_full:101, Hazardous Material Tank: Colloid
hbm:fluid_tank_lead_full:141, Hazardous Material Tank: Vitriol
hbm:fluid_tank_lead_full:142, Hazardous Material Tank: Ore Slop
hbm:fluid_tank_lead_full:104, Hazardous Material Tank: Ionic Gel
hbm:fluid_tank_lead_full:35, Hazardous Material Tank: Hydrogen Peroxide
hbm:fluid_tank_lead_full:75, Hazardous Material Tank: Sulfuric Acid
hbm:fluid_tank_lead_full:82, Hazardous Material Tank: Nitric Acid
hbm:fluid_tank_lead_full:83, Hazardous Material Tank: Solvent
hbm:fluid_tank_lead_full:88, Hazardous Material Tank: High-Performance Solvent
hbm:fluid_tank_lead_full:32, Hazardous Material Tank: Schrabidic Acid
hbm:fluid_tank_lead_full:29, Hazardous Material Tank: Uranium Hexafluoride
hbm:fluid_tank_lead_full:30, Hazardous Material Tank: Plutonium Hexafluoride
hbm:fluid_tank_lead_full:31, Hazardous Material Tank: Schrabidium Trisulfide
hbm:fluid_tank_lead_full:43, Hazardous Material Tank: Pandemonium(III)tantalite Solution
hbm:fluid_tank_lead_full:58, Hazardous Material Tank: Osmiridic Solution
hbm:fluid_tank_lead_full:36, Hazardous Material Tank: Poisonous Mud
hbm:fluid_tank_lead_full:114, Hazardous Material Tank: Red Mud
hbm:fluid_tank_lead_full:131, Hazardous Material Tank: Fullerene Solution
hbm:fluid_tank_lead_full:108, Hazardous Material Tank: Dissolved Egg
hbm:fluid_tank_lead_full:109, Hazardous Material Tank: Cholesterol Solution
hbm:fluid_tank_lead_full:149, Hazardous Material Tank: Sodium Aluminate
hbm:fluid_tank_lead_full:150, Hazardous Material Tank: Bauxite Solution
hbm:fluid_tank_lead_full:151, Hazardous Material Tank: Alumina
hbm:fluid_tank_lead_full:153, Hazardous Material Tank: Liquid Concrete
hbm:fluid_tank_lead_full:49, Hazardous Material Tank: Fracking Solution
hbm:fluid_tank_lead_full:148, Hazardous Material Tank: Lye
hbm:fluid_tank_lead_full:102, Hazardous Material Tank: Phosgene
hbm:fluid_tank_lead_full:103, Hazardous Material Tank: Mustard Gas
hbm:fluid_tank_lead_full:110, Hazardous Material Tank: Estradiol Solution
hbm:fluid_tank_lead_full:113, Hazardous Material Tank: Nitroglycerin
hbm:fluid_tank_lead_full:33, Hazardous Material Tank: Antimatter
hbm:fluid_tank_lead_full:34, Hazardous Material Tank: Antischrabidium
hbm:fluid_tank_lead_full:70, Hazardous Material Tank: Experience Juice
hbm:fluid_tank_lead_full:71, Hazardous Material Tank: Ender Juice
hbm:fluid_tank_lead_full:140, Hazardous Material Tank: Stellar Flux
hbm:fluid_tank_lead_full:132, Hazardous Material Tank: Booster Pheromone
hbm:fluid_tank_lead_full:133, Hazardous Material Tank: Modified Booster Pheromone
hbm:fluid_tank_lead_full:89, Hazardous Material Tank: Hydrazine
hbm:fluid_tank_lead_full:1000, Hazardous Material Tank: Custom Fluid Demo
hbm:fluid_tank_lead_full:4000, Hazardous Material Tank: Oxygen-Rich Air
hbm:fluid_tank_lead_full:4001, Hazardous Material Tank: Carbon Tetrachloride
hbm:fluid_tank_lead_full:4002, Hazardous Material Tank: Chloroethane
hbm:fluid_tank_lead_full:4003, Hazardous Material Tank: Chlorinated Benzenes
hbm:fluid_tank_lead_full:4004, Hazardous Material Tank: Vinyl Chloride
hbm:fluid_tank_lead_full:4005, Hazardous Material Tank: Aqueous Copper
hbm:fluid_tank_lead_full:4006, Hazardous Material Tank: Aqueous Nickel
hbm:fluid_tank_lead_full:4007, Hazardous Material Tank: Copper Sulfate
hbm:fluid_tank_lead_full:4008, Hazardous Material Tank: Brine
hbm:fluid_tank_lead_full:4009, Hazardous Material Tank: Conglomera
hbm:fluid_tank_lead_full:4010, Hazardous Material Tank: Halide Gas
hbm:fluid_tank_lead_full:4011, Hazardous Material Tank: Light Halocarbons
hbm:fluid_tank_lead_full:4012, Hazardous Material Tank: hbmfluid.lithcarbonate
hbm:fluid_tank_lead_full:4013, Hazardous Material Tank: Tektonic Crude
hbm:fluid_tank_lead_full:4014, Hazardous Material Tank: Elbow Grease
hbm:fluid_tank_lead_full:4015, Hazardous Material Tank: N-MASS(III) Tetrahexaethanol
hbm:fluid_tank_lead_full:4016, Hazardous Material Tank: N-MASS(II) Driver Fuel
hbm:fluid_tank_lead_full:4017, Hazardous Material Tank: Scutterblood
hbm:fluid_tank_lead_full:4018, Hazardous Material Tank: Pertechnetic Acid
hbm:fluid_tank_lead_full:4019, Hazardous Material Tank: Neon Gas
hbm:fluid_tank_lead_full:4020, Hazardous Material Tank: Argon Gas
hbm:fluid_tank_lead_full:4021, Hazardous Material Tank: Krypton Gas
hbm:fluid_tank_lead_full:4022, Hazardous Material Tank: Coffee
hbm:fluid_tank_lead_full:4023, Hazardous Material Tank: Tea
hbm:fluid_tank_lead_full:4024, Hazardous Material Tank: Honey
hbm:fluid_tank_lead_full:4025, Hazardous Material Tank: Olive Oil
hbm:fluid_tank_lead_full:4026, Hazardous Material Tank: Fluorine
hbm:fluid_tank_lead_full:4027, Hazardous Material Tank: Duna Air
hbm:fluid_tank_lead_full:4028, Hazardous Material Tank: Tekto Air
hbm:fluid_tank_lead_full:4029, Hazardous Material Tank: Jool Air
hbm:fluid_tank_lead_full:4030, Hazardous Material Tank: Sarnus Air
hbm:fluid_tank_lead_full:4031, Hazardous Material Tank: Urlum Air
hbm:fluid_tank_lead_full:4032, Hazardous Material Tank: Neidon Air
hbm:fluid_tank_lead_full:4033, Hazardous Material Tank: Milk
hbm:fluid_tank_lead_full:4034, Hazardous Material Tank: Strawberry Milk
hbm:fluid_tank_lead_full:4035, Hazardous Material Tank: Eve Air
hbm:fluid_tank_lead_full:4036, Hazardous Material Tank: Potassium Permanganate Solution
hbm:fluid_tank_lead_full:4037, Hazardous Material Tank: Chloromethane
hbm:fluid_tank_lead_full:4038, Hazardous Material Tank: Methanol
hbm:fluid_tank_lead_full:4039, Hazardous Material Tank: Alkyl Bromide
hbm:fluid_tank_lead_full:4040, Hazardous Material Tank: Methylene
hbm:fluid_tank_lead_full:4041, Hazardous Material Tank: Polyethylene
hbm:fluid_tank_lead_full:4042, Hazardous Material Tank: Hydrochloric Acid
hbm:fluid_tank_lead_full:4043, Hazardous Material Tank: Ammonia
hbm:fluid_tank_lead_full:4044, Hazardous Material Tank: Blood Fuel
hbm:fluid_tank_lead_full:4045, Hazardous Material Tank: Mineral Slurry
hbm:fluid_tank_lead_full:4046, Hazardous Material Tank: Liquid Nitrogen
hbm:fluid_tank_lead_full:4047, Hazardous Material Tank: Evaporated Milk
hbm:fluid_tank_lead_full:4048, Hazardous Material Tank: Condensed Milk
hbm:fluid_tank_lead_full:4049, Hazardous Material Tank: Heavy Whipping Cream
hbm:fluid_tank_lead_full:4050, Hazardous Material Tank: Dicyanoacetylene
hbm:fluid_tank_lead_full:4051, Hazardous Material Tank: Morkite
hbm:fluid_tank_lead_full:4052, Hazardous Material Tank: Morkine
hbm:fluid_tank_lead_full:4053, Hazardous Material Tank: Morkite Slurry
hbm:fluid_tank_lead_full:4055, Hazardous Material Tank: Uranium Bromide
hbm:fluid_tank_lead_full:4056, Hazardous Material Tank: Plutonium Bromide
hbm:fluid_tank_lead_full:4057, Hazardous Material Tank: Schrabidium Bromide
hbm:fluid_tank_lead_full:4058, Hazardous Material Tank: Thorium Bromide
hbm:fluid_tank_lead_full:4063, Hazardous Material Tank: hbmfluid.gaseous_hydrogen
hbm:fluid_tank_lead_full:4065, Hazardous Material Tank: hbmfluid.lithydro
hbm:fluid_barrel_empty, Empty Fluid Barrel
hbm:fluid_barrel_full:152, Fluid Barrel: Compressed Air
hbm:fluid_barrel_full:155, Fluid Barrel: Hot Air Blast
hbm:fluid_barrel_full:1, Fluid Barrel: Water
hbm:fluid_barrel_full:60, Fluid Barrel: Heavy Water
hbm:fluid_barrel_full:125, Fluid Barrel: Hot Heavy Water
hbm:fluid_barrel_full:7, Fluid Barrel: Lava
hbm:fluid_barrel_full:2, Fluid Barrel: Steam
hbm:fluid_barrel_full:3, Fluid Barrel: Dense Steam
hbm:fluid_barrel_full:4, Fluid Barrel: Super Dense Steam
hbm:fluid_barrel_full:5, Fluid Barrel: Ultra Dense Steam
hbm:fluid_barrel_full:55, Fluid Barrel: Carbon Dioxide
hbm:fluid_barrel_full:6, Fluid Barrel: Coolant
hbm:fluid_barrel_full:76, Fluid Barrel: Hot Coolant
hbm:fluid_barrel_full:145, Fluid Barrel: Perfluoromethyl
hbm:fluid_barrel_full:146, Fluid Barrel: Cold Perfluoromethyl
hbm:fluid_barrel_full:147, Fluid Barrel: Hot Perfluoromethyl
hbm:fluid_barrel_full:37, Fluid Barrel: Cryogel
hbm:fluid_barrel_full:77, Fluid Barrel: Mug Root Beer
hbm:fluid_barrel_full:78, Fluid Barrel: Hot Mug Root Beer
hbm:fluid_barrel_full:84, Fluid Barrel: Blood
hbm:fluid_barrel_full:85, Fluid Barrel: Hot Blood
hbm:fluid_barrel_full:126, Fluid Barrel: Liquid Sodium
hbm:fluid_barrel_full:127, Fluid Barrel: Hot Liquid Sodium
hbm:fluid_barrel_full:143, Fluid Barrel: Liquid Lead
hbm:fluid_barrel_full:144, Fluid Barrel: Hot Liquid Lead
hbm:fluid_barrel_full:128, Fluid Barrel: Liquid Thorium Salt
hbm:fluid_barrel_full:129, Fluid Barrel: Hot Liquid Thorium Salt
hbm:fluid_barrel_full:130, Fluid Barrel: Depleted Liquid Thorium Salt
hbm:fluid_barrel_full:38, Fluid Barrel: Liquid Hydrogen
hbm:fluid_barrel_full:8, Fluid Barrel: Deuterium
hbm:fluid_barrel_full:9, Fluid Barrel: Tritium
hbm:fluid_barrel_full:57, Fluid Barrel: Helium-3
hbm:fluid_barrel_full:124, Fluid Barrel: Helium-4
hbm:fluid_barrel_full:39, Fluid Barrel: Liquid Oxygen
hbm:fluid_barrel_full:40, Fluid Barrel: Xenon Gas
hbm:fluid_barrel_full:90, Fluid Barrel: Chlorine Gas
hbm:fluid_barrel_full:42, Fluid Barrel: Mercury
hbm:fluid_barrel_full:10, Fluid Barrel: Crude Oil
hbm:fluid_barrel_full:134, Fluid Barrel: Desulfurized Crude Oil
hbm:fluid_barrel_full:61, Fluid Barrel: Cracked Oil
hbm:fluid_barrel_full:136, Fluid Barrel: Desulfurized Cracked Oil
hbm:fluid_barrel_full:62, Fluid Barrel: Coal Oil
hbm:fluid_barrel_full:105, Fluid Barrel: Coker Oil
hbm:fluid_barrel_full:11, Fluid Barrel: Hot Crude Oil
hbm:fluid_barrel_full:135, Fluid Barrel: Desulfurized Hot Crude Oil
hbm:fluid_barrel_full:63, Fluid Barrel: Hot Cracked Oil
hbm:fluid_barrel_full:137, Fluid Barrel: Desulfurized Hot Cracked Oil
hbm:fluid_barrel_full:12, Fluid Barrel: Heavy Oil
hbm:fluid_barrel_full:91, Fluid Barrel: Vacuum Heavy Oil
hbm:fluid_barrel_full:19, Fluid Barrel: Naphtha
hbm:fluid_barrel_full:138, Fluid Barrel: Desulfurized Naphtha
hbm:fluid_barrel_full:64, Fluid Barrel: Cracked Naphtha
hbm:fluid_barrel_full:106, Fluid Barrel: Coker Naphtha
hbm:fluid_barrel_full:92, Fluid Barrel: Reformate
hbm:fluid_barrel_full:21, Fluid Barrel: Light Oil
hbm:fluid_barrel_full:139, Fluid Barrel: Desulfurized Light Oil
hbm:fluid_barrel_full:65, Fluid Barrel: Cracked Light Oil
hbm:fluid_barrel_full:93, Fluid Barrel: Vacuum Light Oil
hbm:fluid_barrel_full:13, Fluid Barrel: Bitumen
hbm:fluid_barrel_full:14, Fluid Barrel: Industrial Oil
hbm:fluid_barrel_full:15, Fluid Barrel: Heating Oil
hbm:fluid_barrel_full:96, Fluid Barrel: Heavy Heating Oil
hbm:fluid_barrel_full:16, Fluid Barrel: Reclaimed Industrial Oil
hbm:fluid_barrel_full:18, Fluid Barrel: Engine Lubricant
hbm:fluid_barrel_full:156, Fluid Barrel: Flue Gas
hbm:fluid_barrel_full:23, Fluid Barrel: Natural Gas
hbm:fluid_barrel_full:107, Fluid Barrel: Coker Gas
hbm:fluid_barrel_full:24, Fluid Barrel: Petroleum Gas
hbm:fluid_barrel_full:94, Fluid Barrel: Sour Gas
hbm:fluid_barrel_full:25, Fluid Barrel: LPG
hbm:fluid_barrel_full:86, Fluid Barrel: Syngas
hbm:fluid_barrel_full:87, Fluid Barrel: Oxyhydrogen
hbm:fluid_barrel_full:67, Fluid Barrel: Aromatic Hydrocarbons
hbm:fluid_barrel_full:68, Fluid Barrel: Unsaturated Hydrocarbons
hbm:fluid_barrel_full:95, Fluid Barrel: BTX
hbm:fluid_barrel_full:100, Fluid Barrel: Reformate Gas
hbm:fluid_barrel_full:20, Fluid Barrel: Diesel
hbm:fluid_barrel_full:97, Fluid Barrel: High-Cetane Diesel
hbm:fluid_barrel_full:66, Fluid Barrel: Cracked Diesel
hbm:fluid_barrel_full:98, Fluid Barrel: High-Cetane Cracked Diesel
hbm:fluid_barrel_full:22, Fluid Barrel: Kerosene
hbm:fluid_barrel_full:99, Fluid Barrel: Jet Fuel
hbm:fluid_barrel_full:17, Fluid Barrel: Petroil
hbm:fluid_barrel_full:72, Fluid Barrel: Leaded Petroil
hbm:fluid_barrel_full:46, Fluid Barrel: Gasoline
hbm:fluid_barrel_full:73, Fluid Barrel: Leaded Gasoline
hbm:fluid_barrel_full:47, Fluid Barrel: Coal Gasoline
hbm:fluid_barrel_full:74, Fluid Barrel: Leaded Coal Gasoline
hbm:fluid_barrel_full:80, Fluid Barrel: Coal Tar Creosote
hbm:fluid_barrel_full:79, Fluid Barrel: Wood Oil
hbm:fluid_barrel_full:26, Fluid Barrel: Biogas
hbm:fluid_barrel_full:27, Fluid Barrel: Biofuel
hbm:fluid_barrel_full:59, Fluid Barrel: Ethanol
hbm:fluid_barrel_full:111, Fluid Barrel: Fish Oil
hbm:fluid_barrel_full:112, Fluid Barrel: Sunflower Seed Oil
hbm:fluid_barrel_full:28, Fluid Barrel: NITAN© 100 Octane Super Fuel
hbm:fluid_barrel_full:154, Fluid Barrel: Deuterated Hydrocarbon
hbm:fluid_barrel_full:41, Fluid Barrel: BF Rocket Fuel
hbm:fluid_barrel_full:69, Fluid Barrel: Salient Green
hbm:fluid_barrel_full:81, Fluid Barrel: Seeding Slurry
hbm:fluid_barrel_full:101, Fluid Barrel: Colloid
hbm:fluid_barrel_full:141, Fluid Barrel: Vitriol
hbm:fluid_barrel_full:142, Fluid Barrel: Ore Slop
hbm:fluid_barrel_full:104, Fluid Barrel: Ionic Gel
hbm:fluid_barrel_full:35, Fluid Barrel: Hydrogen Peroxide
hbm:fluid_barrel_full:75, Fluid Barrel: Sulfuric Acid
hbm:fluid_barrel_full:82, Fluid Barrel: Nitric Acid
hbm:fluid_barrel_full:83, Fluid Barrel: Solvent
hbm:fluid_barrel_full:88, Fluid Barrel: High-Performance Solvent
hbm:fluid_barrel_full:32, Fluid Barrel: Schrabidic Acid
hbm:fluid_barrel_full:29, Fluid Barrel: Uranium Hexafluoride
hbm:fluid_barrel_full:30, Fluid Barrel: Plutonium Hexafluoride
hbm:fluid_barrel_full:31, Fluid Barrel: Schrabidium Trisulfide
hbm:fluid_barrel_full:43, Fluid Barrel: Pandemonium(III)tantalite Solution
hbm:fluid_barrel_full:36, Fluid Barrel: Poisonous Mud
hbm:fluid_barrel_full:131, Fluid Barrel: Fullerene Solution
hbm:fluid_barrel_full:108, Fluid Barrel: Dissolved Egg
hbm:fluid_barrel_full:109, Fluid Barrel: Cholesterol Solution
hbm:fluid_barrel_full:149, Fluid Barrel: Sodium Aluminate
hbm:fluid_barrel_full:150, Fluid Barrel: Bauxite Solution
hbm:fluid_barrel_full:151, Fluid Barrel: Alumina
hbm:fluid_barrel_full:153, Fluid Barrel: Liquid Concrete
hbm:fluid_barrel_full:49, Fluid Barrel: Fracking Solution
hbm:fluid_barrel_full:148, Fluid Barrel: Lye
hbm:fluid_barrel_full:102, Fluid Barrel: Phosgene
hbm:fluid_barrel_full:103, Fluid Barrel: Mustard Gas
hbm:fluid_barrel_full:110, Fluid Barrel: Estradiol Solution
hbm:fluid_barrel_full:113, Fluid Barrel: Nitroglycerin
hbm:fluid_barrel_full:33, Fluid Barrel: Antimatter
hbm:fluid_barrel_full:34, Fluid Barrel: Antischrabidium
hbm:fluid_barrel_full:70, Fluid Barrel: Experience Juice
hbm:fluid_barrel_full:71, Fluid Barrel: Ender Juice
hbm:fluid_barrel_full:140, Fluid Barrel: Stellar Flux
hbm:fluid_barrel_full:132, Fluid Barrel: Booster Pheromone
hbm:fluid_barrel_full:133, Fluid Barrel: Modified Booster Pheromone
hbm:fluid_barrel_full:89, Fluid Barrel: Hydrazine
hbm:fluid_barrel_full:1000, Fluid Barrel: Custom Fluid Demo
hbm:fluid_barrel_full:4000, Fluid Barrel: Oxygen-Rich Air
hbm:fluid_barrel_full:4001, Fluid Barrel: Carbon Tetrachloride
hbm:fluid_barrel_full:4002, Fluid Barrel: Chloroethane
hbm:fluid_barrel_full:4003, Fluid Barrel: Chlorinated Benzenes
hbm:fluid_barrel_full:4004, Fluid Barrel: Vinyl Chloride
hbm:fluid_barrel_full:4005, Fluid Barrel: Aqueous Copper
hbm:fluid_barrel_full:4006, Fluid Barrel: Aqueous Nickel
hbm:fluid_barrel_full:4007, Fluid Barrel: Copper Sulfate
hbm:fluid_barrel_full:4008, Fluid Barrel: Brine
hbm:fluid_barrel_full:4009, Fluid Barrel: Conglomera
hbm:fluid_barrel_full:4010, Fluid Barrel: Halide Gas
hbm:fluid_barrel_full:4011, Fluid Barrel: Light Halocarbons
hbm:fluid_barrel_full:4012, Fluid Barrel: hbmfluid.lithcarbonate
hbm:fluid_barrel_full:4013, Fluid Barrel: Tektonic Crude
hbm:fluid_barrel_full:4014, Fluid Barrel: Elbow Grease
hbm:fluid_barrel_full:4015, Fluid Barrel: N-MASS(III) Tetrahexaethanol
hbm:fluid_barrel_full:4016, Fluid Barrel: N-MASS(II) Driver Fuel
hbm:fluid_barrel_full:4017, Fluid Barrel: Scutterblood
hbm:fluid_barrel_full:4018, Fluid Barrel: Pertechnetic Acid
hbm:fluid_barrel_full:4019, Fluid Barrel: Neon Gas
hbm:fluid_barrel_full:4020, Fluid Barrel: Argon Gas
hbm:fluid_barrel_full:4021, Fluid Barrel: Krypton Gas
hbm:fluid_barrel_full:4022, Fluid Barrel: Coffee
hbm:fluid_barrel_full:4023, Fluid Barrel: Tea
hbm:fluid_barrel_full:4024, Fluid Barrel: Honey
hbm:fluid_barrel_full:4025, Fluid Barrel: Olive Oil
hbm:fluid_barrel_full:4026, Fluid Barrel: Fluorine
hbm:fluid_barrel_full:4027, Fluid Barrel: Duna Air
hbm:fluid_barrel_full:4028, Fluid Barrel: Tekto Air
hbm:fluid_barrel_full:4029, Fluid Barrel: Jool Air
hbm:fluid_barrel_full:4030, Fluid Barrel: Sarnus Air
hbm:fluid_barrel_full:4031, Fluid Barrel: Urlum Air
hbm:fluid_barrel_full:4032, Fluid Barrel: Neidon Air
hbm:fluid_barrel_full:4033, Fluid Barrel: Milk
hbm:fluid_barrel_full:4034, Fluid Barrel: Strawberry Milk
hbm:fluid_barrel_full:4035, Fluid Barrel: Eve Air
hbm:fluid_barrel_full:4036, Fluid Barrel: Potassium Permanganate Solution
hbm:fluid_barrel_full:4037, Fluid Barrel: Chloromethane
hbm:fluid_barrel_full:4038, Fluid Barrel: Methanol
hbm:fluid_barrel_full:4039, Fluid Barrel: Alkyl Bromide
hbm:fluid_barrel_full:4040, Fluid Barrel: Methylene
hbm:fluid_barrel_full:4041, Fluid Barrel: Polyethylene
hbm:fluid_barrel_full:4042, Fluid Barrel: Hydrochloric Acid
hbm:fluid_barrel_full:4043, Fluid Barrel: Ammonia
hbm:fluid_barrel_full:4044, Fluid Barrel: Blood Fuel
hbm:fluid_barrel_full:4045, Fluid Barrel: Mineral Slurry
hbm:fluid_barrel_full:4046, Fluid Barrel: Liquid Nitrogen
hbm:fluid_barrel_full:4047, Fluid Barrel: Evaporated Milk
hbm:fluid_barrel_full:4048, Fluid Barrel: Condensed Milk
hbm:fluid_barrel_full:4049, Fluid Barrel: Heavy Whipping Cream
hbm:fluid_barrel_full:4050, Fluid Barrel: Dicyanoacetylene
hbm:fluid_barrel_full:4051, Fluid Barrel: Morkite
hbm:fluid_barrel_full:4052, Fluid Barrel: Morkine
hbm:fluid_barrel_full:4053, Fluid Barrel: Morkite Slurry
hbm:fluid_barrel_full:4055, Fluid Barrel: Uranium Bromide
hbm:fluid_barrel_full:4056, Fluid Barrel: Plutonium Bromide
hbm:fluid_barrel_full:4057, Fluid Barrel: Schrabidium Bromide
hbm:fluid_barrel_full:4058, Fluid Barrel: Thorium Bromide
hbm:fluid_barrel_full:4063, Fluid Barrel: hbmfluid.gaseous_hydrogen
hbm:fluid_barrel_full:4065, Fluid Barrel: hbmfluid.lithydro
hbm:fluid_barrel_infinite, Infinite Fluid Barrel
hbm:fluid_pack_empty, Large Fluid Container
hbm:fluid_pack_full:152, Packaged Compressed Air
hbm:fluid_pack_full:155, Packaged Hot Air Blast
hbm:fluid_pack_full:1, Packaged Water
hbm:fluid_pack_full:60, Packaged Heavy Water
hbm:fluid_pack_full:125, Packaged Hot Heavy Water
hbm:fluid_pack_full:7, Packaged Lava
hbm:fluid_pack_full:2, Packaged Steam
hbm:fluid_pack_full:3, Packaged Dense Steam
hbm:fluid_pack_full:4, Packaged Super Dense Steam
hbm:fluid_pack_full:5, Packaged Ultra Dense Steam
hbm:fluid_pack_full:55, Packaged Carbon Dioxide
hbm:fluid_pack_full:6, Packaged Coolant
hbm:fluid_pack_full:76, Packaged Hot Coolant
hbm:fluid_pack_full:145, Packaged Perfluoromethyl
hbm:fluid_pack_full:146, Packaged Cold Perfluoromethyl
hbm:fluid_pack_full:147, Packaged Hot Perfluoromethyl
hbm:fluid_pack_full:37, Packaged Cryogel
hbm:fluid_pack_full:77, Packaged Mug Root Beer
hbm:fluid_pack_full:78, Packaged Hot Mug Root Beer
hbm:fluid_pack_full:84, Packaged Blood
hbm:fluid_pack_full:85, Packaged Hot Blood
hbm:fluid_pack_full:126, Packaged Liquid Sodium
hbm:fluid_pack_full:127, Packaged Hot Liquid Sodium
hbm:fluid_pack_full:143, Packaged Liquid Lead
hbm:fluid_pack_full:144, Packaged Hot Liquid Lead
hbm:fluid_pack_full:128, Packaged Liquid Thorium Salt
hbm:fluid_pack_full:129, Packaged Hot Liquid Thorium Salt
hbm:fluid_pack_full:130, Packaged Depleted Liquid Thorium Salt
hbm:fluid_pack_full:38, Packaged Liquid Hydrogen
hbm:fluid_pack_full:8, Packaged Deuterium
hbm:fluid_pack_full:9, Packaged Tritium
hbm:fluid_pack_full:57, Packaged Helium-3
hbm:fluid_pack_full:124, Packaged Helium-4
hbm:fluid_pack_full:39, Packaged Liquid Oxygen
hbm:fluid_pack_full:40, Packaged Xenon Gas
hbm:fluid_pack_full:90, Packaged Chlorine Gas
hbm:fluid_pack_full:42, Packaged Mercury
hbm:fluid_pack_full:10, Packaged Crude Oil
hbm:fluid_pack_full:134, Packaged Desulfurized Crude Oil
hbm:fluid_pack_full:61, Packaged Cracked Oil
hbm:fluid_pack_full:136, Packaged Desulfurized Cracked Oil
hbm:fluid_pack_full:62, Packaged Coal Oil
hbm:fluid_pack_full:105, Packaged Coker Oil
hbm:fluid_pack_full:11, Packaged Hot Crude Oil
hbm:fluid_pack_full:135, Packaged Desulfurized Hot Crude Oil
hbm:fluid_pack_full:63, Packaged Hot Cracked Oil
hbm:fluid_pack_full:137, Packaged Desulfurized Hot Cracked Oil
hbm:fluid_pack_full:12, Packaged Heavy Oil
hbm:fluid_pack_full:91, Packaged Vacuum Heavy Oil
hbm:fluid_pack_full:19, Packaged Naphtha
hbm:fluid_pack_full:138, Packaged Desulfurized Naphtha
hbm:fluid_pack_full:64, Packaged Cracked Naphtha
hbm:fluid_pack_full:106, Packaged Coker Naphtha
hbm:fluid_pack_full:92, Packaged Reformate
hbm:fluid_pack_full:21, Packaged Light Oil
hbm:fluid_pack_full:139, Packaged Desulfurized Light Oil
hbm:fluid_pack_full:65, Packaged Cracked Light Oil
hbm:fluid_pack_full:93, Packaged Vacuum Light Oil
hbm:fluid_pack_full:13, Packaged Bitumen
hbm:fluid_pack_full:14, Packaged Industrial Oil
hbm:fluid_pack_full:15, Packaged Heating Oil
hbm:fluid_pack_full:96, Packaged Heavy Heating Oil
hbm:fluid_pack_full:16, Packaged Reclaimed Industrial Oil
hbm:fluid_pack_full:18, Packaged Engine Lubricant
hbm:fluid_pack_full:156, Packaged Flue Gas
hbm:fluid_pack_full:23, Packaged Natural Gas
hbm:fluid_pack_full:107, Packaged Coker Gas
hbm:fluid_pack_full:24, Packaged Petroleum Gas
hbm:fluid_pack_full:94, Packaged Sour Gas
hbm:fluid_pack_full:25, Packaged LPG
hbm:fluid_pack_full:86, Packaged Syngas
hbm:fluid_pack_full:87, Packaged Oxyhydrogen
hbm:fluid_pack_full:67, Packaged Aromatic Hydrocarbons
hbm:fluid_pack_full:68, Packaged Unsaturated Hydrocarbons
hbm:fluid_pack_full:95, Packaged BTX
hbm:fluid_pack_full:100, Packaged Reformate Gas
hbm:fluid_pack_full:20, Packaged Diesel
hbm:fluid_pack_full:97, Packaged High-Cetane Diesel
hbm:fluid_pack_full:66, Packaged Cracked Diesel
hbm:fluid_pack_full:98, Packaged High-Cetane Cracked Diesel
hbm:fluid_pack_full:22, Packaged Kerosene
hbm:fluid_pack_full:99, Packaged Jet Fuel
hbm:fluid_pack_full:17, Packaged Petroil
hbm:fluid_pack_full:72, Packaged Leaded Petroil
hbm:fluid_pack_full:46, Packaged Gasoline
hbm:fluid_pack_full:73, Packaged Leaded Gasoline
hbm:fluid_pack_full:47, Packaged Coal Gasoline
hbm:fluid_pack_full:74, Packaged Leaded Coal Gasoline
hbm:fluid_pack_full:80, Packaged Coal Tar Creosote
hbm:fluid_pack_full:79, Packaged Wood Oil
hbm:fluid_pack_full:26, Packaged Biogas
hbm:fluid_pack_full:27, Packaged Biofuel
hbm:fluid_pack_full:59, Packaged Ethanol
hbm:fluid_pack_full:111, Packaged Fish Oil
hbm:fluid_pack_full:112, Packaged Sunflower Seed Oil
hbm:fluid_pack_full:28, Packaged NITAN© 100 Octane Super Fuel
hbm:fluid_pack_full:154, Packaged Deuterated Hydrocarbon
hbm:fluid_pack_full:41, Packaged BF Rocket Fuel
hbm:fluid_pack_full:69, Packaged Salient Green
hbm:fluid_pack_full:81, Packaged Seeding Slurry
hbm:fluid_pack_full:101, Packaged Colloid
hbm:fluid_pack_full:141, Packaged Vitriol
hbm:fluid_pack_full:142, Packaged Ore Slop
hbm:fluid_pack_full:104, Packaged Ionic Gel
hbm:fluid_pack_full:35, Packaged Hydrogen Peroxide
hbm:fluid_pack_full:75, Packaged Sulfuric Acid
hbm:fluid_pack_full:82, Packaged Nitric Acid
hbm:fluid_pack_full:83, Packaged Solvent
hbm:fluid_pack_full:88, Packaged High-Performance Solvent
hbm:fluid_pack_full:32, Packaged Schrabidic Acid
hbm:fluid_pack_full:29, Packaged Uranium Hexafluoride
hbm:fluid_pack_full:30, Packaged Plutonium Hexafluoride
hbm:fluid_pack_full:31, Packaged Schrabidium Trisulfide
hbm:fluid_pack_full:43, Packaged Pandemonium(III)tantalite Solution
hbm:fluid_pack_full:36, Packaged Poisonous Mud
hbm:fluid_pack_full:131, Packaged Fullerene Solution
hbm:fluid_pack_full:108, Packaged Dissolved Egg
hbm:fluid_pack_full:109, Packaged Cholesterol Solution
hbm:fluid_pack_full:149, Packaged Sodium Aluminate
hbm:fluid_pack_full:150, Packaged Bauxite Solution
hbm:fluid_pack_full:151, Packaged Alumina
hbm:fluid_pack_full:153, Packaged Liquid Concrete
hbm:fluid_pack_full:49, Packaged Fracking Solution
hbm:fluid_pack_full:148, Packaged Lye
hbm:fluid_pack_full:102, Packaged Phosgene
hbm:fluid_pack_full:103, Packaged Mustard Gas
hbm:fluid_pack_full:110, Packaged Estradiol Solution
hbm:fluid_pack_full:113, Packaged Nitroglycerin
hbm:fluid_pack_full:33, Packaged Antimatter
hbm:fluid_pack_full:34, Packaged Antischrabidium
hbm:fluid_pack_full:70, Packaged Experience Juice
hbm:fluid_pack_full:71, Packaged Ender Juice
hbm:fluid_pack_full:140, Packaged Stellar Flux
hbm:fluid_pack_full:132, Packaged Booster Pheromone
hbm:fluid_pack_full:133, Packaged Modified Booster Pheromone
hbm:fluid_pack_full:89, Packaged Hydrazine
hbm:fluid_pack_full:1000, Packaged Custom Fluid Demo
hbm:fluid_pack_full:4000, Packaged Oxygen-Rich Air
hbm:fluid_pack_full:4001, Packaged Carbon Tetrachloride
hbm:fluid_pack_full:4002, Packaged Chloroethane
hbm:fluid_pack_full:4003, Packaged Chlorinated Benzenes
hbm:fluid_pack_full:4004, Packaged Vinyl Chloride
hbm:fluid_pack_full:4005, Packaged Aqueous Copper
hbm:fluid_pack_full:4006, Packaged Aqueous Nickel
hbm:fluid_pack_full:4007, Packaged Copper Sulfate
hbm:fluid_pack_full:4008, Packaged Brine
hbm:fluid_pack_full:4009, Packaged Conglomera
hbm:fluid_pack_full:4010, Packaged Halide Gas
hbm:fluid_pack_full:4011, Packaged Light Halocarbons
hbm:fluid_pack_full:4012, Packaged hbmfluid.lithcarbonate
hbm:fluid_pack_full:4013, Packaged Tektonic Crude
hbm:fluid_pack_full:4014, Packaged Elbow Grease
hbm:fluid_pack_full:4015, Packaged N-MASS(III) Tetrahexaethanol
hbm:fluid_pack_full:4016, Packaged N-MASS(II) Driver Fuel
hbm:fluid_pack_full:4017, Packaged Scutterblood
hbm:fluid_pack_full:4018, Packaged Pertechnetic Acid
hbm:fluid_pack_full:4019, Packaged Neon Gas
hbm:fluid_pack_full:4020, Packaged Argon Gas
hbm:fluid_pack_full:4021, Packaged Krypton Gas
hbm:fluid_pack_full:4022, Packaged Coffee
hbm:fluid_pack_full:4023, Packaged Tea
hbm:fluid_pack_full:4024, Packaged Honey
hbm:fluid_pack_full:4025, Packaged Olive Oil
hbm:fluid_pack_full:4026, Packaged Fluorine
hbm:fluid_pack_full:4027, Packaged Duna Air
hbm:fluid_pack_full:4028, Packaged Tekto Air
hbm:fluid_pack_full:4029, Packaged Jool Air
hbm:fluid_pack_full:4030, Packaged Sarnus Air
hbm:fluid_pack_full:4031, Packaged Urlum Air
hbm:fluid_pack_full:4032, Packaged Neidon Air
hbm:fluid_pack_full:4033, Packaged Milk
hbm:fluid_pack_full:4034, Packaged Strawberry Milk
hbm:fluid_pack_full:4035, Packaged Eve Air
hbm:fluid_pack_full:4036, Packaged Potassium Permanganate Solution
hbm:fluid_pack_full:4037, Packaged Chloromethane
hbm:fluid_pack_full:4038, Packaged Methanol
hbm:fluid_pack_full:4039, Packaged Alkyl Bromide
hbm:fluid_pack_full:4040, Packaged Methylene
hbm:fluid_pack_full:4041, Packaged Polyethylene
hbm:fluid_pack_full:4042, Packaged Hydrochloric Acid
hbm:fluid_pack_full:4043, Packaged Ammonia
hbm:fluid_pack_full:4044, Packaged Blood Fuel
hbm:fluid_pack_full:4045, Packaged Mineral Slurry
hbm:fluid_pack_full:4046, Packaged Liquid Nitrogen
hbm:fluid_pack_full:4047, Packaged Evaporated Milk
hbm:fluid_pack_full:4048, Packaged Condensed Milk
hbm:fluid_pack_full:4049, Packaged Heavy Whipping Cream
hbm:fluid_pack_full:4050, Packaged Dicyanoacetylene
hbm:fluid_pack_full:4051, Packaged Morkite
hbm:fluid_pack_full:4052, Packaged Morkine
hbm:fluid_pack_full:4053, Packaged Morkite Slurry
hbm:fluid_pack_full:4055, Packaged Uranium Bromide
hbm:fluid_pack_full:4056, Packaged Plutonium Bromide
hbm:fluid_pack_full:4057, Packaged Schrabidium Bromide
hbm:fluid_pack_full:4058, Packaged Thorium Bromide
hbm:fluid_pack_full:4063, Packaged hbmfluid.gaseous_hydrogen
hbm:fluid_pack_full:4065, Packaged hbmfluid.lithydro
hbm:pipette, Pipette
hbm:pipette_boron, Boron Pipette
hbm:pipette_laboratory, Laboratory Grade Pipette
hbm:siphon, Siphon
hbm:inf_water, Infinite Water Tank
hbm:inf_water_mk2, Large Infinite Water Tank
hbm:disperser_canister_empty, Disperser Canister
hbm:disperser_canister:152, Disperser Canister: Compressed Air
hbm:disperser_canister:155, Disperser Canister: Hot Air Blast
hbm:disperser_canister:1, Disperser Canister: Water
hbm:disperser_canister:60, Disperser Canister: Heavy Water
hbm:disperser_canister:2, Disperser Canister: Steam
hbm:disperser_canister:3, Disperser Canister: Dense Steam
hbm:disperser_canister:4, Disperser Canister: Super Dense Steam
hbm:disperser_canister:5, Disperser Canister: Ultra Dense Steam
hbm:disperser_canister:55, Disperser Canister: Carbon Dioxide
hbm:disperser_canister:6, Disperser Canister: Coolant
hbm:disperser_canister:76, Disperser Canister: Hot Coolant
hbm:disperser_canister:145, Disperser Canister: Perfluoromethyl
hbm:disperser_canister:146, Disperser Canister: Cold Perfluoromethyl
hbm:disperser_canister:147, Disperser Canister: Hot Perfluoromethyl
hbm:disperser_canister:77, Disperser Canister: Mug Root Beer
hbm:disperser_canister:78, Disperser Canister: Hot Mug Root Beer
hbm:disperser_canister:38, Disperser Canister: Liquid Hydrogen
hbm:disperser_canister:8, Disperser Canister: Deuterium
hbm:disperser_canister:9, Disperser Canister: Tritium
hbm:disperser_canister:57, Disperser Canister: Helium-3
hbm:disperser_canister:124, Disperser Canister: Helium-4
hbm:disperser_canister:39, Disperser Canister: Liquid Oxygen
hbm:disperser_canister:40, Disperser Canister: Xenon Gas
hbm:disperser_canister:90, Disperser Canister: Chlorine Gas
hbm:disperser_canister:42, Disperser Canister: Mercury
hbm:disperser_canister:21, Disperser Canister: Light Oil
hbm:disperser_canister:139, Disperser Canister: Desulfurized Light Oil
hbm:disperser_canister:65, Disperser Canister: Cracked Light Oil
hbm:disperser_canister:93, Disperser Canister: Vacuum Light Oil
hbm:disperser_canister:18, Disperser Canister: Engine Lubricant
hbm:disperser_canister:156, Disperser Canister: Flue Gas
hbm:disperser_canister:23, Disperser Canister: Natural Gas
hbm:disperser_canister:107, Disperser Canister: Coker Gas
hbm:disperser_canister:24, Disperser Canister: Petroleum Gas
hbm:disperser_canister:94, Disperser Canister: Sour Gas
hbm:disperser_canister:25, Disperser Canister: LPG
hbm:disperser_canister:86, Disperser Canister: Syngas
hbm:disperser_canister:87, Disperser Canister: Oxyhydrogen
hbm:disperser_canister:68, Disperser Canister: Unsaturated Hydrocarbons
hbm:disperser_canister:100, Disperser Canister: Reformate Gas
hbm:disperser_canister:20, Disperser Canister: Diesel
hbm:disperser_canister:97, Disperser Canister: High-Cetane Diesel
hbm:disperser_canister:66, Disperser Canister: Cracked Diesel
hbm:disperser_canister:98, Disperser Canister: High-Cetane Cracked Diesel
hbm:disperser_canister:22, Disperser Canister: Kerosene
hbm:disperser_canister:99, Disperser Canister: Jet Fuel
hbm:disperser_canister:17, Disperser Canister: Petroil
hbm:disperser_canister:72, Disperser Canister: Leaded Petroil
hbm:disperser_canister:46, Disperser Canister: Gasoline
hbm:disperser_canister:73, Disperser Canister: Leaded Gasoline
hbm:disperser_canister:47, Disperser Canister: Coal Gasoline
hbm:disperser_canister:74, Disperser Canister: Leaded Coal Gasoline
hbm:disperser_canister:26, Disperser Canister: Biogas
hbm:disperser_canister:27, Disperser Canister: Biofuel
hbm:disperser_canister:59, Disperser Canister: Ethanol
hbm:disperser_canister:111, Disperser Canister: Fish Oil
hbm:disperser_canister:112, Disperser Canister: Sunflower Seed Oil
hbm:disperser_canister:28, Disperser Canister: NITAN© 100 Octane Super Fuel
hbm:disperser_canister:154, Disperser Canister: Deuterated Hydrocarbon
hbm:disperser_canister:35, Disperser Canister: Hydrogen Peroxide
hbm:disperser_canister:75, Disperser Canister: Sulfuric Acid
hbm:disperser_canister:82, Disperser Canister: Nitric Acid
hbm:disperser_canister:83, Disperser Canister: Solvent
hbm:disperser_canister:88, Disperser Canister: High-Performance Solvent
hbm:disperser_canister:32, Disperser Canister: Schrabidic Acid
hbm:disperser_canister:29, Disperser Canister: Uranium Hexafluoride
hbm:disperser_canister:30, Disperser Canister: Plutonium Hexafluoride
hbm:disperser_canister:31, Disperser Canister: Schrabidium Trisulfide
hbm:disperser_canister:131, Disperser Canister: Fullerene Solution
hbm:disperser_canister:108, Disperser Canister: Dissolved Egg
hbm:disperser_canister:109, Disperser Canister: Cholesterol Solution
hbm:disperser_canister:149, Disperser Canister: Sodium Aluminate
hbm:disperser_canister:151, Disperser Canister: Alumina
hbm:disperser_canister:153, Disperser Canister: Liquid Concrete
hbm:disperser_canister:148, Disperser Canister: Lye
hbm:disperser_canister:102, Disperser Canister: Phosgene
hbm:disperser_canister:103, Disperser Canister: Mustard Gas
hbm:disperser_canister:110, Disperser Canister: Estradiol Solution
hbm:disperser_canister:113, Disperser Canister: Nitroglycerin
hbm:disperser_canister:71, Disperser Canister: Ender Juice
hbm:disperser_canister:132, Disperser Canister: Booster Pheromone
hbm:disperser_canister:133, Disperser Canister: Modified Booster Pheromone
hbm:disperser_canister:89, Disperser Canister: Hydrazine
hbm:disperser_canister:1000, Disperser Canister: Custom Fluid Demo
hbm:disperser_canister:4000, Disperser Canister: Oxygen-Rich Air
hbm:disperser_canister:4001, Disperser Canister: Carbon Tetrachloride
hbm:disperser_canister:4002, Disperser Canister: Chloroethane
hbm:disperser_canister:4003, Disperser Canister: Chlorinated Benzenes
hbm:disperser_canister:4004, Disperser Canister: Vinyl Chloride
hbm:disperser_canister:4006, Disperser Canister: Aqueous Nickel
hbm:disperser_canister:4010, Disperser Canister: Halide Gas
hbm:disperser_canister:4011, Disperser Canister: Light Halocarbons
hbm:disperser_canister:4012, Disperser Canister: hbmfluid.lithcarbonate
hbm:disperser_canister:4013, Disperser Canister: Tektonic Crude
hbm:disperser_canister:4014, Disperser Canister: Elbow Grease
hbm:disperser_canister:4015, Disperser Canister: N-MASS(III) Tetrahexaethanol
hbm:disperser_canister:4016, Disperser Canister: N-MASS(II) Driver Fuel
hbm:disperser_canister:4018, Disperser Canister: Pertechnetic Acid
hbm:disperser_canister:4019, Disperser Canister: Neon Gas
hbm:disperser_canister:4020, Disperser Canister: Argon Gas
hbm:disperser_canister:4021, Disperser Canister: Krypton Gas
hbm:disperser_canister:4022, Disperser Canister: Coffee
hbm:disperser_canister:4023, Disperser Canister: Tea
hbm:disperser_canister:4024, Disperser Canister: Honey
hbm:disperser_canister:4025, Disperser Canister: Olive Oil
hbm:disperser_canister:4026, Disperser Canister: Fluorine
hbm:disperser_canister:4027, Disperser Canister: Duna Air
hbm:disperser_canister:4028, Disperser Canister: Tekto Air
hbm:disperser_canister:4029, Disperser Canister: Jool Air
hbm:disperser_canister:4030, Disperser Canister: Sarnus Air
hbm:disperser_canister:4031, Disperser Canister: Urlum Air
hbm:disperser_canister:4032, Disperser Canister: Neidon Air
hbm:disperser_canister:4033, Disperser Canister: Milk
hbm:disperser_canister:4034, Disperser Canister: Strawberry Milk
hbm:disperser_canister:4035, Disperser Canister: Eve Air
hbm:disperser_canister:4036, Disperser Canister: Potassium Permanganate Solution
hbm:disperser_canister:4037, Disperser Canister: Chloromethane
hbm:disperser_canister:4038, Disperser Canister: Methanol
hbm:disperser_canister:4040, Disperser Canister: Methylene
hbm:disperser_canister:4041, Disperser Canister: Polyethylene
hbm:disperser_canister:4042, Disperser Canister: Hydrochloric Acid
hbm:disperser_canister:4043, Disperser Canister: Ammonia
hbm:disperser_canister:4044, Disperser Canister: Blood Fuel
hbm:disperser_canister:4045, Disperser Canister: Mineral Slurry
hbm:disperser_canister:4046, Disperser Canister: Liquid Nitrogen
hbm:disperser_canister:4047, Disperser Canister: Evaporated Milk
hbm:disperser_canister:4048, Disperser Canister: Condensed Milk
hbm:disperser_canister:4049, Disperser Canister: Heavy Whipping Cream
hbm:disperser_canister:4050, Disperser Canister: Dicyanoacetylene
hbm:disperser_canister:4063, Disperser Canister: hbmfluid.gaseous_hydrogen
hbm:disperser_canister:4065, Disperser Canister: hbmfluid.lithydro
hbm:glyphid_gland_empty, Glyphid's Fluid Gland
hbm:glyphid_gland:75, Sulfuric Acid Gland
hbm:glyphid_gland:132, Booster Pheromone Gland
hbm:detonator, Detonator
hbm:detonator_multi, Multi Detonator
hbm:detonator_laser, Laser Detonator
hbm:detonator_deadman, Dead Man's Detonator
hbm:detonator_de, Dead Man's Explosive
hbm:igniter, Igniter
hbm:chopper, Hunter Chopper
hbm:spawn_worm, Balls-O-Tron Prime
hbm:spawn_ufo, Martian Invasion Ship
hbm:bomb_caller:0, Airstrike Designator
hbm:bomb_caller:1, Airstrike Designator
hbm:bomb_caller:2, Airstrike Designator
hbm:bomb_caller:3, Airstrike Designator
hbm:bomb_caller:4, Airstrike Designator
hbm:crate_caller, Supply Drop Requester
hbm:meteor_remote, Meteorite Remote
hbm:anchor_remote, Recall Device
hbm:hazmat_helmet, Hazmat Helmet
hbm:hazmat_plate, Hazmat Chestplate
hbm:hazmat_legs, Hazmat Leggings
hbm:hazmat_boots, Hazmat Boots
hbm:hazmat_helmet_red, Advanced Hazmat Helmet
hbm:hazmat_plate_red, Advanced Hazmat Chestplate
hbm:hazmat_legs_red, Advanced Hazmat Leggings
hbm:hazmat_boots_red, Advanced Hazmat Boots
hbm:hazmat_helmet_grey, High-Performance Hazmat Helmet
hbm:hazmat_plate_grey, High-Performance Hazmat Chestplate
hbm:hazmat_legs_grey, High-Performance Hazmat Leggings
hbm:hazmat_boots_grey, High-Performance Hazmat Boots
hbm:liquidator_helmet, Liquidator Suit Helmet
hbm:liquidator_plate, Liquidator Suit Chestplate
hbm:liquidator_legs, Liquidator Suit Leggins
hbm:liquidator_boots, Liquidator Suit Boots
hbm:hazmat_paa_helmet, PaA Battle Hazmat Suit Helmet
hbm:hazmat_paa_plate, PaA Battle Hazmat Suit Chestplate
hbm:hazmat_paa_legs, PaA Battle Hazmat Suit Leggings
hbm:hazmat_paa_boots, PaA Battle Hazmat Suit Boots
hbm:paa_plate, PaA Chest Protection Plate
hbm:paa_legs, PaA Leg Reinforcements
hbm:paa_boots, PaA "good ol' shoes"
hbm:australium_iii, Mark III Life Extender
hbm:armor_battery, Power Armor Battery Pack
hbm:armor_battery_mk2, Power Armor Battery Pack Mk2
hbm:armor_battery_mk3, Power Armor Battery Pack Mk3
hbm:asbestos_helmet, Fire Proximity Helmet
hbm:asbestos_plate, Fire Proximity Chestplate
hbm:asbestos_legs, Fire Proximity Leggings
hbm:asbestos_boots, Fire Proximity Boots
hbm:euphemium_helmet, Euphemium Helmet
hbm:euphemium_plate, Euphemium Chestplate
hbm:euphemium_legs, Euphemium Leggings
hbm:euphemium_boots, Euphemium Boots
hbm:jackt, Damn Stylish Ballistic Jacket
hbm:jackt2, Damn Stylish Ballistic Jacket 2: Tokyo Drift
hbm:chainsaw, Chainsaw
hbm:steel_helmet, Steel Helmet
hbm:steel_plate, Steel Chestplate
hbm:steel_legs, Steel Leggings
hbm:steel_boots, Steel Boots
hbm:titanium_helmet, Titanium Helmet
hbm:titanium_plate, Titanium Chestplate
hbm:titanium_legs, Titanium Leggings
hbm:titanium_boots, Titanium Boots
hbm:alloy_helmet, Advanced Alloy Helmet (LEGACY)
hbm:alloy_plate, Advanced Alloy Chestplate (LEGACY)
hbm:alloy_legs, Advanced Alloy Leggings (LEGACY)
hbm:alloy_boots, Advanced Alloy Boots (LEGACY)
hbm:cobalt_helmet, Cobalt Helmet
hbm:cobalt_plate, Cobalt Chestplate
hbm:cobalt_legs, Cobalt Leggings
hbm:cobalt_boots, Cobalt Boots
hbm:security_helmet, Security Helmet
hbm:security_plate, Security Chestplate
hbm:security_legs, Security Leggings
hbm:security_boots, Security Boots
hbm:starmetal_helmet, Starmetal Helmet
hbm:starmetal_plate, Starmetal Chestplate
hbm:starmetal_legs, Starmetal Leggings
hbm:starmetal_boots, Starmetal Boots
hbm:robes_helmet, Casual Hoodie
hbm:robes_plate, Casual Sweater
hbm:robes_legs, Casual Pants
hbm:robes_boots, Field Boots
hbm:zirconium_legs, Zirconium Pants
hbm:dnt_helmet, dinotroniumu helmet
hbm:dnt_plate, dineutrom chestplate
hbm:dnt_legs, dineuterium legs
hbm:dnt_boots, dienautronium boots
hbm:cmb_helmet, CMB Steel Helmet
hbm:cmb_plate, CMB Steel Chestplate
hbm:cmb_legs, CMB Steel Leggings
hbm:cmb_boots, CMB Steel Boots
hbm:schrabidium_helmet, Schrabidium Helmet
hbm:schrabidium_plate, Schrabidium Chestplate
hbm:schrabidium_legs, Schrabidium Leggings
hbm:schrabidium_boots, Schrabidium Boots
hbm:t51_helmet, T-51b Power Armor Helmet
hbm:t51_plate, T-51b Power Armor Chestplate
hbm:t51_legs, T-51b Power Armor Leggings
hbm:t51_boots, T-51b Power Armor Boots
hbm:steamsuit_helmet, Steam Suit Respirator Helmet
hbm:steamsuit_plate, Steam Suit Chestplate
hbm:steamsuit_legs, Steam Suit Leggings
hbm:steamsuit_boots, Steam Suit Boots
hbm:trenchmaster_helmet, Trenchmaster's Helmet
hbm:trenchmaster_plate, Trenchmaster's Chestplate
hbm:trenchmaster_legs, Trenchmaster's Leggings
hbm:trenchmaster_boots, Trenchmaster's Boots
hbm:taurun_helmet, Taurun Helmet
hbm:taurun_plate, Taurun Chestplate
hbm:taurun_legs, Taurun Leggings
hbm:taurun_boots, Taurun Boots
hbm:bismuth_helmet, Bismuth Headdress
hbm:bismuth_plate, Bismuth Shoulderpads, Necklace & Loincloth
hbm:bismuth_legs, Bismuth Kneeguards
hbm:bismuth_boots, Bismuth Sandals
hbm:envsuit_helmet, M1TTY Environment Suit Helmet
hbm:envsuit_plate, M1TTY Environment Suit Chestplate
hbm:envsuit_legs, M1TTY Environment Suit Leggings
hbm:envsuit_boots, M1TTY Environment Suit Boots
hbm:dieselsuit_helmet, Diesel-Powered Head-Mounted Environmental Sensor
hbm:dieselsuit_plate, Diesel-Powered Cybernetics
hbm:dieselsuit_legs, Diesel-Powered Leg Servos
hbm:dieselsuit_boots, Diesel-Powered High Heels
hbm:ajr_helmet, Steel Ranger Helmet
hbm:ajr_plate, Steel Ranger Chestplate
hbm:ajr_legs, Steel Ranger Leggings
hbm:ajr_boots, Steel Ranger Boots
hbm:ajro_helmet, AJR Power Armor Helmet
hbm:ajro_plate, AJR Power Armor Chestplate
hbm:ajro_legs, AJR Power Armor Leggings
hbm:ajro_boots, AJR Power Armor Boots
hbm:hev_helmet, HEV Mark IV Helmet
hbm:hev_plate, HEV Mark IV Chestplate
hbm:hev_legs, HEV Mark IV Leggings
hbm:hev_boots, HEV Mark IV Boots
hbm:bj_helmet, Eyepatch with Thermal Sensor
hbm:bj_plate, Lunar Cybernetic Plating
hbm:bj_plate_jetpack, Lunar Cybernetic Plating (Winged)
hbm:bj_legs, Lunar Cybernetic Leg Replacements
hbm:bj_boots, Lunar Studded Boots
hbm:rpa_helmet, Remnants Power Armor Helmet
hbm:rpa_plate, Remnants Power Armor Chestplate
hbm:rpa_legs, Remnants Power Armor Leggings
hbm:rpa_boots, Remnants Power Armor Boots
hbm:ncrpa_helmet, NCR Ranger Power Armor Helmet
hbm:ncrpa_plate, NCR Ranger Power Armor Chestplate
hbm:ncrpa_legs, NCR Ranger Power Armor Leggings
hbm:ncrpa_boots, NCR Ranger Power Armor Boots
hbm:fau_helmet, Fau Helmet
hbm:fau_plate, Fau Chestplate
hbm:fau_legs, Fau Leggins
hbm:fau_boots, Fau Boots
hbm:dns_helmet, DNT Nano Suit Helmet
hbm:dns_plate, DNT Nano Suit Chestplate
hbm:dns_legs, DNT Nano Suit Leggings
hbm:dns_boots, DNT Nano Suit Boots
hbm:goggles, Goggles of Revealing
hbm:ashglasses, Ash Goggles
hbm:mask_rag, Crude Protective Mask
hbm:mask_damp, Crude Protective Mask
hbm:mask_piss, Trench Mask
hbm:gas_mask, Gas Mask
hbm:gas_mask_m65, M65-Z Gas Mask
hbm:gas_mask_mono, Half Mask
hbm:gas_mask_olde, Leather Gas Mask
hbm:nossy_hat, Fabulous Hat
hbm:no9, Mining Helmet
hbm:beta, Beta Features
hbm:jetpack_fly, Jetpack
hbm:jetpack_break, Builder's Jetpack
hbm:jetpack_vector, Vectored Jetpack
hbm:jetpack_boost, Boostpack
hbm:jetpack_glider, Glider Jetpack
hbm:wings_murk, Murky Wings
hbm:wings_limp, Limp Wings
hbm:cape_radiation, Cape (Radiation)
hbm:cape_gasmask, Cape (Gas Mask)
hbm:cape_schrabidium, Cape (Schrabidic)
hbm:schrabidium_hammer, Schrabidium Hammer
hbm:shimmer_sledge, Shimmer Sledge
hbm:shimmer_axe, Shimmer Axe
hbm:ullapool_caber, Ullapool Caber
hbm:euphemium_stopper, Stopper
hbm:matchstick, Matchstick
hbm:balefire_and_steel, Balefire and Steel
hbm:wrench, Pipe Wrench
hbm:wrench_flipped, Blade on a Wrench
hbm:memespoon, §eMarket Gardener
hbm:wood_gavel, Wooden Gavel
hbm:lead_gavel, Leaden Gavel
hbm:diamond_gavel, Diamond Gavel
hbm:multitool_hit, Power Fist (Fist)
hbm:multitool_dig, Power Fist (Digging Claw)
hbm:multitool_silk, Power Fist (Silk Touch Claw)
hbm:multitool_ext, Power Fist (Ore Extractor)
hbm:multitool_miner, Power Fist (Extracting Mining Laser)
hbm:multitool_beam, Power Fist (Zapper)
hbm:multitool_sky, Power Fist (Crack the Sky)
hbm:multitool_mega, Power Fist (Super Punch)
hbm:multitool_joule, Power Fist (Giga Joule)
hbm:multitool_decon, Power Fist (Decontaminator)
hbm:gun_b92, §9B92 Energy Pistol§r
hbm:gun_b93, §cB93 Energy Mod§r
hbm:gun_supershotgun, Super Shotgun
hbm:gun_jshotgun, Occult Shotgun
hbm:gun_vortex, Vortex
hbm:gun_egon, Gluon Gun
hbm:gun_moist_nugget, Mosin-Nagant
hbm:crucible, Crucible
hbm:stick_dynamite, Stick of Dynamite
hbm:stick_dynamite_fishing, Stick of Fishing Dynamite
hbm:stick_tnt, Stick of TNT
hbm:stick_semtex, Stick of Semtex
hbm:stick_c4, Stick of C-4
hbm:ingot_steel, Steel Ingot
hbm:ingot_titanium, Titanium Ingot
hbm:ingot_copper, Industrial Grade Copper Ingot
hbm:ingot_red_copper, Minecraft Grade Copper Ingot
hbm:ingot_tungsten, Tungsten Ingot
hbm:ingot_aluminium, Aluminium Ingot
hbm:ingot_beryllium, Beryllium Ingot
hbm:ingot_lead, Lead Ingot
hbm:ingot_asbestos, Asbestos Sheet
hbm:ingot_magnetized_tungsten, Magnetized Tungsten Ingot
hbm:ingot_combine_steel, CMB Steel Ingot
hbm:ingot_dura_steel, High-Speed Steel Ingot
hbm:ingot_technetium, Technetium-99 Ingot
hbm:ingot_tcalloy, Technetium Steel Ingot
hbm:ingot_cdalloy, Cadmium Steel Ingot
hbm:ingot_polymer, Polymer Bar
hbm:ingot_bakelite, Bakelite Bar
hbm:ingot_rubber, Rubber Bar
hbm:ingot_biorubber, Latex Bar
hbm:ingot_pc, Hard Plastic Bar
hbm:ingot_pvc, PVC Bar
hbm:ingot_desh, Desh Ingot
hbm:ingot_saturnite, Saturnite Ingot
hbm:ingot_ferrouranium, Ferrouranium Ingot
hbm:ingot_starmetal, §9Starmetal Ingot§r
hbm:ingot_osmiridium, Osmiridium Ingot
hbm:ingot_euphemium, Euphemium Ingot
hbm:ingot_dineutronium, Dineutronium Ingot
hbm:ingot_cadmium, Cadmium Ingot
hbm:ingot_bismuth, Bismuth Ingot
hbm:ingot_arsenic, Arsenic Ingot
hbm:ingot_zirconium, Zirconium Cube
hbm:ingot_bismuth_bronze, Bismuth Bronze Ingot
hbm:ingot_arsenic_bronze, Arsenic Bronze Ingot
hbm:ingot_bscco, BSCCO Ingot
hbm:ingot_calcium, Calcium Ingot
hbm:ingot_silicon, Silicon Boule
hbm:ingot_gunmetal, Gunmetal Ingot
hbm:ingot_weaponsteel, Weapon Steel Ingot
hbm:ingot_cft, Crystalline Fullerite
hbm:ingot_th232, Thorium-232 Ingot
hbm:ingot_uranium, Uranium Ingot
hbm:ingot_u233, Uranium-233 Ingot
hbm:ingot_u235, Uranium-235 Ingot
hbm:ingot_u238, Uranium-238 Ingot
hbm:ingot_u238m2:0, Metastable Uranium-238M2 Ingot
hbm:ingot_plutonium, Plutonium Ingot
hbm:ingot_pu238, Plutonium-238 Ingot
hbm:ingot_pu239, Plutonium-239 Ingot
hbm:ingot_pu240, Plutonium-240 Ingot
hbm:ingot_pu241, Plutonium-241 Ingot
hbm:ingot_pu_mix, Reactor Grade Plutonium Ingot
hbm:ingot_am241, Americium-241 Ingot
hbm:ingot_am242, Americium-242 Ingot
hbm:ingot_am_mix, Reactor Grade Americium Ingot
hbm:ingot_schraranium, Schraranium Ingot
hbm:ingot_schrabidium, Schrabidium Ingot
hbm:ingot_schrabidate, Ferric Schrabidate Ingot
hbm:ingot_solinium, Solinium Ingot
hbm:ingot_mud, Solid Mud Brick
hbm:ingot_thorium_fuel, Ingot of Thorium Fuel
hbm:ingot_uranium_fuel, Ingot of Uranium Fuel
hbm:ingot_mox_fuel, Ingot of MOX Fuel
hbm:ingot_plutonium_fuel, Ingot of Plutonium Fuel
hbm:ingot_neptunium_fuel, Neptunium Fuel Ingot
hbm:ingot_americium_fuel, Ingot of Americium Fuel
hbm:ingot_les, Low Enriched Schrabidium Fuel Ingot
hbm:ingot_schrabidium_fuel, Ingot of Schrabidium Fuel
hbm:ingot_hes, Highly Enriched Schrabidium Fuel Ingot
hbm:ingot_neptunium, Neptunium Ingot
hbm:ingot_tennessine, Tennessine-294 Ingot
hbm:ingot_polonium, Polonium-210 Ingot
hbm:ingot_phosphorus, Bar of White Phosphorus
hbm:ingot_boron, Boron Ingot
hbm:ingot_graphite, Graphite Ingot
hbm:ingot_fiberglass, Fiberglass Bar
hbm:ingot_smore, S'more Ingot
hbm:ingot_niobium, Niobium Ingot
hbm:ingot_actinium, Actinium-227 Ingot
hbm:ingot_bromine, Bromine Ingot
hbm:ingot_caesium, Caesium Ingot
hbm:ingot_cerium, Cerium Ingot
hbm:ingot_lanthanium, Semi-Stable Lanthanium Ingot
hbm:ingot_tantalium, Tantalium Ingot
hbm:ingot_astatine, Astatine Ingot
hbm:ingot_firebrick, Firebrick
hbm:ingot_cobalt, Cobalt Ingot
hbm:ingot_co60, Cobalt-60 Ingot
hbm:ingot_sr90, Strontium-90 Ingot
hbm:ingot_iodine, Iodine Ingot
hbm:ingot_i131, Iodine-131 Ingot
hbm:ingot_au198, Gold-198 Ingot
hbm:ingot_pb209, Lead-209 Ingot
hbm:ingot_ra226, Radium-226 Ingot
hbm:ingot_gh336, Ghiorsium-336 Ingot
hbm:ingot_electronium:0, Electronium Ingot
hbm:ingot_reiium, Reiium Ingot
hbm:ingot_weidanium, Weidanium Ingot
hbm:ingot_australium, Australium Ingot
hbm:ingot_verticium, Verticium Ingot
hbm:ingot_unobtainium, Unobtainium Ingot
hbm:ingot_daffergon, Daffergon Ingot
hbm:ingot_steel_dusted:0, Dusted Steel Ingot
hbm:ingot_chainsteel, Heavy Chainsteel
hbm:ingot_meteorite, Meteorite Ingot
hbm:ingot_meteorite_forged, Forged Meteorite Ingot
hbm:blade_meteorite, Meteorite Blade
hbm:billet_cobalt, Cobalt Billet
hbm:billet_silicon, Silicon Wafer
hbm:billet_th232, Thorium-232 Billet
hbm:billet_uranium, Uranium Billet
hbm:billet_u233, Uranium-233 Billet
hbm:billet_u235, Uranium-235 Billet
hbm:billet_u238, Uranium-238 Billet
hbm:billet_uzh, Uranium Zirconium Hydride Billet
hbm:billet_plutonium, Plutonium Billet
hbm:billet_pu238, Plutonium-238 Billet
hbm:billet_pu239, Plutonium-239 Billet
hbm:billet_pu240, Plutonium-240 Billet
hbm:billet_pu241, Plutonium-241 Billet
hbm:billet_pu_mix, Reactor Grade Plutonium Billet
hbm:billet_am241, Americium-241 Billet
hbm:billet_am242, Americium-242 Billet
hbm:billet_am_mix, Reactor Grade Americium Billet
hbm:billet_neptunium, Neptunium Billet
hbm:billet_polonium, Polonium-210 Billet
hbm:billet_technetium, Technetium-99 Billet
hbm:billet_co60, Cobalt-60 Billet
hbm:billet_sr90, Strontium-90 Billet
hbm:billet_au198, Gold-198 Billet
hbm:billet_pb209, Lead-209 Billet
hbm:billet_ra226, Radium-226 Billet
hbm:billet_actinium, Actinium-227 Billet
hbm:billet_gh336, Ghiorsium-336 Billet
hbm:billet_beryllium, Beryllium Billet
hbm:billet_bismuth, Bismuth Billet
hbm:billet_zirconium, Zirconium Billet
hbm:billet_zfb_bismuth, Bismuth ZFB Billet
hbm:billet_zfb_pu241, Pu-241 ZFB Billet
hbm:billet_zfb_am_mix, Reactor Grade Americium ZFB Billet
hbm:billet_schrabidium, Schrabidium Billet
hbm:billet_solinium, Solinium Billet
hbm:billet_thorium_fuel, Thorium Fuel Billet
hbm:billet_uranium_fuel, Uranium Fuel Billet
hbm:billet_mox_fuel, MOX Fuel Billet
hbm:billet_plutonium_fuel, Plutonium Fuel Billet
hbm:billet_neptunium_fuel, Neptunium Fuel Billet
hbm:billet_americium_fuel, Americium Fuel Billet
hbm:billet_les, Low Enriched Schrabidium Fuel Billet
hbm:billet_schrabidium_fuel, Schrabidium Fuel Billet
hbm:billet_hes, Highly Enriched Schrabidium Fuel Billet
hbm:billet_po210be, Po210Be Billet
hbm:billet_ra226be, Ra226Be Billet
hbm:billet_pu238be, Pu238Be Billet
hbm:billet_australium, Australium Billet
hbm:billet_australium_lesser, Lesser Australium Billet
hbm:billet_australium_greater, Greater Australium Billet
hbm:billet_unobtainium, Unobtainium Neutron Billet
hbm:billet_yharonite, Yharonite Billet
hbm:billet_balefire_gold, Flashgold Billet
hbm:billet_flashlead, Flashlead Billet
hbm:billet_nuclear_waste, Nuclear Waste Billet
hbm:bio_wafer, Algae Wafer
hbm:nugget_uranium, Uranium Nugget
hbm:nugget_u233, Uranium-233 Nugget
hbm:nugget_u235, Uranium-235 Nugget
hbm:nugget_u238, Uranium-238 Nugget
hbm:nugget_u238m2:0, Metastable U238-2 Nugget
hbm:nugget_plutonium, Plutonium Nugget
hbm:nugget_pu238, Plutonium-238 Nugget
hbm:nugget_pu239, Plutonium-239 Nugget
hbm:nugget_pu240, Plutonium-240 Nugget
hbm:nugget_th232, Thorium-232 Nugget
hbm:nugget_pu241, Plutonium-241 Nugget
hbm:nugget_pu_mix, Reactor Grade Plutonium Nugget
hbm:nugget_am241, Americium-241 Nugget
hbm:nugget_am242, Americium-242 Nugget
hbm:nugget_am_mix, Reactor Grade Americium Nugget
hbm:nugget_technetium, Technetium-99 Nugget
hbm:nugget_neptunium, Neptunium Nugget
hbm:nugget_polonium, Polonium-210 Nugget
hbm:nugget_thorium_fuel, Nugget of Thorium Fuel
hbm:nugget_uranium_fuel, Nugget of Uranium Fuel
hbm:nugget_mox_fuel, Nugget of MOX Fuel
hbm:nugget_plutonium_fuel, Nugget of Plutonium Fuel
hbm:nugget_neptunium_fuel, Neptunium Fuel Nugget
hbm:nugget_americium_fuel, Americium Fuel Nugget
hbm:nugget_les, Low Enriched Schrabidium Fuel Nugget
hbm:nugget_schrabidium_fuel, Nugget of Schrabidium Fuel
hbm:nugget_hes, Highly Enriched Schrabidium Fuel Nugget
hbm:nugget_lead, Lead Nugget
hbm:nugget_beryllium, Beryllium Nugget
hbm:nugget_cadmium, Cadmium Nugget
hbm:nugget_bismuth, Bismuth Nugget
hbm:nugget_arsenic, Arsenic Nugget
hbm:nugget_zirconium, Zirconium Splinter
hbm:nugget_tantalium, Tantalium Nugget
hbm:nugget_desh, Desh Nugget
hbm:nugget_osmiridium, Osmiridium Nugget
hbm:nugget_schrabidium, Schrabidium Nugget
hbm:nugget_solinium, Solinium Nugget
hbm:nugget_euphemium, Euphemium Nugget
hbm:nugget_dineutronium, Dineutronium Nugget
hbm:nugget_niobium, Niobium Nugget
hbm:nugget_silicon, Silicon Nugget
hbm:nugget_actinium, Actinium-227 Nugget
hbm:nugget_cobalt, Cobalt Nugget
hbm:nugget_co60, Cobalt-60 Nugget
hbm:nugget_strontium, Strontium Nugget
hbm:nugget_sr90, Strontium-90 Nugget
hbm:nugget_pb209, Lead-209 Nugget
hbm:nugget_gh336, Ghiorsium-336 Nugget
hbm:nugget_au198, Gold-198 Nugget
hbm:nugget_ra226, Radium-226 Nugget
hbm:nugget_reiium, Reiium Nugget
hbm:nugget_weidanium, Weidanium Nugget
hbm:nugget_australium, Australium Nugget
hbm:nugget_australium_lesser, Lesser Australium Nugget
hbm:nugget_australium_greater, Greater Australium Nugget
hbm:nugget_verticium, Verticium Nugget
hbm:nugget_unobtainium, Unobtainium Nugget
hbm:nugget_unobtainium_lesser, Unobtainium-439 Nugget
hbm:nugget_unobtainium_greater, Unobtainium-440 Nugget
hbm:nugget_daffergon, Daffergon Nugget
hbm:nugget_mercury, Drop of Mercury
hbm:nugget_mercury_tiny, Tiny Drop of Mercury
hbm:bottle_mercury, Bottle of Mercury
hbm:powder_iron, Iron Powder
hbm:powder_gold, Gold Powder
hbm:powder_diamond, Diamond Powder
hbm:powder_emerald, Emerald Powder
hbm:powder_lapis, Lapis Lazuli Powder
hbm:powder_titanium, Titanium Powder
hbm:powder_tungsten, Tungsten Powder
hbm:powder_sodium, Sodium
hbm:powder_chlorocalcite, Chlorocalcite
hbm:powder_molysite, Molysite
hbm:powder_copper, Copper Powder
hbm:powder_beryllium, Beryllium Powder
hbm:powder_aluminium, Aluminium Powder
hbm:powder_lead, Lead Powder
hbm:powder_combine_steel, CMB Steel Powder
hbm:powder_tcalloy, Technetium Steel Powder
hbm:powder_cdalloy, Cadmium Steel Powder
hbm:powder_magnetized_tungsten, Magnetized Tungsten Powder
hbm:powder_chlorophyte, Chlorophyte Powder
hbm:powder_red_copper, Red Copper Powder
hbm:powder_steel, Steel Powder
hbm:powder_steel_tiny, Tiny Pile of Steel Powder
hbm:powder_lithium, Lithium Powder
hbm:powder_lithium_tiny, Tiny Pile of Lithium Powder
hbm:redstone_depleted, Desaturated Redstone Dust
hbm:powder_quartz, Quartz Powder
hbm:powder_borax, Borax
hbm:powder_dura_steel, High-Speed Steel Powder
hbm:powder_polymer, Polymer Powder
hbm:powder_bakelite, Bakelite Powder
hbm:powder_lanthanium, Lanthanium Powder
hbm:powder_lanthanium_tiny, Tiny Pile of Lanthanium Powder
hbm:powder_actinium, Actinium Powder
hbm:powder_actinium_tiny, Tiny Pile of Actinium Powder
hbm:powder_boron, Boron Powder
hbm:powder_boron_tiny, Tiny Pile of Boron Powder
hbm:powder_semtex_mix, Semtex Blend
hbm:powder_desh, Desh Powder
hbm:powder_zirconium, Zirconium Powder
hbm:powder_lignite, Lignite Powder
hbm:powder_asbestos, Asbestos Powder
hbm:powder_cadmium, Cadmium Powder
hbm:powder_bismuth, Bismuth Powder
hbm:powder_coal, Coal Powder
hbm:powder_coal_tiny, Tiny Pile of Coal Powder
hbm:powder_yellowcake, Yellowcake
hbm:powder_thorium, Thorium Powder
hbm:powder_uranium, Uranium Powder
hbm:powder_plutonium, Plutonium Powder
hbm:powder_neptunium, Neptunium Powder
hbm:powder_polonium, Polonium-210 Powder
hbm:powder_schrabidium, Schrabidium Powder
hbm:powder_schrabidate, Ferric Schrabidate Powder
hbm:powder_euphemium, Euphemium Powder
hbm:powder_dineutronium, Dineutronium Powder
hbm:powder_iodine, Iodine Powder
hbm:powder_iodine_tiny, Tiny Pile of Iodine Powder
hbm:powder_astatine, Astatine Powder
hbm:powder_neodymium, Neodymium Powder
hbm:powder_neodymium_tiny, Tiny Pile of Neodymium Powder
hbm:powder_caesium, Caesium Powder
hbm:powder_reiium, Reiium Powder
hbm:powder_weidanium, Weidanium Powder
hbm:powder_australium, Australium Powder
hbm:powder_verticium, Verticium Powder
hbm:powder_unobtainium, Unobtainium Powder
hbm:powder_daffergon, Daffergon Powder
hbm:powder_strontium, Strontium Powder
hbm:powder_cobalt, Cobalt Powder
hbm:powder_cobalt_tiny, Tiny Pile of Cobalt Powder
hbm:powder_bromine, Bromine Powder
hbm:powder_niobium, Niobium Powder
hbm:powder_niobium_tiny, Tiny Pile of Niobium Powder
hbm:powder_tantalium, Tantalium Powder
hbm:powder_tennessine, Tennessine Powder
hbm:powder_cerium, Cerium Powder
hbm:powder_cerium_tiny, Tiny Pile of Cerium Powder
hbm:powder_calcium, Calcium Powder
hbm:powder_ice, Cryo Powder
hbm:powder_limestone, Limestone Powder
hbm:powder_desh_mix, Desh Blend
hbm:powder_desh_ready, DeshReady™ Blend
hbm:powder_nitan_mix, Nitanium Blend
hbm:powder_spark_mix, Spark Blend
hbm:powder_fire, Red Phosphorus
hbm:powder_meteorite, Meteorite Powder
hbm:powder_meteorite_tiny, Tiny Pile of Meteorite Powder
hbm:powder_flux, Flux
hbm:powder_fertilizer, Industrial Fertilizer
hbm:powder_tektite, Tektite Powder
hbm:powder_paleogenite_tiny, Tiny Pile of Paleogenite Powder
hbm:powder_paleogenite, Paleogenite Powder
hbm:powder_impure_osmiridium, Impure Osmiridium Powder
hbm:powder_osmiridium, Osmiridium Powder
hbm:powder_magic, Pulverized Enchantment
hbm:powder_cloud, Cloud Residue
hbm:powder_balefire, Thermonuclear Ashes
hbm:powder_sawdust, Sawdust
hbm:powder_coltan_ore, Crushed Coltan
hbm:powder_coltan, Purified Tantalite
hbm:powder_poison, Poison Powder
hbm:powder_thermite, Thermite
hbm:powder_power, Energy Powder
hbm:powder_co60, Cobalt-60 Powder
hbm:powder_co60_tiny, Tiny Pile of Cobalt-60 Powder
hbm:powder_sr90, Strontium-90 Powder
hbm:powder_sr90_tiny, Tiny Pile of Strontium-90 Powder
hbm:powder_at209, Astatine-209 Powder
hbm:powder_at209_tiny, Tiny Pile of Astatine-209 Powder
hbm:powder_pb209, Lead-209 Powder
hbm:powder_pb209_tiny, Tiny Pile of Lead-209 Powder
hbm:powder_i131, Iodine-131 Powder
hbm:powder_i131_tiny, Tiny Pile of Iodine-131 Powder
hbm:powder_cs137, Caesium-137 Powder
hbm:powder_cs137_tiny, Tiny Pile of Caesium-137 Powder
hbm:powder_xe135, Xenon-135 Powder
hbm:powder_xe135_tiny, Tiny Pile of Xenon-135 Powder
hbm:powder_au198, Gold-198 Powder
hbm:powder_au198_tiny, Tiny Pile of Gold-198 Powder
hbm:powder_ra226, Radium-226 Powder
hbm:sulfur, Sulfur
hbm:nitra, Nitra
hbm:nitra_small, Small Pile of Nitra
hbm:niter, Niter
hbm:fluorite, Fluorite
hbm:lithium, Lithium Cube
hbm:ingot_semtex, Bar of Semtex
hbm:ingot_c4, Bar of Composition C-4
hbm:trinitite, Trinitite
hbm:nuclear_waste_long:0, Long-Lived Nuclear Waste
hbm:nuclear_waste_long:1, Long-Lived Nuclear Waste
hbm:nuclear_waste_long:2, Long-Lived Nuclear Waste
hbm:nuclear_waste_long:3, Long-Lived Nuclear Waste
hbm:nuclear_waste_long:4, Long-Lived Nuclear Waste
hbm:nuclear_waste_long_tiny:0, Tiny Pile of Long-Lived Nuclear Waste
hbm:nuclear_waste_long_tiny:1, Tiny Pile of Long-Lived Nuclear Waste
hbm:nuclear_waste_long_tiny:2, Tiny Pile of Long-Lived Nuclear Waste
hbm:nuclear_waste_long_tiny:3, Tiny Pile of Long-Lived Nuclear Waste
hbm:nuclear_waste_long_tiny:4, Tiny Pile of Long-Lived Nuclear Waste
hbm:nuclear_waste_short:0, Short-Lived Nuclear Waste
hbm:nuclear_waste_short:1, Short-Lived Nuclear Waste
hbm:nuclear_waste_short:2, Short-Lived Nuclear Waste
hbm:nuclear_waste_short:3, Short-Lived Nuclear Waste
hbm:nuclear_waste_short:4, Short-Lived Nuclear Waste
hbm:nuclear_waste_short:5, Short-Lived Nuclear Waste
hbm:nuclear_waste_short:6, Short-Lived Nuclear Waste
hbm:nuclear_waste_short:7, Short-Lived Nuclear Waste
hbm:nuclear_waste_short:8, Short-Lived Nuclear Waste
hbm:nuclear_waste_short:9, Short-Lived Nuclear Waste
hbm:nuclear_waste_short:10, Short-Lived Nuclear Waste
hbm:nuclear_waste_short:11, Short-Lived Nuclear Waste
hbm:nuclear_waste_short_tiny:0, Tiny Pile of Short-Lived Nuclear Waste
hbm:nuclear_waste_short_tiny:1, Tiny Pile of Short-Lived Nuclear Waste
hbm:nuclear_waste_short_tiny:2, Tiny Pile of Short-Lived Nuclear Waste
hbm:nuclear_waste_short_tiny:3, Tiny Pile of Short-Lived Nuclear Waste
hbm:nuclear_waste_short_tiny:4, Tiny Pile of Short-Lived Nuclear Waste
hbm:nuclear_waste_short_tiny:5, Tiny Pile of Short-Lived Nuclear Waste
hbm:nuclear_waste_short_tiny:6, Tiny Pile of Short-Lived Nuclear Waste
hbm:nuclear_waste_short_tiny:7, Tiny Pile of Short-Lived Nuclear Waste
hbm:nuclear_waste_short_tiny:8, Tiny Pile of Short-Lived Nuclear Waste
hbm:nuclear_waste_short_tiny:9, Tiny Pile of Short-Lived Nuclear Waste
hbm:nuclear_waste_short_tiny:10, Tiny Pile of Short-Lived Nuclear Waste
hbm:nuclear_waste_short_tiny:11, Tiny Pile of Short-Lived Nuclear Waste
hbm:nuclear_waste_long_depleted:0, Decayed Long-Lived Nuclear Waste
hbm:nuclear_waste_long_depleted:1, Decayed Long-Lived Nuclear Waste
hbm:nuclear_waste_long_depleted:2, Decayed Long-Lived Nuclear Waste
hbm:nuclear_waste_long_depleted:3, Decayed Long-Lived Nuclear Waste
hbm:nuclear_waste_long_depleted:4, Decayed Long-Lived Nuclear Waste
hbm:nuclear_waste_long_depleted_tiny:0, Tiny Pile of Decayed Long-Lived Nuclear Waste
hbm:nuclear_waste_long_depleted_tiny:1, Tiny Pile of Decayed Long-Lived Nuclear Waste
hbm:nuclear_waste_long_depleted_tiny:2, Tiny Pile of Decayed Long-Lived Nuclear Waste
hbm:nuclear_waste_long_depleted_tiny:3, Tiny Pile of Decayed Long-Lived Nuclear Waste
hbm:nuclear_waste_long_depleted_tiny:4, Tiny Pile of Decayed Long-Lived Nuclear Waste
hbm:nuclear_waste_short_depleted:0, Decayed Short-Lived Nuclear Waste
hbm:nuclear_waste_short_depleted:1, Decayed Short-Lived Nuclear Waste
hbm:nuclear_waste_short_depleted:2, Decayed Short-Lived Nuclear Waste
hbm:nuclear_waste_short_depleted:3, Decayed Short-Lived Nuclear Waste
hbm:nuclear_waste_short_depleted:4, Decayed Short-Lived Nuclear Waste
hbm:nuclear_waste_short_depleted:5, Decayed Short-Lived Nuclear Waste
hbm:nuclear_waste_short_depleted:6, Decayed Short-Lived Nuclear Waste
hbm:nuclear_waste_short_depleted:7, Decayed Short-Lived Nuclear Waste
hbm:nuclear_waste_short_depleted:8, Decayed Short-Lived Nuclear Waste
hbm:nuclear_waste_short_depleted:9, Decayed Short-Lived Nuclear Waste
hbm:nuclear_waste_short_depleted:10, Decayed Short-Lived Nuclear Waste
hbm:nuclear_waste_short_depleted:11, Decayed Short-Lived Nuclear Waste
hbm:nuclear_waste_short_depleted_tiny:0, Tiny Pile of Decayed Short-Lived Nuclear Waste
hbm:nuclear_waste_short_depleted_tiny:1, Tiny Pile of Decayed Short-Lived Nuclear Waste
hbm:nuclear_waste_short_depleted_tiny:2, Tiny Pile of Decayed Short-Lived Nuclear Waste
hbm:nuclear_waste_short_depleted_tiny:3, Tiny Pile of Decayed Short-Lived Nuclear Waste
hbm:nuclear_waste_short_depleted_tiny:4, Tiny Pile of Decayed Short-Lived Nuclear Waste
hbm:nuclear_waste_short_depleted_tiny:5, Tiny Pile of Decayed Short-Lived Nuclear Waste
hbm:nuclear_waste_short_depleted_tiny:6, Tiny Pile of Decayed Short-Lived Nuclear Waste
hbm:nuclear_waste_short_depleted_tiny:7, Tiny Pile of Decayed Short-Lived Nuclear Waste
hbm:nuclear_waste_short_depleted_tiny:8, Tiny Pile of Decayed Short-Lived Nuclear Waste
hbm:nuclear_waste_short_depleted_tiny:9, Tiny Pile of Decayed Short-Lived Nuclear Waste
hbm:nuclear_waste_short_depleted_tiny:10, Tiny Pile of Decayed Short-Lived Nuclear Waste
hbm:nuclear_waste_short_depleted_tiny:11, Tiny Pile of Decayed Short-Lived Nuclear Waste
hbm:nuclear_waste, Nuclear Waste
hbm:nuclear_waste_tiny, Tiny Pile of Nuclear Waste
hbm:nuclear_waste_vitrified, Vitrified Nuclear Waste
hbm:nuclear_waste_vitrified_tiny, Tiny Pile of Vitrified Nuclear Waste
hbm:scrap_plastic, Plastic Scraps
hbm:scrap, Scrap
hbm:scrap_oil, Oily Scraps
hbm:scrap_nuclear, Radioactive Scraps
hbm:dust, Dust
hbm:dust_tiny, Tiny Pile of Dust
hbm:falloutitem, Pile of Fallout
hbm:containment_box, Containment Box
hbm:plastic_bag, Plastic Bag
hbm:ammo_bag, Ammo Bag
hbm:ammo_bag_infinite, Infinite Ammo Bag
hbm:casing_bag, Bullet Casing Bag
hbm:tritium_deuterium_cake, Tritium-Deuterium-Cake
hbm:pile_rod_uranium, Chicago Pile Uranium Rod
hbm:pile_rod_pu239, Chicago Pile Bred Uranium Rod
hbm:pile_rod_plutonium, Chicago Pile Plutonium Rod
hbm:pile_rod_source, Chicago Pile Ra226Be Neutron Source
hbm:pile_rod_boron, Chicago Pile Control Rod
hbm:pile_rod_lithium, Chicago Pile Lithium Cell
hbm:pile_rod_detector, Chicago Pile Control & Detector Rod
hbm:rod_empty, Empty Rod
hbm:rod_dual_empty, Empty Dual Rod
hbm:rod_quad_empty, Empty Quad Rod
hbm:rod_zirnox_empty, Empty ZIRNOX Rod
hbm:rod_zirnox_tritium, ZIRNOX Tritium Rod
hbm:rod_zirnox:0, ZIRNOX Natural Uranium Fuel Rod
hbm:rod_zirnox:1, ZIRNOX Uranium Fuel Rod
hbm:rod_zirnox:2, ZIRNOX Thorium-232 Rod
hbm:rod_zirnox:3, ZIRNOX Thorium Fuel Rod
hbm:rod_zirnox:4, ZIRNOX MOX Fuel Rod
hbm:rod_zirnox:5, ZIRNOX Plutonium Fuel Rod
hbm:rod_zirnox:6, ZIRNOX Uranium-233 Fuel Rod
hbm:rod_zirnox:7, ZIRNOX Uranium-235 Fuel Rod
hbm:rod_zirnox:8, ZIRNOX LES Fuel Rod
hbm:rod_zirnox:9, ZIRNOX Lithium Rod
hbm:rod_zirnox:10, ZIRNOX ZFB MOX Fuel Rod
hbm:rod_zirnox_depleted:0, Depleted ZIRNOX Natural Uranium Fuel Rod
hbm:rod_zirnox_depleted:1, Depleted ZIRNOX Uranium Fuel Rod
hbm:rod_zirnox_depleted:2, Depleted ZIRNOX Thorium Fuel Rod
hbm:rod_zirnox_depleted:3, Depleted ZIRNOX MOX Fuel Rod
hbm:rod_zirnox_depleted:4, Depleted ZIRNOX Plutonium Fuel Rod
hbm:rod_zirnox_depleted:5, Depleted ZIRNOX Uranium-233 Fuel Rod
hbm:rod_zirnox_depleted:6, Depleted ZIRNOX Uranium-235 Fuel Rod
hbm:rod_zirnox_depleted:7, Depleted ZIRNOX LES Fuel Rod
hbm:rod_zirnox_depleted:8, Depleted ZIRNOX ZFB MOX Fuel Rod
hbm:waste_natural_uranium:0, Depleted Natural Uranium Fuel
hbm:waste_natural_uranium:1, Depleted Natural Uranium Fuel
hbm:waste_uranium:0, Depleted Uranium Fuel
hbm:waste_uranium:1, Depleted Uranium Fuel
hbm:waste_thorium:0, Depleted Thorium Fuel
hbm:waste_thorium:1, Depleted Thorium Fuel
hbm:waste_mox:0, Depleted MOX Fuel
hbm:waste_mox:1, Depleted MOX Fuel
hbm:waste_plutonium:0, Depleted Plutonium Fuel
hbm:waste_plutonium:1, Depleted Plutonium Fuel
hbm:waste_u233:0, Depleted Uranium-233 Fuel
hbm:waste_u233:1, Depleted Uranium-233 Fuel
hbm:waste_u235:0, Depleted Uranium-235 Fuel
hbm:waste_u235:1, Depleted Uranium-235 Fuel
hbm:waste_schrabidium:0, Depleted Schrabidium Fuel
hbm:waste_schrabidium:1, Depleted Schrabidium Fuel
hbm:waste_zfb_mox:0, Depleted ZFB MOX Fuel
hbm:waste_zfb_mox:1, Depleted ZFB MOX Fuel
hbm:waste_plate_u233:0, Depleted HEU-233 Plate Fuel
hbm:waste_plate_u233:1, Depleted HEU-233 Plate Fuel
hbm:waste_plate_u235:0, Depleted HEU-235 Plate Fuel
hbm:waste_plate_u235:1, Depleted HEU-235 Plate Fuel
hbm:waste_plate_mox:0, Depleted MOX Plate Fuel
hbm:waste_plate_mox:1, Depleted MOX Plate Fuel
hbm:waste_plate_pu239:0, Depleted HEP-239 Plate Fuel
hbm:waste_plate_pu239:1, Depleted HEP-239 Plate Fuel
hbm:waste_plate_sa326:0, Depleted HES-326 Plate Fuel
hbm:waste_plate_sa326:1, Depleted HES-326 Plate Fuel
hbm:waste_plate_ra226be:0, Depleted Ra226Be Plate Fuel
hbm:waste_plate_ra226be:1, Depleted Ra226Be Plate Fuel
hbm:waste_plate_pu238be:0, Depleted Pu238Be Plate Fuel
hbm:waste_plate_pu238be:1, Depleted Pu238Be Plate Fuel
hbm:plate_fuel_u233, HEU-233 Plate Fuel
hbm:plate_fuel_u235, HEU-235 Plate Fuel
hbm:plate_fuel_mox, MOX Plate Fuel
hbm:plate_fuel_pu239, HEP-239 Plate Fuel
hbm:plate_fuel_sa326, HES-326 Plate Fuel
hbm:plate_fuel_ra226be, Ra226Be Plate Fuel
hbm:plate_fuel_pu238be, Pu238Be Plate Fuel
hbm:pwr_fuel:0, MEU PWR Fuel Rod
hbm:pwr_fuel:1, HEU-233 PWR Fuel Rod
hbm:pwr_fuel:2, HEU-235 PWR Fuel Rod
hbm:pwr_fuel:3, MEN PWR Fuel Rod
hbm:pwr_fuel:4, HEN-237 PWR Fuel Rod
hbm:pwr_fuel:5, MOX PWR Fuel Rod
hbm:pwr_fuel:6, MEP PWR Fuel Rod
hbm:pwr_fuel:7, HEP-239 PWR Fuel Rod
hbm:pwr_fuel:8, HEP-241 PWR Fuel Rod
hbm:pwr_fuel:9, MEA PWR Fuel Rod
hbm:pwr_fuel:10, HEA-242 PWR Fuel Rod
hbm:pwr_fuel:11, HES-326 PWR Fuel Rod
hbm:pwr_fuel:12, HES-327 PWR Fuel Rod
hbm:pwr_fuel:13, Fuel Grade Americium PWR BFB Rod
hbm:pwr_fuel:14, Plutonium-241 PWR BFB Rod
hbm:pwr_fuel_hot:0, Hot MEU PWR Fuel Rod
hbm:pwr_fuel_hot:1, Hot HEU-233 PWR Fuel Rod
hbm:pwr_fuel_hot:2, Hot HEU-235 PWR Fuel Rod
hbm:pwr_fuel_hot:3, Hot MEN PWR Fuel Rod
hbm:pwr_fuel_hot:4, Hot HEN-237 PWR Fuel Rod
hbm:pwr_fuel_hot:5, Hot MOX PWR Fuel Rod
hbm:pwr_fuel_hot:6, Hot MEP PWR Fuel Rod
hbm:pwr_fuel_hot:7, Hot HEP-239 PWR Fuel Rod
hbm:pwr_fuel_hot:8, Hot HEP-241 PWR Fuel Rod
hbm:pwr_fuel_hot:9, Hot MEA PWR Fuel Rod
hbm:pwr_fuel_hot:10, Hot HEA-242 PWR Fuel Rod
hbm:pwr_fuel_hot:11, Hot HES-326 PWR Fuel Rod
hbm:pwr_fuel_hot:12, Hot HES-327 PWR Fuel Rod
hbm:pwr_fuel_hot:13, Hot Fuel Grade Americium PWR BFB Rod
hbm:pwr_fuel_hot:14, Hot Plutonium-241 PWR BFB Rod
hbm:pwr_fuel_depleted:0, Depleted MEU PWR Fuel Rod
hbm:pwr_fuel_depleted:1, Depleted HEU-233 PWR Fuel Rod
hbm:pwr_fuel_depleted:2, Depleted HEU-235 PWR Fuel Rod
hbm:pwr_fuel_depleted:3, Depleted MEN PWR Fuel Rod
hbm:pwr_fuel_depleted:4, Depleted HEN-237 PWR Fuel Rod
hbm:pwr_fuel_depleted:5, Depleted MOX PWR Fuel Rod
hbm:pwr_fuel_depleted:6, Depleted MEP PWR Fuel Rod
hbm:pwr_fuel_depleted:7, Depleted HEP-239 PWR Fuel Rod
hbm:pwr_fuel_depleted:8, Depleted HEP-241 PWR Fuel Rod
hbm:pwr_fuel_depleted:9, Depleted MEA PWR Fuel Rod
hbm:pwr_fuel_depleted:10, Depleted HEA-242 PWR Fuel Rod
hbm:pwr_fuel_depleted:11, Depleted HES-326 PWR Fuel Rod
hbm:pwr_fuel_depleted:12, Depleted HES-327 PWR Fuel Rod
hbm:pwr_fuel_depleted:13, Depleted Fuel Grade Americium PWR BFB Rod
hbm:pwr_fuel_depleted:14, Depleted Plutonium-241 PWR BFB Rod
hbm:rod:0, Lithium Rod
hbm:rod:1, Tritium Rod
hbm:rod:2, Cobalt Rod
hbm:rod:3, Cobalt-60 Rod
hbm:rod:4, Thorium-232 Rod
hbm:rod:5, Thorium Fuel Rod
hbm:rod:6, Uranium-235 Rod
hbm:rod:7, Neptunium-237 Rod
hbm:rod:8, Uranium-238 Rod
hbm:rod:9, Plutonium-238 Rod
hbm:rod:10, Plutonium-239 Rod
hbm:rod:11, Reactor-Grade Plutonium Rod
hbm:rod:12, Nuclear Waste Rod
hbm:rod:13, Lead Rod
hbm:rod:14, Uranium Rod
hbm:rod:15, Radium-226 Rod
hbm:rod:16, Actinium-227 Rod
hbm:rod_dual:0, Lithium Dual Rod
hbm:rod_dual:1, Tritium Dual Rod
hbm:rod_dual:2, Cobalt Dual Rod
hbm:rod_dual:3, Cobalt-60 Dual Rod
hbm:rod_dual:4, Thorium-232 Dual Rod
hbm:rod_dual:5, Thorium Fuel Dual Rod
hbm:rod_dual:6, Uranium-235 Dual Rod
hbm:rod_dual:7, Neptunium-237 Dual Rod
hbm:rod_dual:8, Uranium-238 Dual Rod
hbm:rod_dual:9, Plutonium-238 Dual Rod
hbm:rod_dual:10, Plutonium-239 Dual Rod
hbm:rod_dual:11, Reactor-Grade Plutonium Dual Rod
hbm:rod_dual:12, Nuclear Waste Dual Rod
hbm:rod_dual:13, Lead Dual Rod
hbm:rod_dual:14, Uranium Dual Rod
hbm:rod_dual:15, Radium-226 Dual Rod
hbm:rod_dual:16, Actinium-227 Dual Rod
hbm:rod_quad:0, Lithium Quad Rod
hbm:rod_quad:1, Tritium Quad Rod
hbm:rod_quad:2, Cobalt Quad Rod
hbm:rod_quad:3, Cobalt-60 Quad Rod
hbm:rod_quad:4, Thorium-232 Quad Rod
hbm:rod_quad:5, Thorium Fuel Quad Rod
hbm:rod_quad:6, Uranium-235 Quad Rod
hbm:rod_quad:7, Neptunium-237 Quad Rod
hbm:rod_quad:8, Uranium-238 Quad Rod
hbm:rod_quad:9, Plutonium-238 Quad Rod
hbm:rod_quad:10, Plutonium-239 Quad Rod
hbm:rod_quad:11, Reactor-Grade Plutonium Quad Rod
hbm:rod_quad:12, Nuclear Waste Quad Rod
hbm:rod_quad:13, Lead Quad Rod
hbm:rod_quad:14, Uranium Quad Rod
hbm:rod_quad:15, Radium-226 Quad Rod
hbm:rod_quad:16, Actinium-227 Quad Rod
hbm:pellet_rtg_depleted:0, Decayed Bismuth RTG Pellet
hbm:pellet_rtg_depleted:1, Decayed Mercury RTG Pellet
hbm:pellet_rtg_depleted:2, Decayed Neptunium RTG Pellet
hbm:pellet_rtg_depleted:3, Decayed Lead RTG Pellet
hbm:pellet_rtg_depleted:4, Decayed Zirconium RTG Pellet
hbm:pellet_rtg_depleted:5, Decayed Nickel RTG Pellet
hbm:pellet_rtg_radium, Radium-226 RTG Pellet
hbm:pellet_rtg_weak, Weak Uranium RTG Pellet
hbm:pellet_rtg, Plutonium-238 RTG Pellet
hbm:pellet_rtg_strontium, Strontium-90 RTG Pellet
hbm:pellet_rtg_cobalt, Cobalt-60 RTG Pellet
hbm:pellet_rtg_actinium, Actinium-227 RTG Pellet
hbm:pellet_rtg_americium, Americium-241 RTG Pellet
hbm:pellet_rtg_polonium, Polonium-210 RTG Pellet
hbm:pellet_rtg_gold, Gold-198 RTG Pellet
hbm:pellet_rtg_lead, Lead-209 RTG Pellet
hbm:pellet_rtg_balefire, Balefire-XXX RTG Pellet
hbm:pellet_coal, Dense Coal Cluster
hbm:chlorine_pinwheel, Chlorine Pinwheel
hbm:ring_starmetal, §9Starmetal Ring§r
hbm:flywheel_beryllium, Beryllium Flywheel
hbm:biomass, Biomass
hbm:biomass_compressed, Compressed Biomass
hbm:ball_resin, Latex
hbm:cordite, Cordite
hbm:ballistite, Ballistite
hbm:ball_dynamite, Dynamite
hbm:ball_tnt, TNT
hbm:ball_tatb, TATB
hbm:ball_fireclay, Fireclay
hbm:plant_item:0, Tobacco
hbm:plant_item:1, Rope
hbm:plant_item:2, Mustard Willow Leaf
hbm:mold_base, Blank Foundry Mold
hbm:mold:0, Foundry Mold
hbm:mold:1, Foundry Mold
hbm:mold:2, Foundry Mold
hbm:mold:3, Foundry Mold
hbm:mold:4, Foundry Mold
hbm:mold:5, Foundry Mold
hbm:mold:6, Foundry Mold
hbm:mold:7, Foundry Mold
hbm:mold:8, Foundry Mold
hbm:mold:9, Foundry Mold
hbm:mold:10, Foundry Mold
hbm:mold:11, Foundry Mold
hbm:mold:12, Foundry Mold
hbm:mold:13, Foundry Mold
hbm:mold:15, Foundry Mold
hbm:mold:16, Foundry Mold
hbm:mold:17, Foundry Mold
hbm:mold:19, Foundry Mold
hbm:mold:20, Foundry Mold
hbm:mold:21, Foundry Mold
hbm:mold:22, Foundry Mold
hbm:mold:23, Foundry Mold
hbm:mold:24, Foundry Mold
hbm:mold:25, Foundry Mold
hbm:mold:26, Foundry Mold
hbm:mold:27, Foundry Mold
hbm:mold:28, Foundry Mold
hbm:scraps:0, Stone Scraps
hbm:scraps:699, Carbon Scraps
hbm:scraps:2600, Iron Scraps
hbm:scraps:7900, Gold Scraps
hbm:scraps:1, Redstone Scraps
hbm:scraps:2, Obsidian Scraps
hbm:scraps:2601, Hematite Scraps
hbm:scraps:2602, Wrought Iron Scraps
hbm:scraps:2603, Pig Iron Scraps
hbm:scraps:2604, Meteoric Iron Scraps
hbm:scraps:2901, Malachite Scraps
hbm:scraps:9200, Uranium Scraps
hbm:scraps:9233, Uranium-233 Scraps
hbm:scraps:9235, Uranium-235 Scraps
hbm:scraps:9238, Uranium-238 Scraps
hbm:scraps:9032, Thorium-232 Scraps
hbm:scraps:9400, Plutonium Scraps
hbm:scraps:9401, Reactor-Grade Plutonium Scraps
hbm:scraps:9438, Plutonium-238 Scraps
hbm:scraps:9439, Plutonium-239 Scraps
hbm:scraps:9440, Plutonium-240 Scraps
hbm:scraps:9441, Plutonium-241 Scraps
hbm:scraps:9501, Reactor-Grade Americium Scraps
hbm:scraps:9541, Americium-241 Scraps
hbm:scraps:9542, Americium-242 Scraps
hbm:scraps:9337, Neptunium-237 Scraps
hbm:scraps:8410, Polonium-210 Scraps
hbm:scraps:4399, Technetium-99 Scraps
hbm:scraps:8826, Radium-226 Scraps
hbm:scraps:8927, Actinium-227 Scraps
hbm:scraps:2760, Cobalt-60 Scraps
hbm:scraps:7998, Gold-198 Scraps
hbm:scraps:8209, Lead-209 Scraps
hbm:scraps:12626, Schrabidium Scraps
hbm:scraps:12627, Solinium Scraps
hbm:scraps:12600, Ferric Schrabidate Scraps
hbm:scraps:12601, Schraranium Scraps
hbm:scraps:12836, Ghiorsium-336 Scraps
hbm:scraps:2200, Titanium Scraps
hbm:scraps:2900, Copper Scraps
hbm:scraps:7400, Tungsten Scraps
hbm:scraps:1300, Aluminium Scraps
hbm:scraps:8200, Lead Scraps
hbm:scraps:8300, Bismuth Scraps
hbm:scraps:3300, Arsenic Scraps
hbm:scraps:7300, Tantalum Scraps
hbm:scraps:6000, Neodymium Scraps
hbm:scraps:4100, Niobium Scraps
hbm:scraps:400, Beryllium Scraps
hbm:scraps:2700, Cobalt Scraps
hbm:scraps:500, Boron Scraps
hbm:scraps:501, Borax Scraps
hbm:scraps:5700, Lanthanium Scraps
hbm:scraps:4000, Zirconium Scraps
hbm:scraps:1100, Sodium Scraps
hbm:scraps:3800, Strontium Scraps
hbm:scraps:2000, Calcium Scraps
hbm:scraps:300, Lithium Scraps
hbm:scraps:4800, Cadmium Scraps
hbm:scraps:1400, Silicon Scraps
hbm:scraps:1401, Asbestos Scraps
hbm:scraps:7699, Osmiridium Scraps
hbm:scraps:30, Steel Scraps
hbm:scraps:31, Minecraft Grade Copper Scraps
hbm:scraps:33, High-Speed Steel Scraps
hbm:scraps:42, Desh Scraps
hbm:scraps:35, Starmetal Scraps
hbm:scraps:37, Ferrouranium Scraps
hbm:scraps:36, Technetium Steel Scraps
hbm:scraps:43, Cadmium Steel Scraps
hbm:scraps:46, Bismuth Bronze Scraps
hbm:scraps:47, Arsenic Bronze Scraps
hbm:scraps:48, BSCCO Scraps
hbm:scraps:38, Magnetized Tungsten Scraps
hbm:scraps:39, Combine Steel Scraps
hbm:scraps:45, Dineutronium Scraps
hbm:scraps:40, Flux Scraps
hbm:scraps:41, Slag Scraps
hbm:scraps:44, Poisonous Mud Scraps
hbm:scraps:49, Gunmetal Scraps
hbm:scraps:50, Weapon Steel Scraps
hbm:scraps:34, Saturnite Scraps
hbm:scraps:2800, Nickel Scraps
hbm:scraps:3100, Gallium Scraps
hbm:scraps:3000, Zinc Scraps
hbm:scraps:7200, Hafnium Scraps
hbm:scraps:2993, Conglomerate Scraps
hbm:scraps:7700, Iridium Scraps
hbm:scraps:13800, Australium Scraps
hbm:scraps:13895, Tasmanite Scraps
hbm:scraps:13851, Ayerite Scraps
hbm:scraps:24000, Gallium Arsenide Scraps
hbm:scraps:24001, Stainless Steel Scraps
hbm:scraps:24002, hbmmat.richmagma Scraps
hbm:shell:2200, Titanium Shell
hbm:shell:2900, Copper Shell
hbm:shell:1300, Aluminium Shell
hbm:shell:30, Steel Shell
hbm:shell:50, Weapon Steel Shell
hbm:shell:34, Saturnite Shell
hbm:pipe:2600, Iron Pipe
hbm:pipe:2900, Copper Pipe
hbm:pipe:1300, Aluminium Pipe
hbm:pipe:8200, Lead Pipe
hbm:pipe:30, Steel Pipe
hbm:pipe:33, High-Speed Steel Pipe
hbm:pipe:20003, Rubber Pipe
hbm:ingot_raw:1, Redstone Ingot
hbm:ingot_raw:6000, Neodymium Ingot
hbm:ingot_raw:501, Borax Ingot
hbm:ingot_raw:1100, Sodium Ingot
hbm:ingot_raw:3800, Strontium Ingot
hbm:ingot_raw:41, Slag Ingot
hbm:ingot_raw:7700, Iridium Ingot
hbm:plate_cast:2600, Cast Iron Plate
hbm:plate_cast:7900, Cast Gold Plate
hbm:plate_cast:12626, Cast Schrabidium Plate
hbm:plate_cast:12600, Cast Ferric Schrabidate Plate
hbm:plate_cast:2200, Cast Titanium Plate
hbm:plate_cast:2900, Cast Copper Plate
hbm:plate_cast:7400, Cast Tungsten Plate
hbm:plate_cast:1300, Cast Aluminium Plate
hbm:plate_cast:8200, Cast Lead Plate
hbm:plate_cast:4000, Cast Zirconium Plate
hbm:plate_cast:7699, Cast Osmiridium Plate
hbm:plate_cast:30, Cast Steel Plate
hbm:plate_cast:33, Cast High-Speed Steel Plate
hbm:plate_cast:42, Cast Desh Plate
hbm:plate_cast:35, Cast Starmetal Plate
hbm:plate_cast:37, Cast Ferrouranium Plate
hbm:plate_cast:36, Cast Technetium Steel Plate
hbm:plate_cast:43, Cast Cadmium Steel Plate
hbm:plate_cast:46, Cast Bismuth Bronze Plate
hbm:plate_cast:47, Cast Arsenic Bronze Plate
hbm:plate_cast:39, Cast Combine Steel Plate
hbm:plate_cast:50, Cast Weapon Steel Plate
hbm:plate_cast:34, Cast Saturnite Plate
hbm:plate_cast:24001, Cast Stainless Steel Plate
hbm:plate_welded:2600, Welded Iron Plate
hbm:plate_welded:2200, Welded Titanium Plate
hbm:plate_welded:2900, Welded Copper Plate
hbm:plate_welded:7400, Welded Tungsten Plate
hbm:plate_welded:1300, Welded Aluminium Plate
hbm:plate_welded:4000, Welded Zirconium Plate
hbm:plate_welded:7699, Welded Osmiridium Plate
hbm:plate_welded:30, Welded Steel Plate
hbm:plate_welded:36, Welded Technetium Steel Plate
hbm:plate_welded:43, Welded Cadmium Steel Plate
hbm:plate_welded:39, Welded Combine Steel Plate
hbm:plate_welded:24001, Welded Stainless Steel Plate
hbm:wire_fine:699, Carbon Wire
hbm:wire_fine:7900, Gold Wire
hbm:wire_fine:12626, Schrabidium Wire
hbm:wire_fine:2900, Copper Wire
hbm:wire_fine:7400, Tungsten Wire
hbm:wire_fine:1300, Aluminium Wire
hbm:wire_fine:8200, Lead Wire
hbm:wire_fine:4000, Zirconium Wire
hbm:wire_fine:30, Steel Wire
hbm:wire_fine:31, Minecraft Grade Copper Wire
hbm:wire_fine:38, Magnetized Tungsten Wire
hbm:wire_fine:3000, Zinc Wire
hbm:wire_dense:7900, Dense Gold Wire
hbm:wire_dense:12626, Dense Schrabidium Wire
hbm:wire_dense:12600, Dense Ferric Schrabidate Wire
hbm:wire_dense:2200, Dense Titanium Wire
hbm:wire_dense:2900, Dense Copper Wire
hbm:wire_dense:7400, Dense Tungsten Wire
hbm:wire_dense:6000, Dense Neodymium Wire
hbm:wire_dense:4100, Dense Niobium Wire
hbm:wire_dense:31, Dense Minecraft Grade Copper Wire
hbm:wire_dense:35, Dense Starmetal Wire
hbm:wire_dense:48, Dense BSCCO Wire
hbm:wire_dense:38, Dense Magnetized Tungsten Wire
hbm:wire_dense:45, Dense Dineutronium Wire
hbm:bolt:7400, Tungsten Bolt
hbm:bolt:8200, Lead Bolt
hbm:bolt:30, Steel Bolt
hbm:bolt:33, High-Speed Steel Bolt
hbm:bolt_spike, Railroad Spike
hbm:part_barrel_light:30, Light Steel Barrel
hbm:part_barrel_light:33, Light High-Speed Steel Barrel
hbm:part_barrel_light:42, Light Desh Barrel
hbm:part_barrel_light:36, Light Technetium Steel Barrel
hbm:part_barrel_light:43, Light Cadmium Steel Barrel
hbm:part_barrel_light:46, Light Bismuth Bronze Barrel
hbm:part_barrel_light:47, Light Arsenic Bronze Barrel
hbm:part_barrel_light:49, Light Gunmetal Barrel
hbm:part_barrel_light:50, Light Weapon Steel Barrel
hbm:part_barrel_light:34, Light Saturnite Barrel
hbm:part_barrel_heavy:30, Heavy Steel Barrel
hbm:part_barrel_heavy:33, Heavy High-Speed Steel Barrel
hbm:part_barrel_heavy:42, Heavy Desh Barrel
hbm:part_barrel_heavy:37, Heavy Ferrouranium Barrel
hbm:part_barrel_heavy:36, Heavy Technetium Steel Barrel
hbm:part_barrel_heavy:43, Heavy Cadmium Steel Barrel
hbm:part_barrel_heavy:49, Heavy Gunmetal Barrel
hbm:part_barrel_heavy:50, Heavy Weapon Steel Barrel
hbm:part_barrel_heavy:34, Heavy Saturnite Barrel
hbm:part_receiver_light:30, Light Steel Receiver
hbm:part_receiver_light:33, Light High-Speed Steel Receiver
hbm:part_receiver_light:42, Light Desh Receiver
hbm:part_receiver_light:36, Light Technetium Steel Receiver
hbm:part_receiver_light:43, Light Cadmium Steel Receiver
hbm:part_receiver_light:46, Light Bismuth Bronze Receiver
hbm:part_receiver_light:47, Light Arsenic Bronze Receiver
hbm:part_receiver_light:49, Light Gunmetal Receiver
hbm:part_receiver_light:50, Light Weapon Steel Receiver
hbm:part_receiver_light:34, Light Saturnite Receiver
hbm:part_receiver_heavy:33, Heavy High-Speed Steel Receiver
hbm:part_receiver_heavy:37, Heavy Ferrouranium Receiver
hbm:part_receiver_heavy:36, Heavy Technetium Steel Receiver
hbm:part_receiver_heavy:43, Heavy Cadmium Steel Receiver
hbm:part_receiver_heavy:46, Heavy Bismuth Bronze Receiver
hbm:part_receiver_heavy:47, Heavy Arsenic Bronze Receiver
hbm:part_receiver_heavy:49, Heavy Gunmetal Receiver
hbm:part_receiver_heavy:50, Heavy Weapon Steel Receiver
hbm:part_receiver_heavy:34, Heavy Saturnite Receiver
hbm:part_mechanism:49, Gunmetal Mechanism
hbm:part_mechanism:50, Weapon Steel Mechanism
hbm:part_mechanism:34, Saturnite Mechanism
hbm:part_stock:3, Wood Stock
hbm:part_stock:42, Desh Stock
hbm:part_stock:49, Gunmetal Stock
hbm:part_stock:50, Weapon Steel Stock
hbm:part_stock:34, Saturnite Stock
hbm:part_stock:20001, Polymer Stock
hbm:part_stock:20002, Bakelite Stock
hbm:part_stock:20004, Hard Plastic Stock
hbm:part_stock:20005, PVC Stock
hbm:part_grip:3, Wood Grip
hbm:part_grip:4, Ivory Grip
hbm:part_grip:30, Steel Grip
hbm:part_grip:33, High-Speed Steel Grip
hbm:part_grip:42, Desh Grip
hbm:part_grip:49, Gunmetal Grip
hbm:part_grip:50, Weapon Steel Grip
hbm:part_grip:34, Saturnite Grip
hbm:part_grip:20001, Polymer Grip
hbm:part_grip:20002, Bakelite Grip
hbm:part_grip:20003, Rubber Grip
hbm:part_grip:20004, Hard Plastic Grip
hbm:part_grip:20005, PVC Grip
hbm:casing:0, Small Gunmetal Casing
hbm:casing:1, Large Gunmetal Casing
hbm:casing:2, Small Weapon Steel Casing
hbm:casing:3, Large Weapon Steel Casing
hbm:casing:4, Black Powder Shotshell Casing
hbm:casing:5, Plastic Shotshell Casing
hbm:casing:6, Advanced Shotshell Casing
hbm:bedrock_ore_new:6, Light Metal Bedrock Ore (Earth)
hbm:bedrock_ore_new:7, Heavy Metal Bedrock Ore (Earth)
hbm:bedrock_ore_new:8, Non-Metal Bedrock Ore (Earth)
hbm:bedrock_ore_new:9, Crystalline Bedrock Ore (Earth)
hbm:bedrock_ore_new:10, Light Metal Bedrock Ore (Mun)
hbm:bedrock_ore_new:11, Heavy Metal Bedrock Ore (Mun)
hbm:bedrock_ore_new:12, Rare Earth Bedrock Ore (Mun)
hbm:bedrock_ore_new:13, Non-Metal Bedrock Ore (Mun)
hbm:bedrock_ore_new:14, Crystalline Bedrock Ore (Mun)
hbm:bedrock_ore_new:15, Light Metal Bedrock Ore (Minmus)
hbm:bedrock_ore_new:16, Heavy Metal Bedrock Ore (Minmus)
hbm:bedrock_ore_new:17, Rare Earth Bedrock Ore (Minmus)
hbm:bedrock_ore_new:18, Non-Metal Bedrock Ore (Minmus)
hbm:bedrock_ore_new:19, Crystalline Bedrock Ore (Minmus)
hbm:bedrock_ore_new:20, Light Metal Bedrock Ore (Duna)
hbm:bedrock_ore_new:21, Heavy Metal Bedrock Ore (Duna)
hbm:bedrock_ore_new:22, Rare Earth Bedrock Ore (Duna)
hbm:bedrock_ore_new:23, Actinide Bedrock Ore (Duna)
hbm:bedrock_ore_new:24, Non-Metal Bedrock Ore (Duna)
hbm:bedrock_ore_new:25, Crystalline Bedrock Ore (Duna)
hbm:bedrock_ore_new:26, Light Metal Bedrock Ore (Moho)
hbm:bedrock_ore_new:27, Heavy Metal Bedrock Ore (Moho)
hbm:bedrock_ore_new:28, Rare Earth Bedrock Ore (Moho)
hbm:bedrock_ore_new:29, Actinide Bedrock Ore (Moho)
hbm:bedrock_ore_new:30, Non-Metal Bedrock Ore (Moho)
hbm:bedrock_ore_new:31, Crystalline Bedrock Ore (Moho)
hbm:bedrock_ore_new:32, Light Metal Bedrock Ore (Dres)
hbm:bedrock_ore_new:33, Heavy Metal Bedrock Ore (Dres)
hbm:bedrock_ore_new:34, Rare Earth Bedrock Ore (Dres)
hbm:bedrock_ore_new:35, Actinide Bedrock Ore (Dres)
hbm:bedrock_ore_new:36, Non-Metal Bedrock Ore (Dres)
hbm:bedrock_ore_new:37, Crystalline Bedrock Ore (Dres)
hbm:bedrock_ore_new:38, Light Metal Bedrock Ore (Eve)
hbm:bedrock_ore_new:39, Heavy Metal Bedrock Ore (Eve)
hbm:bedrock_ore_new:40, Rare Earth Bedrock Ore (Eve)
hbm:bedrock_ore_new:41, Actinide Bedrock Ore (Eve)
hbm:bedrock_ore_new:42, Schrabidic Bedrock Ore (Eve)
hbm:bedrock_ore_new:43, Crystalline Bedrock Ore (Eve)
hbm:bedrock_ore_new:44, Light Metal Bedrock Ore (Ike)
hbm:bedrock_ore_new:45, Heavy Metal Bedrock Ore (Ike)
hbm:bedrock_ore_new:46, Rare Earth Bedrock Ore (Ike)
hbm:bedrock_ore_new:47, Hazardous Waste Bedrock Ore (Ike)
hbm:bedrock_ore_new:48, Light Metal Bedrock Ore (Laythe)
hbm:bedrock_ore_new:49, Heavy Metal Bedrock Ore (Laythe)
hbm:bedrock_ore_new:50, Rare Earth Bedrock Ore (Laythe)
hbm:bedrock_ore_new:51, Actinide Bedrock Ore (Laythe)
hbm:bedrock_ore_new:52, Non-Metal Bedrock Ore (Laythe)
hbm:bedrock_ore_new:53, Crystalline Bedrock Ore (Laythe)
hbm:bedrock_ore_new:54, Light Metal Bedrock Ore (Tekto)
hbm:bedrock_ore_new:55, Heavy Metal Bedrock Ore (Tekto)
hbm:bedrock_ore_new:56, Rare Earth Bedrock Ore (Tekto)
hbm:bedrock_ore_new:57, Actinide Bedrock Ore (Tekto)
hbm:bedrock_ore_new:58, Crystalline Bedrock Ore (Tekto)
hbm:bedrock_ore_new:59, Plastic Bedrock Ore (Tekto)
hbm:bedrock_ore_base:1, Raw Bedrock Ore
hbm:bedrock_ore_base:2, Raw Bedrock Ore
hbm:bedrock_ore_base:3, Raw Bedrock Ore
hbm:bedrock_ore_base:4, Raw Bedrock Ore
hbm:bedrock_ore_base:5, Raw Bedrock Ore
hbm:bedrock_ore_base:6, Raw Bedrock Ore
hbm:bedrock_ore_base:7, Raw Bedrock Ore
hbm:bedrock_ore_base:8, Raw Bedrock Ore
hbm:bedrock_ore_base:9, Raw Bedrock Ore
hbm:bedrock_ore_base:10, Raw Bedrock Ore
hbm:bedrock_ore_fragment:600, Coal Bedrock Ore Fragment
hbm:bedrock_ore_fragment:601, Lignite Bedrock Ore Fragment
hbm:bedrock_ore_fragment:1430, Diamond Bedrock Ore Fragment
hbm:bedrock_ore_fragment:2600, Iron Bedrock Ore Fragment
hbm:bedrock_ore_fragment:7900, Gold Bedrock Ore Fragment
hbm:bedrock_ore_fragment:1, Redstone Bedrock Ore Fragment
hbm:bedrock_ore_fragment:2902, Bauxite Bedrock Ore Fragment
hbm:bedrock_ore_fragment:2903, Cryolite Bedrock Ore Fragment
hbm:bedrock_ore_fragment:9200, Uranium Bedrock Ore Fragment
hbm:bedrock_ore_fragment:9238, Uranium-238 Bedrock Ore Fragment
hbm:bedrock_ore_fragment:9032, Thorium-232 Bedrock Ore Fragment
hbm:bedrock_ore_fragment:8410, Polonium-210 Bedrock Ore Fragment
hbm:bedrock_ore_fragment:4399, Technetium-99 Bedrock Ore Fragment
hbm:bedrock_ore_fragment:8826, Radium-226 Bedrock Ore Fragment
hbm:bedrock_ore_fragment:2200, Titanium Bedrock Ore Fragment
hbm:bedrock_ore_fragment:2900, Copper Bedrock Ore Fragment
hbm:bedrock_ore_fragment:7400, Tungsten Bedrock Ore Fragment
hbm:bedrock_ore_fragment:1300, Aluminium Bedrock Ore Fragment
hbm:bedrock_ore_fragment:8200, Lead Bedrock Ore Fragment
hbm:bedrock_ore_fragment:8300, Bismuth Bedrock Ore Fragment
hbm:bedrock_ore_fragment:7300, Tantalum Bedrock Ore Fragment
hbm:bedrock_ore_fragment:6000, Neodymium Bedrock Ore Fragment
hbm:bedrock_ore_fragment:4100, Niobium Bedrock Ore Fragment
hbm:bedrock_ore_fragment:400, Beryllium Bedrock Ore Fragment
hbm:bedrock_ore_fragment:401, Emerald Bedrock Ore Fragment
hbm:bedrock_ore_fragment:2700, Cobalt Bedrock Ore Fragment
hbm:bedrock_ore_fragment:500, Boron Bedrock Ore Fragment
hbm:bedrock_ore_fragment:501, Borax Bedrock Ore Fragment
hbm:bedrock_ore_fragment:5700, Lanthanium Bedrock Ore Fragment
hbm:bedrock_ore_fragment:4000, Zirconium Bedrock Ore Fragment
hbm:bedrock_ore_fragment:1100, Sodium Bedrock Ore Fragment
hbm:bedrock_ore_fragment:1101, Sodalite Bedrock Ore Fragment
hbm:bedrock_ore_fragment:3800, Strontium Bedrock Ore Fragment
hbm:bedrock_ore_fragment:300, Lithium Bedrock Ore Fragment
hbm:bedrock_ore_fragment:1600, Sulfur Bedrock Ore Fragment
hbm:bedrock_ore_fragment:700, Niter Bedrock Ore Fragment
hbm:bedrock_ore_fragment:900, Fluorite Bedrock Ore Fragment
hbm:bedrock_ore_fragment:1500, Red Phosphorus Bedrock Ore Fragment
hbm:bedrock_ore_fragment:1701, Chlorocalcite Bedrock Ore Fragment
hbm:bedrock_ore_fragment:1702, Molysite Bedrock Ore Fragment
hbm:bedrock_ore_fragment:8001, Cinnabar Bedrock Ore Fragment
hbm:bedrock_ore_fragment:1400, Silicon Bedrock Ore Fragment
hbm:bedrock_ore_fragment:1401, Asbestos Bedrock Ore Fragment
hbm:bedrock_ore_fragment:20000, Rare Earth Bedrock Ore Fragment
hbm:bedrock_ore_fragment:20001, Polymer Bedrock Ore Fragment
hbm:bedrock_ore_fragment:20003, Rubber Bedrock Ore Fragment
hbm:bedrock_ore_fragment:20005, PVC Bedrock Ore Fragment
hbm:bedrock_ore_fragment:5, Glowstone Bedrock Ore Fragment
hbm:bedrock_ore_fragment:1402, Quartz Bedrock Ore Fragment
hbm:bedrock_ore_fragment:1501, White Phosphorus Bedrock Ore Fragment
hbm:bedrock_ore_fragment:2800, Nickel Bedrock Ore Fragment
hbm:bedrock_ore_fragment:3100, Gallium Bedrock Ore Fragment
hbm:bedrock_ore_fragment:3000, Zinc Bedrock Ore Fragment
hbm:bedrock_ore_fragment:3500, Bromine Bedrock Ore Fragment
hbm:bedrock_ore_fragment:5300, Iodine Bedrock Ore Fragment
hbm:bedrock_ore_fragment:7200, Hafnium Bedrock Ore Fragment
hbm:bedrock_ore_fragment:13800, Australium Bedrock Ore Fragment
hbm:bedrock_ore_fragment:13895, Tasmanite Bedrock Ore Fragment
hbm:bedrock_ore_fragment:13851, Ayerite Bedrock Ore Fragment
hbm:bedrock_ore_fragment:24003, Semtex Bedrock Ore Fragment
hbm:chunk_ore:0, Rare Earth Ore Chunk
hbm:chunk_ore:1, Malachite Chunk
hbm:chunk_ore:2, Cryolite Chunk
hbm:chunk_ore:3, Moonstone
hbm:neutron_reflector, Neutron Reflector
hbm:rtg_unit, RTG Unit
hbm:thermo_unit_empty, Thermic Distribution Unit
hbm:thermo_unit_endo, Coldness Distribution Unit
hbm:thermo_unit_exo, Heat Distribution Unit
hbm:levitation_unit, Gravity Manipulator
hbm:magnetron, Magnetron
hbm:pellet_buckshot, Lead Pellets
hbm:pellet_flechette, Flechettes
hbm:pellet_chlorophyte, Chlorophyte Rounds
hbm:pellet_meteorite, Meteorite Rounds
hbm:pellet_canister, Canister Shot
hbm:pellet_claws, Sharp Metal Claws
hbm:pellet_charged, Ionized Particles
hbm:pellet_cluster, Explosive Pellets
hbm:pellet_gas, Poison Gas Cartridge
hbm:coal_infernal, Infernal Coal
hbm:cinnabar, Cinnabar
hbm:powder_ash:0, Wood Ash
hbm:powder_ash:1, Coal Ash
hbm:powder_ash:2, Ash
hbm:powder_ash:3, Fly Ash
hbm:powder_ash:4, Fine Soot
hbm:powder_ash:5, Fullerene
hbm:powder_cement, Cement
hbm:toothpicks, Toothpicks
hbm:ducttape, Duct Tape
hbm:catalyst_clay, Clay Catalyst
hbm:motor, Motor
hbm:motor_desh, Desh Motor
hbm:motor_bismuth, Bismuth Motor
hbm:photo_panel, Photovoltaic Panel
hbm:sat_base, Satellite Base
hbm:thruster_nuclear, LV-N Nuclear Rocket Engine
hbm:safety_fuse, Safety Fuse
hbm:blade_titanium, Titanium Blade
hbm:turbine_titanium, Titanium Steam Turbine
hbm:blade_tungsten, Tungsten Reinforced Blade
hbm:turbine_tungsten, Reinforced Turbofan Blades
hbm:board_copper, Copper Panel
hbm:pipes_steel, Steel Pipes
hbm:drill_titanium, Titanium Drill
hbm:bolt_compound, Reinforced Turbine Shaft
hbm:hazmat_cloth, Hazmat Cloth
hbm:hazmat_cloth_red, Advanced Hazmat Cloth
hbm:hazmat_cloth_grey, Lead-Reinforced Hazmat Cloth
hbm:asbestos_cloth, Fire Proximity Cloth
hbm:rag, Cloth
hbm:rag_damp, Damp Cloth
hbm:rag_piss, Piss-Soaked Rag
hbm:filter_coal, Activated Carbon Filter
hbm:magnet_circular, Flat Magnet
hbm:centrifuge_element, Centrifuge Element
hbm:reactor_core, Breeding Reactor Core
hbm:oil_tar:0, Oil Tar
hbm:oil_tar:1, Crack Oil Tar
hbm:oil_tar:2, Coal Tar
hbm:oil_tar:3, Wood Tar
hbm:oil_tar:4, Chlorinated Petroleum Wax
hbm:oil_tar:5, Paraffin Wax
hbm:solid_fuel, Solid Fuel
hbm:solid_fuel_presto, Presto Log
hbm:solid_fuel_presto_triplet, Boosted Presto Logs
hbm:solid_fuel_bf, Solid Fuel (Balefire)
hbm:solid_fuel_presto_bf, Presto Log (Balefire)
hbm:solid_fuel_presto_triplet_bf, Boosted Presto Logs (Balefire)
hbm:rocket_fuel, Solid Fuel (Rocket Propellant)
hbm:briquette:0, Coal Briquette
hbm:briquette:1, Lignite Briquette
hbm:briquette:2, Sawdust Briquette
hbm:coke:0, Coal Coke
hbm:coke:1, Lignite Coke
hbm:coke:2, Petroleum Coke
hbm:lignite, Lignite
hbm:circuit:0, Vacuum Tube
hbm:circuit:1, Capacitor
hbm:circuit:2, Tantalium Capacitor
hbm:circuit:3, Printed Circuit Board
hbm:circuit:4, Printed Silicon Wafer
hbm:circuit:5, Microchip
hbm:circuit:6, Versatile Integrated Circuit
hbm:circuit:7, Analog Circuit Board
hbm:circuit:8, Integrated Circuit Board
hbm:circuit:9, Military Grade Circuit Board
hbm:circuit:10, Capacitor Board
hbm:circuit:11, Versatile Circuit Board
hbm:circuit:12, Control Unit Casing
hbm:circuit:13, Control Unit
hbm:circuit:14, Advanced Control Unit
hbm:circuit:15, Quantum Processing Unit
hbm:circuit:16, Solid State Quantum Processor
hbm:circuit:17, Quantum Computer
hbm:circuit:18, Atomic Clock
hbm:circuit:19, Incandescent Seven Segment Display
hbm:fragment_neodymium, Neodymium Fragment
hbm:fragment_cobalt, Cobalt Fragment
hbm:fragment_niobium, Niobium Fragment
hbm:fragment_cerium, Cerium Fragment
hbm:fragment_lanthanium, Lanthanium Fragment
hbm:fragment_actinium, Actinium-227 Fragment
hbm:fragment_meteorite, Meteorite Fragment
hbm:fragment_boron, Boron Fragment
hbm:fragment_coltan, Coltan
hbm:demon_core_open, Suspended Demon Core
hbm:demon_core_closed, Closed Demon Core
hbm:bottle_opener, Hbm's Own Self-Made Bottle Opener
hbm:bottle_empty, Empty Bomb-Shaped Bottle
hbm:bottle_nuka, Bottle of Nuka Cola
hbm:bottle_cherry, Bottle of Nuka Cherry
hbm:bottle_quantum, Bottle of Nuka Cola Quantum
hbm:bottle_sparkle, Bottle of S~Cola
hbm:bottle_rad, Bottle of S~Cola RAD
hbm:bottle2_empty, Empty Bottle
hbm:bottle2_korl, Korl
hbm:bottle2_fritz, Fritz Cola
hbm:bottle2_korl_special, The First Korl
hbm:bottle2_fritz_special, The First Fritz Cola
hbm:bottle2_sunset, Sunset Sarsaparilla
hbm:flask_infusion:0, Shield Infusion
hbm:chocolate_milk, Chocolate Milk
hbm:coffee, Coffee
hbm:coffee_radium, Radium Coffee
hbm:chocolate, Ithis-Brand Radium Chocolate
hbm:cap_nuka, Nuka Cola Bottle Cap
hbm:cap_quantum, Nuka Cola Quantum Bottle Cap
hbm:cap_sparkle, S~Cola Bottle Cap
hbm:cap_rad, S~Cola RAD Bottle Cap
hbm:cap_korl, Korl Bottle Cap
hbm:cap_fritz, Fritz Cola Bottle Cap
hbm:cap_sunset, Sunset Sarsaparilla Bottle Cap
hbm:cap_star, Sunset Sarsaparilla Star Cap
hbm:ring_pull, Ring Pull
hbm:bomb_waffle, Waffle of Mass Destruction
hbm:schnitzel_vegan, Vegan Schnitzel
hbm:cotton_candy, Radioactive Cotton Candy
hbm:apple_lead:0, Lead Apple
hbm:apple_lead:1, Lead Apple
hbm:apple_lead:2, Lead Apple
hbm:apple_schrabidium:0, Schrabidium Apple
hbm:apple_schrabidium:1, Schrabidium Apple
hbm:apple_schrabidium:2, Schrabidium Apple
hbm:tem_flakes:0, Tem Flakes
hbm:glowing_stew, Glowing Mushroom Stew
hbm:balefire_scrambled, Scrambled Balefire Egg
hbm:balefire_and_ham, Ham and Balefire Eggs
hbm:lemon, "Lemon"
hbm:definitelyfood, MRE
hbm:med_ipecac, Ipecac Syrup
hbm:med_ptsd, PTSD Medication
hbm:med_schizophrenia, Schizophrenia Medication
hbm:loops, Lööps
hbm:loop_stew, IT Breakfast
hbm:fooditem, food item
hbm:twinkie, Twinkie
hbm:static_sandwich, Sandwich Garnished with TV Static
hbm:canteen_13, Vault 13 Canteen
hbm:canteen_vodka, Stylish Flask
hbm:canteen_fab, Fabulous Vodka
hbm:pancake, Pancake made from Scrap Metal, Nails and Gem Dust
hbm:nugget, Chicken Nugget
hbm:peas, Peas
hbm:marshmallow, Marshmallow on a Stick
hbm:cheese, Cheese
hbm:cheese_quesadilla, Cheese Quesadilla
hbm:mucho_mango, AriZona Mucho Mango
hbm:marshmallow_roasted, Marshmallow on a Stick
hbm:glyphid_meat, Glyphid Meat
hbm:glyphid_meat_grilled, Grilled Glyphid Meat
hbm:egg_glyphid, Glyphid Egg
hbm:spongebob_macaroni, Spongebob Macaroni
hbm:canned_conserve:0, Canned Beef
hbm:canned_conserve:1, Canned Tuna
hbm:canned_conserve:2, Canned Mystery Meat
hbm:canned_conserve:3, Паштет
hbm:canned_conserve:4, Canned Melted Cheese
hbm:canned_conserve:5, FlimFlam Industries Canned Stallion Milk™
hbm:canned_conserve:6, Canned Evaporated Milk
hbm:canned_conserve:7, Canned Ass
hbm:canned_conserve:8, Canned Pepperoni Pizza
hbm:canned_conserve:9, Astronaut Food Tube
hbm:canned_conserve:10, Canned Tomato Soup
hbm:canned_conserve:11, Canned Asbestos
hbm:canned_conserve:12, Canned Black Hole
hbm:canned_conserve:13, Canned Hotdogs
hbm:canned_conserve:14, Leftover Conserve
hbm:canned_conserve:15, Canned Yogurt
hbm:canned_conserve:16, Canned "Mushroom Stew"
hbm:canned_conserve:17, Canned Chinese Food
hbm:canned_conserve:18, Canned Engine Oil
hbm:canned_conserve:19, Canned Fist
hbm:canned_conserve:20, Canned Spam
hbm:canned_conserve:21, Canned Fried Chicken
hbm:canned_conserve:22, Canned Napalm
hbm:canned_conserve:23, Canned Diesel
hbm:canned_conserve:24, Canned Kerosene
hbm:canned_conserve:25, Canned Recursion
hbm:canned_conserve:26, Canned Pine Bark Jerky
hbm:can_key, Winding Key
hbm:coin_maskman, Maskman Coin
hbm:coin_creeper, Nuclear Creeper Coin
hbm:coin_radiation, Radiation Coin
hbm:coin_worm, Balls-O-Tron Coin
hbm:coin_ufo, UFO Coin
hbm:coin_siege:0, Siege Coin
hbm:coin_siege:1, Siege Coin
hbm:coin_siege:2, Siege Coin
hbm:coin_siege:3, Siege Coin
hbm:coin_siege:4, Siege Coin
hbm:coin_siege:5, Siege Coin
hbm:coin_siege:6, Siege Coin
hbm:coin_siege:7, Siege Coin
hbm:coin_siege:8, Siege Coin
hbm:coin_token, Vending Machine Token
hbm:pudding, Pudding
hbm:can_empty, Empty Can
hbm:can_smart, 'Smart' Energy Drink
hbm:can_creature, 'Creature' Energy Drink
hbm:can_redbomb, 'Red Bomb' Energy Drink
hbm:can_mrsugar, 'Dr. Sugar' Soft Drink
hbm:can_overcharge, Overcharge Delirium XT
hbm:can_luna, Black Mesa Luna - Dark Cola
hbm:can_bepis, Bepis
hbm:can_breen, Dr>Breens Private Reserve
hbm:can_mug, MUG Root Beer
hbm:drone:0, Transport Drone
hbm:drone:1, Chunkloading Transport Drone
hbm:drone:2, Express Transport Drone
hbm:drone:3, Chunkloading Express Transport Drone
hbm:drone:4, Logistics Drone
hbm:titanium_sword, Titanium Sword
hbm:titanium_pickaxe, Titanium Pickaxe
hbm:titanium_axe, Titanium Axe
hbm:titanium_shovel, Titanium Shovel
hbm:titanium_hoe, Titanium Hoe
hbm:steel_sword, Steel Sword
hbm:steel_pickaxe, Steel Pickaxe
hbm:steel_axe, Steel Axe
hbm:steel_shovel, Steel Shovel
hbm:steel_hoe, Steel Hoe
hbm:alloy_sword, Advanced Alloy Sword (LEGACY)
hbm:alloy_pickaxe, Advanced Alloy Pickaxe (LEGACY)
hbm:alloy_axe, Advanced Alloy Axe (LEGACY)
hbm:alloy_shovel, Advanced Alloy Shovel (LEGACY)
hbm:alloy_hoe, Advanced Alloy Hoe (LEGACY)
hbm:elec_sword, Stunstick
hbm:elec_pickaxe, Impact Drill
hbm:elec_axe, Electric Chainsaw
hbm:elec_shovel, Spiral Drill
hbm:desh_sword, Desh Sword
hbm:desh_pickaxe, Desh Pickaxe
hbm:desh_axe, Desh Axe
hbm:desh_shovel, Desh Shovel
hbm:desh_hoe, Desh Hoe
hbm:cobalt_sword, Cobalt Sword
hbm:cobalt_pickaxe, Cobalt Pickaxe
hbm:cobalt_axe, Cobalt Axe
hbm:cobalt_shovel, Cobalt Shovel
hbm:cobalt_hoe, Cobalt Hoe
hbm:centri_stick, Centrifuge on a Stick
hbm:smashing_hammer, Smashing Hammer
hbm:cobalt_decorated_sword, Decorated Cobalt Sword
hbm:cobalt_decorated_pickaxe, Decorated Cobalt Pickaxe
hbm:cobalt_decorated_axe, Decorated Cobalt Axe
hbm:cobalt_decorated_shovel, Decorated Cobalt Shovel
hbm:cobalt_decorated_hoe, Decorated Cobalt Hoe
hbm:starmetal_sword, Starmetal Sword
hbm:starmetal_pickaxe, Starmetal Pickaxe
hbm:starmetal_axe, Starmetal Axe
hbm:starmetal_shovel, Starmetal Shovel
hbm:starmetal_hoe, Starmetal Hoe
hbm:cmb_sword, CMB Steel Sword
hbm:cmb_pickaxe, CMB Steel Pickaxe
hbm:cmb_axe, CMB Steel Axe
hbm:cmb_shovel, CMB Steel Shovel
hbm:cmb_hoe, CMB Steel Hoe
hbm:bismuth_axe, Bismuth Axe
hbm:bismuth_pickaxe, Bismuth Pickaxe
hbm:volcanic_axe, Molten Axe
hbm:volcanic_pickaxe, Molten Pickaxe
hbm:chlorophyte_axe, Chlorophyte Axe
hbm:chlorophyte_pickaxe, Chlorophyte Pickaxe
hbm:schrabidium_hoe, Schrabidium Hoe
hbm:schrabidium_sword, Schrabidium Sword
hbm:schrabidium_pickaxe, Schrabidium Pickaxe
hbm:schrabidium_axe, Schrabidium Axe
hbm:schrabidium_shovel, Schrabidium Shovel
hbm:crowbar, Mk.V Crate Opening Device "Crowbar"
hbm:weapon_saw, Doctor Assisted Homicide
hbm:weapon_bat, Richard's Default
hbm:weapon_bat_nail, The Cliché
hbm:weapon_golf_club, Russian Mobster's Club
hbm:weapon_pipe_rusty, The Attitude Adjuster
hbm:weapon_pipe_lead, The Manual Override
hbm:reer_graar, The Reer Graar
hbm:stopsign, Stop Sign Battle Axe
hbm:sopsign, Sop Sign Battle Axe
hbm:chernobylsign, Chernobyl Warning Sign Battle Axe
hbm:mask_of_infamy, Mask of Infamy
hbm:meteorite_sword, Meteorite Sword
hbm:meteorite_sword_seared, Meteorite Sword (Seared)
hbm:meteorite_sword_reforged, Meteorite Sword (Reforged)
hbm:meteorite_sword_hardened, Meteorite Sword (Hardened)
hbm:meteorite_sword_alloyed, Meteorite Sword (Alloyed)
hbm:meteorite_sword_machined, Meteorite Sword (Machined)
hbm:meteorite_sword_treated, Meteorite Sword (Treated)
hbm:meteorite_sword_etched, Meteorite Sword (Etched)
hbm:meteorite_sword_bred, Meteorite Sword (Bred)
hbm:meteorite_sword_irradiated, Meteorite Sword (Irradiated)
hbm:meteorite_sword_fused, Meteorite Sword (Fused)
hbm:meteorite_sword_baleful, Meteorite Sword (Baleful)
hbm:plate_iron, Iron Plate
hbm:plate_copper, Copper Plate
hbm:plate_titanium, Titanium Plate
hbm:plate_aluminium, Aluminium Plate
hbm:plate_gold, Gold Plate
hbm:plate_lead, Lead Plate
hbm:plate_steel, Steel Plate
hbm:plate_combine_steel, CMB Steel Plate
hbm:plate_paa, PaA Alloy Plate
hbm:plate_saturnite, Saturnite Plate
hbm:plate_schrabidium, Schrabidium Plate
hbm:plate_dalekanium, Angry Metal
hbm:plate_mixed, Mixed Plate
hbm:plate_kevlar, Kevlar Sheet
hbm:plate_polymer, Insulator
hbm:plate_desh, Desh Compound Plate
hbm:plate_bismuth, Bismuth Compound Plate
hbm:plate_euphemium, Euphemium Compound Plate
hbm:plate_dineutronium, Dineutronium Compound Plate
hbm:plate_armor_titanium, Titanium Armor Plate
hbm:plate_armor_ajr, Iron-Shod Armor Plating
hbm:plate_armor_hev, Reactive Armor Plating
hbm:plate_armor_lunar, Lunar Plating
hbm:plate_armor_fau, Fau Armor Plating
hbm:plate_armor_dnt, DNT Armor Plating
hbm:plate_dura_steel, High-Speed Steel Plate
hbm:plate_gunmetal, Gunmetal Plate
hbm:plate_weaponsteel, Weapon Steel Plate
hbm:blueprint_folder:0, Blueprint Booklet
hbm:blueprint_folder:1, Blueprint Booklet
hbm:template_folder, Machine Template Folder
hbm:journal_pip, Survivalist's Journal
hbm:journal_bj, Whiskey Drenched Notebook
hbm:journal_silver, Contractor's Notes
hbm:bobmazon, Bobmazon
hbm:bobmazon_hidden, Hidden Catalog
hbm:siren_track:1, Siren Track
hbm:siren_track:2, Siren Track
hbm:siren_track:3, Siren Track
hbm:siren_track:4, Siren Track
hbm:siren_track:5, Siren Track
hbm:siren_track:6, Siren Track
hbm:siren_track:7, Siren Track
hbm:siren_track:8, Siren Track
hbm:siren_track:9, Siren Track
hbm:siren_track:10, Siren Track
hbm:siren_track:11, Siren Track
hbm:siren_track:12, Siren Track
hbm:siren_track:13, Siren Track
hbm:siren_track:14, Siren Track
hbm:siren_track:15, Siren Track
hbm:siren_track:16, Siren Track
hbm:siren_track:17, Siren Track
hbm:siren_track:18, Siren Track
hbm:siren_track:19, Siren Track
hbm:siren_track:20, Siren Track
hbm:fluid_identifier_multi, Multi Fluid Identifier
hbm:ff_fluid_duct:152, Fluid Duct: Compressed Air
hbm:ff_fluid_duct:155, Fluid Duct: Hot Air Blast
hbm:ff_fluid_duct:1, Fluid Duct: Water
hbm:ff_fluid_duct:60, Fluid Duct: Heavy Water
hbm:ff_fluid_duct:125, Fluid Duct: Hot Heavy Water
hbm:ff_fluid_duct:7, Fluid Duct: Lava
hbm:ff_fluid_duct:2, Fluid Duct: Steam
hbm:ff_fluid_duct:3, Fluid Duct: Dense Steam
hbm:ff_fluid_duct:4, Fluid Duct: Super Dense Steam
hbm:ff_fluid_duct:5, Fluid Duct: Ultra Dense Steam
hbm:ff_fluid_duct:48, Fluid Duct: Low-Pressure Steam
hbm:ff_fluid_duct:55, Fluid Duct: Carbon Dioxide
hbm:ff_fluid_duct:6, Fluid Duct: Coolant
hbm:ff_fluid_duct:76, Fluid Duct: Hot Coolant
hbm:ff_fluid_duct:145, Fluid Duct: Perfluoromethyl
hbm:ff_fluid_duct:146, Fluid Duct: Cold Perfluoromethyl
hbm:ff_fluid_duct:147, Fluid Duct: Hot Perfluoromethyl
hbm:ff_fluid_duct:37, Fluid Duct: Cryogel
hbm:ff_fluid_duct:77, Fluid Duct: Mug Root Beer
hbm:ff_fluid_duct:78, Fluid Duct: Hot Mug Root Beer
hbm:ff_fluid_duct:84, Fluid Duct: Blood
hbm:ff_fluid_duct:85, Fluid Duct: Hot Blood
hbm:ff_fluid_duct:126, Fluid Duct: Liquid Sodium
hbm:ff_fluid_duct:127, Fluid Duct: Hot Liquid Sodium
hbm:ff_fluid_duct:143, Fluid Duct: Liquid Lead
hbm:ff_fluid_duct:144, Fluid Duct: Hot Liquid Lead
hbm:ff_fluid_duct:128, Fluid Duct: Liquid Thorium Salt
hbm:ff_fluid_duct:129, Fluid Duct: Hot Liquid Thorium Salt
hbm:ff_fluid_duct:130, Fluid Duct: Depleted Liquid Thorium Salt
hbm:ff_fluid_duct:38, Fluid Duct: Liquid Hydrogen
hbm:ff_fluid_duct:8, Fluid Duct: Deuterium
hbm:ff_fluid_duct:9, Fluid Duct: Tritium
hbm:ff_fluid_duct:57, Fluid Duct: Helium-3
hbm:ff_fluid_duct:124, Fluid Duct: Helium-4
hbm:ff_fluid_duct:39, Fluid Duct: Liquid Oxygen
hbm:ff_fluid_duct:40, Fluid Duct: Xenon Gas
hbm:ff_fluid_duct:90, Fluid Duct: Chlorine Gas
hbm:ff_fluid_duct:42, Fluid Duct: Mercury
hbm:ff_fluid_duct:10, Fluid Duct: Crude Oil
hbm:ff_fluid_duct:134, Fluid Duct: Desulfurized Crude Oil
hbm:ff_fluid_duct:61, Fluid Duct: Cracked Oil
hbm:ff_fluid_duct:136, Fluid Duct: Desulfurized Cracked Oil
hbm:ff_fluid_duct:62, Fluid Duct: Coal Oil
hbm:ff_fluid_duct:105, Fluid Duct: Coker Oil
hbm:ff_fluid_duct:11, Fluid Duct: Hot Crude Oil
hbm:ff_fluid_duct:135, Fluid Duct: Desulfurized Hot Crude Oil
hbm:ff_fluid_duct:63, Fluid Duct: Hot Cracked Oil
hbm:ff_fluid_duct:137, Fluid Duct: Desulfurized Hot Cracked Oil
hbm:ff_fluid_duct:12, Fluid Duct: Heavy Oil
hbm:ff_fluid_duct:91, Fluid Duct: Vacuum Heavy Oil
hbm:ff_fluid_duct:19, Fluid Duct: Naphtha
hbm:ff_fluid_duct:138, Fluid Duct: Desulfurized Naphtha
hbm:ff_fluid_duct:64, Fluid Duct: Cracked Naphtha
hbm:ff_fluid_duct:106, Fluid Duct: Coker Naphtha
hbm:ff_fluid_duct:92, Fluid Duct: Reformate
hbm:ff_fluid_duct:21, Fluid Duct: Light Oil
hbm:ff_fluid_duct:139, Fluid Duct: Desulfurized Light Oil
hbm:ff_fluid_duct:65, Fluid Duct: Cracked Light Oil
hbm:ff_fluid_duct:93, Fluid Duct: Vacuum Light Oil
hbm:ff_fluid_duct:13, Fluid Duct: Bitumen
hbm:ff_fluid_duct:14, Fluid Duct: Industrial Oil
hbm:ff_fluid_duct:15, Fluid Duct: Heating Oil
hbm:ff_fluid_duct:96, Fluid Duct: Heavy Heating Oil
hbm:ff_fluid_duct:16, Fluid Duct: Reclaimed Industrial Oil
hbm:ff_fluid_duct:18, Fluid Duct: Engine Lubricant
hbm:ff_fluid_duct:156, Fluid Duct: Flue Gas
hbm:ff_fluid_duct:23, Fluid Duct: Natural Gas
hbm:ff_fluid_duct:107, Fluid Duct: Coker Gas
hbm:ff_fluid_duct:24, Fluid Duct: Petroleum Gas
hbm:ff_fluid_duct:94, Fluid Duct: Sour Gas
hbm:ff_fluid_duct:25, Fluid Duct: LPG
hbm:ff_fluid_duct:86, Fluid Duct: Syngas
hbm:ff_fluid_duct:87, Fluid Duct: Oxyhydrogen
hbm:ff_fluid_duct:67, Fluid Duct: Aromatic Hydrocarbons
hbm:ff_fluid_duct:68, Fluid Duct: Unsaturated Hydrocarbons
hbm:ff_fluid_duct:95, Fluid Duct: BTX
hbm:ff_fluid_duct:100, Fluid Duct: Reformate Gas
hbm:ff_fluid_duct:20, Fluid Duct: Diesel
hbm:ff_fluid_duct:97, Fluid Duct: High-Cetane Diesel
hbm:ff_fluid_duct:66, Fluid Duct: Cracked Diesel
hbm:ff_fluid_duct:98, Fluid Duct: High-Cetane Cracked Diesel
hbm:ff_fluid_duct:22, Fluid Duct: Kerosene
hbm:ff_fluid_duct:99, Fluid Duct: Jet Fuel
hbm:ff_fluid_duct:17, Fluid Duct: Petroil
hbm:ff_fluid_duct:72, Fluid Duct: Leaded Petroil
hbm:ff_fluid_duct:46, Fluid Duct: Gasoline
hbm:ff_fluid_duct:73, Fluid Duct: Leaded Gasoline
hbm:ff_fluid_duct:47, Fluid Duct: Coal Gasoline
hbm:ff_fluid_duct:74, Fluid Duct: Leaded Coal Gasoline
hbm:ff_fluid_duct:80, Fluid Duct: Coal Tar Creosote
hbm:ff_fluid_duct:79, Fluid Duct: Wood Oil
hbm:ff_fluid_duct:26, Fluid Duct: Biogas
hbm:ff_fluid_duct:27, Fluid Duct: Biofuel
hbm:ff_fluid_duct:59, Fluid Duct: Ethanol
hbm:ff_fluid_duct:111, Fluid Duct: Fish Oil
hbm:ff_fluid_duct:112, Fluid Duct: Sunflower Seed Oil
hbm:ff_fluid_duct:28, Fluid Duct: NITAN© 100 Octane Super Fuel
hbm:ff_fluid_duct:154, Fluid Duct: Deuterated Hydrocarbon
hbm:ff_fluid_duct:41, Fluid Duct: BF Rocket Fuel
hbm:ff_fluid_duct:69, Fluid Duct: Salient Green
hbm:ff_fluid_duct:81, Fluid Duct: Seeding Slurry
hbm:ff_fluid_duct:101, Fluid Duct: Colloid
hbm:ff_fluid_duct:141, Fluid Duct: Vitriol
hbm:ff_fluid_duct:142, Fluid Duct: Ore Slop
hbm:ff_fluid_duct:104, Fluid Duct: Ionic Gel
hbm:ff_fluid_duct:35, Fluid Duct: Hydrogen Peroxide
hbm:ff_fluid_duct:75, Fluid Duct: Sulfuric Acid
hbm:ff_fluid_duct:82, Fluid Duct: Nitric Acid
hbm:ff_fluid_duct:83, Fluid Duct: Solvent
hbm:ff_fluid_duct:88, Fluid Duct: High-Performance Solvent
hbm:ff_fluid_duct:32, Fluid Duct: Schrabidic Acid
hbm:ff_fluid_duct:29, Fluid Duct: Uranium Hexafluoride
hbm:ff_fluid_duct:30, Fluid Duct: Plutonium Hexafluoride
hbm:ff_fluid_duct:31, Fluid Duct: Schrabidium Trisulfide
hbm:ff_fluid_duct:43, Fluid Duct: Pandemonium(III)tantalite Solution
hbm:ff_fluid_duct:58, Fluid Duct: Osmiridic Solution
hbm:ff_fluid_duct:36, Fluid Duct: Poisonous Mud
hbm:ff_fluid_duct:114, Fluid Duct: Red Mud
hbm:ff_fluid_duct:131, Fluid Duct: Fullerene Solution
hbm:ff_fluid_duct:108, Fluid Duct: Dissolved Egg
hbm:ff_fluid_duct:109, Fluid Duct: Cholesterol Solution
hbm:ff_fluid_duct:115, Fluid Duct: Chlorocalcite Solution
hbm:ff_fluid_duct:116, Fluid Duct: Mixed Chlorocalcite Solution
hbm:ff_fluid_duct:117, Fluid Duct: Cleaned Chlorocalcite Solution
hbm:ff_fluid_duct:118, Fluid Duct: Potassiumchloride Solution
hbm:ff_fluid_duct:119, Fluid Duct: Calciumchloride Solution
hbm:ff_fluid_duct:120, Fluid Duct: Calcium Solution
hbm:ff_fluid_duct:149, Fluid Duct: Sodium Aluminate
hbm:ff_fluid_duct:150, Fluid Duct: Bauxite Solution
hbm:ff_fluid_duct:151, Fluid Duct: Alumina
hbm:ff_fluid_duct:153, Fluid Duct: Liquid Concrete
hbm:ff_fluid_duct:49, Fluid Duct: Fracking Solution
hbm:ff_fluid_duct:148, Fluid Duct: Lye
hbm:ff_fluid_duct:102, Fluid Duct: Phosgene
hbm:ff_fluid_duct:103, Fluid Duct: Mustard Gas
hbm:ff_fluid_duct:110, Fluid Duct: Estradiol Solution
hbm:ff_fluid_duct:113, Fluid Duct: Nitroglycerin
hbm:ff_fluid_duct:33, Fluid Duct: Antimatter
hbm:ff_fluid_duct:34, Fluid Duct: Antischrabidium
hbm:ff_fluid_duct:44, Fluid Duct: Liquid Nuclear Waste
hbm:ff_fluid_duct:45, Fluid Duct: Gaseous Nuclear Waste
hbm:ff_fluid_duct:70, Fluid Duct: Experience Juice
hbm:ff_fluid_duct:71, Fluid Duct: Ender Juice
hbm:ff_fluid_duct:140, Fluid Duct: Stellar Flux
hbm:ff_fluid_duct:132, Fluid Duct: Booster Pheromone
hbm:ff_fluid_duct:133, Fluid Duct: Modified Booster Pheromone
hbm:ff_fluid_duct:89, Fluid Duct: Hydrazine
hbm:ff_fluid_duct:1000, Fluid Duct: Custom Fluid Demo
hbm:ff_fluid_duct:4000, Fluid Duct: Oxygen-Rich Air
hbm:ff_fluid_duct:4001, Fluid Duct: Carbon Tetrachloride
hbm:ff_fluid_duct:4002, Fluid Duct: Chloroethane
hbm:ff_fluid_duct:4003, Fluid Duct: Chlorinated Benzenes
hbm:ff_fluid_duct:4004, Fluid Duct: Vinyl Chloride
hbm:ff_fluid_duct:4005, Fluid Duct: Aqueous Copper
hbm:ff_fluid_duct:4006, Fluid Duct: Aqueous Nickel
hbm:ff_fluid_duct:4007, Fluid Duct: Copper Sulfate
hbm:ff_fluid_duct:4008, Fluid Duct: Brine
hbm:ff_fluid_duct:4009, Fluid Duct: Conglomera
hbm:ff_fluid_duct:4010, Fluid Duct: Halide Gas
hbm:ff_fluid_duct:4011, Fluid Duct: Light Halocarbons
hbm:ff_fluid_duct:4012, Fluid Duct: hbmfluid.lithcarbonate
hbm:ff_fluid_duct:4013, Fluid Duct: Tektonic Crude
hbm:ff_fluid_duct:4014, Fluid Duct: Elbow Grease
hbm:ff_fluid_duct:4015, Fluid Duct: N-MASS(III) Tetrahexaethanol
hbm:ff_fluid_duct:4016, Fluid Duct: N-MASS(II) Driver Fuel
hbm:ff_fluid_duct:4017, Fluid Duct: Scutterblood
hbm:ff_fluid_duct:4018, Fluid Duct: Pertechnetic Acid
hbm:ff_fluid_duct:4019, Fluid Duct: Neon Gas
hbm:ff_fluid_duct:4020, Fluid Duct: Argon Gas
hbm:ff_fluid_duct:4021, Fluid Duct: Krypton Gas
hbm:ff_fluid_duct:4022, Fluid Duct: Coffee
hbm:ff_fluid_duct:4023, Fluid Duct: Tea
hbm:ff_fluid_duct:4024, Fluid Duct: Honey
hbm:ff_fluid_duct:4025, Fluid Duct: Olive Oil
hbm:ff_fluid_duct:4026, Fluid Duct: Fluorine
hbm:ff_fluid_duct:4027, Fluid Duct: Duna Air
hbm:ff_fluid_duct:4028, Fluid Duct: Tekto Air
hbm:ff_fluid_duct:4029, Fluid Duct: Jool Air
hbm:ff_fluid_duct:4030, Fluid Duct: Sarnus Air
hbm:ff_fluid_duct:4031, Fluid Duct: Urlum Air
hbm:ff_fluid_duct:4032, Fluid Duct: Neidon Air
hbm:ff_fluid_duct:4033, Fluid Duct: Milk
hbm:ff_fluid_duct:4034, Fluid Duct: Strawberry Milk
hbm:ff_fluid_duct:4035, Fluid Duct: Eve Air
hbm:ff_fluid_duct:4036, Fluid Duct: Potassium Permanganate Solution
hbm:ff_fluid_duct:4037, Fluid Duct: Chloromethane
hbm:ff_fluid_duct:4038, Fluid Duct: Methanol
hbm:ff_fluid_duct:4039, Fluid Duct: Alkyl Bromide
hbm:ff_fluid_duct:4040, Fluid Duct: Methylene
hbm:ff_fluid_duct:4041, Fluid Duct: Polyethylene
hbm:ff_fluid_duct:4042, Fluid Duct: Hydrochloric Acid
hbm:ff_fluid_duct:4043, Fluid Duct: Ammonia
hbm:ff_fluid_duct:4044, Fluid Duct: Blood Fuel
hbm:ff_fluid_duct:4045, Fluid Duct: Mineral Slurry
hbm:ff_fluid_duct:4046, Fluid Duct: Liquid Nitrogen
hbm:ff_fluid_duct:4047, Fluid Duct: Evaporated Milk
hbm:ff_fluid_duct:4048, Fluid Duct: Condensed Milk
hbm:ff_fluid_duct:4049, Fluid Duct: Heavy Whipping Cream
hbm:ff_fluid_duct:4050, Fluid Duct: Dicyanoacetylene
hbm:ff_fluid_duct:4051, Fluid Duct: Morkite
hbm:ff_fluid_duct:4052, Fluid Duct: Morkine
hbm:ff_fluid_duct:4053, Fluid Duct: Morkite Slurry
hbm:ff_fluid_duct:4055, Fluid Duct: Uranium Bromide
hbm:ff_fluid_duct:4056, Fluid Duct: Plutonium Bromide
hbm:ff_fluid_duct:4057, Fluid Duct: Schrabidium Bromide
hbm:ff_fluid_duct:4058, Fluid Duct: Thorium Bromide
hbm:ff_fluid_duct:4063, Fluid Duct: hbmfluid.gaseous_hydrogen
hbm:ff_fluid_duct:4065, Fluid Duct: hbmfluid.lithydro
hbm:mese_gavel, Mese Gavel
hbm:mese_pickaxe, Mese Pickaxe
hbm:mese_axe, Mese Axe
hbm:dnt_sword, dinuatureum sword
hbm:dwarven_pickaxe, Dwarven Pickaxe
hbm:crystal_coal, Coal Crystals
hbm:crystal_iron, Iron Crystals
hbm:crystal_gold, Gold Crystals
hbm:crystal_redstone, Redstone Crystals
hbm:crystal_lapis, Lapis Crystals
hbm:crystal_diamond, Diamond Crystals
hbm:crystal_uranium, Uranium Crystals
hbm:crystal_thorium, Thorium Crystals
hbm:crystal_plutonium, Plutonium Crystals
hbm:crystal_titanium, Titanium Crystals
hbm:crystal_sulfur, Sulfur Crystals
hbm:crystal_niter, Niter Crystals
hbm:crystal_copper, Copper Crystals
hbm:crystal_tungsten, Tungsten Crystals
hbm:crystal_aluminium, Aluminium Crystals
hbm:crystal_fluorite, Fluorite Crystals
hbm:crystal_beryllium, Beryllium Crystals
hbm:crystal_lead, Lead Crystals
hbm:crystal_asbestos, Asbestos Crystals
hbm:crystal_schraranium, Schraranium Crystals
hbm:crystal_schrabidium, Schrabidium Crystals
hbm:crystal_rare, Rare Earth Crystals
hbm:crystal_phosphorus, Phosphorus Crystals
hbm:crystal_lithium, Lithium Crystals
hbm:crystal_cinnabar, Cinnabar Crystals
hbm:crystal_cobalt, Cobalt Crystals
hbm:crystal_starmetal, Starmetal Crystals
hbm:crystal_trixite, Trixite Crystals
hbm:crystal_osmiridium, Osmiridium Crystals
hbm:gem_tantalium, Tantalium Polycrystal
hbm:gem_volcanic, Volcanic Gem
hbm:gem_sodalite, Sodalite
hbm:gem_rad, Radioactive Gem
hbm:gem_alexandrite, Alexandrite
hbm:upgrade_muffler, Muffler
hbm:upgrade_template, Machine Upgrade Template
hbm:deuterium_filter, Deuterium Filter
hbm:parts_legendary:0, Legendary Parts
hbm:parts_legendary:1, Legendary Parts
hbm:parts_legendary:2, Legendary Parts
hbm:sawblade, Sawblade
hbm:gear_large:0, Large Gear
hbm:gear_large:1, Large Steel Gear
hbm:crt_display,  Cathode Ray Tube
hbm:circuit_star_piece:0, SC - Printed Circuit Board
hbm:circuit_star_piece:1, SC - Transistors
hbm:circuit_star_piece:2, SC - Voltage Converter
hbm:circuit_star_piece:3, SC - North Bridge
hbm:circuit_star_piece:4, SC - South Bridge
hbm:circuit_star_piece:5, SC - IO Chip
hbm:circuit_star_piece:6, SC - BUS
hbm:circuit_star_piece:7, SC - Chipset
hbm:circuit_star_piece:8, SC - CMOS RAM
hbm:circuit_star_piece:9, SC- BIOS Chip
hbm:circuit_star_piece:10, SC - CPU Register
hbm:circuit_star_piece:11, SC - CPU Clock
hbm:circuit_star_piece:12, SC - Arithmetic Logic Unit
hbm:circuit_star_piece:13, SC - CPU Cache
hbm:circuit_star_piece:14, SC - Arsenic Semi Conductor Extension
hbm:circuit_star_piece:15, SC - CPU Socket
hbm:circuit_star_piece:16, SC - Memory Socket
hbm:circuit_star_piece:17, SC - 16k Memory Stick Slot A
hbm:circuit_star_piece:18, SC - 16k Memory Stick Slot B
hbm:circuit_star_piece:19, SC - 16k Memory Stick Slot C
hbm:circuit_star_piece:20, SC - 16k Memory Stick Slot D
hbm:circuit_star_piece:21, SC - Extension Card Board
hbm:circuit_star_piece:22, SC - Extension Card Processor
hbm:circuit_star_component:0, StarControl Chipset
hbm:circuit_star_component:1, StarControl CPU
hbm:circuit_star_component:2, StarControl RAM
hbm:circuit_star_component:3, StarControl Extension Card
hbm:circuit_star, StarControl Circuit Board
hbm:mechanism_revolver_1, Revolver Mechanism
hbm:mechanism_revolver_2, Advanced Revolver Mechanism
hbm:mechanism_rifle_1, Rifle Mechanism
hbm:mechanism_rifle_2, Advanced Rifle Mechanism
hbm:mechanism_launcher_1, Launcher Mechanism
hbm:mechanism_launcher_2, Advanced Launcher Mechanism
hbm:mechanism_special, High-Tech Weapon Mechanism
hbm:primer_357, .357 Magnum Primer (x24)
hbm:primer_44, .44 Magnum Primer (x24)
hbm:primer_9, Small Caliber Primer (x32)
hbm:primer_50, Large Caliber Primer (x12)
hbm:primer_buckshot, Buckshot Primer (x12)
hbm:casing_357, .357 Magnum Casings
hbm:casing_44, .44 Magnum Casings
hbm:casing_9, Small Caliber Casings
hbm:casing_50, Large Caliber Casings
hbm:casing_buckshot, Buckshot Casing
hbm:coil_gold, Gold Coil
hbm:coil_gold_torus, Golden Ring Coil
hbm:coil_tungsten, Heating Coil
hbm:coil_copper, Copper Coil
hbm:coil_copper_torus, Ring Coil
hbm:coil_magnetized_tungsten, 4000K High Temperature Super Conducting Coil
hbm:assembly_nuke, Mini Nuke Shell
hbm:ammo_shell:0, 240mm Shell
hbm:ammo_shell:1, 240mm HE Shell
hbm:ammo_shell:2, 240mm APFSDS-T
hbm:ammo_shell:3, 240mm APFSDS-DU
hbm:ammo_shell:4, 240mm W9 Nuclear Shell
hbm:ammo_dgk, Goalkeeper Twin CIWS 200 Round Belt
hbm:ammo_fireext:0, Fire Extinguisher Water Tank
hbm:ammo_fireext:1, Fire Extinguisher Foam Tank
hbm:ammo_fireext:2, Fire Extinguisher Sand Tank
hbm:ammo_misc:0, Goalkeeper Twin CIWS 200 Round Belt
hbm:ammo_arty:0, 16" Artillery Shell
hbm:ammo_arty:1, 16" Artillery Shell (The Factorio Special)
hbm:ammo_arty:2, 16" High Explosive Artillery Shell
hbm:ammo_arty:3, 16" Micro Nuclear Artillery Shell
hbm:ammo_arty:4, 16" Nuclear Artillery Shell
hbm:ammo_arty:5, 16" Phosphorus Shell
hbm:ammo_arty:6, 16" Multi Micro Nuclear Artillery Shell
hbm:ammo_arty:7, 16" Multi Phosphorus Shell
hbm:ammo_arty:8, 16" Express Delivery Artillery Shell
hbm:ammo_arty:9, 16" Chlorine Gas Artillery Shell
hbm:ammo_arty:10, 16" Phosgene Artillery Shell
hbm:ammo_arty:11, 16" Mustard Gas Artillery Shell
hbm:ammo_himars:0, 227mm Guided Artillery Rocket Pod
hbm:ammo_himars:1, 227mm Guided Artillery Rocket Pod (HE)
hbm:ammo_himars:2, 227mm Guided Artillery Rocket Pod (WP)
hbm:ammo_himars:3, 227mm Guided Artillery Rocket Pod (Thermobaric)
hbm:ammo_himars:4, 227mm Guided Artillery Rocket Pod (Lava)
hbm:ammo_himars:5, 227mm Guided Artillery Rocket Pod (Mini Nuke)
hbm:ammo_himars:6, 610mm Guided Artillery Rocket Pod
hbm:ammo_himars:7, 610mm Guided Artillery Rocket Pod (Thermobaric)
hbm:gun_b92_ammo, §9B92 Energy Cell§r
hbm:charge_railgun, Deuterium Plasma Capsule
hbm:ammo_container:0, Ammo Container
hbm:ammo_container:1, Ammo Container
hbm:grenade_shell:0, Compact Grenade Shell
hbm:grenade_shell:1, Stick Grenade Shell
hbm:grenade_shell:2, High-Tech Grenade Shell
hbm:grenade_shell:3, Nuclear Grenade Shell
hbm:grenade_filling:0, Gunpowder Grenade Charge
hbm:grenade_filling:1, High-Explosive Grenade Charge
hbm:grenade_filling:2, Demolition Grenade Charge
hbm:grenade_filling:3, Incendiary Grenade Charge
hbm:grenade_filling:4, White Phosphorus Grenade Charge
hbm:grenade_filling:5, Cluster Grenade Charge
hbm:grenade_filling:6, EMP Grenade Charge
hbm:grenade_filling:7, Plasma Grenade Charge
hbm:grenade_filling:8, Laser Grenade Charge
hbm:grenade_filling:9, Heavy Cluster Grenade Charge
hbm:grenade_filling:10, Nuclear Grenade Charge
hbm:grenade_filling:11, Nuclear Demolition Grenade Charge
hbm:grenade_filling:12, Schrabidium Grenade Charge
hbm:grenade_fuze:0, Timed Grenade Fuze, 3s
hbm:grenade_fuze:1, Timed Grenade Fuze, 7s
hbm:grenade_fuze:2, Timed Grenade Fuze, 15s
hbm:grenade_fuze:3, Impact Grenade Fuze
hbm:grenade_fuze:4, Airburst Grenade Fuze
hbm:grenade_extra:0, Grenade Extra - Glue
hbm:grenade_extra:1, Grenade Extra - Proximity Fuze
hbm:grenade_extra:2, Grenade Extra - Fragmentation Sleeve
hbm:grenade_extra:3, Grenade Extra - Triplex
hbm:grenade_universal, Grenade
hbm:weaponized_starblaster_cell, §cRigged Star Blaster Energy Cell§r
hbm:turret_chip, Turret AI-Chip
hbm:turret_biometry, Turret Telemetry Card
hbm:designator_arty_range, Long Range Artillery Remote
hbm:book_guide_book:1, Guide Book
hbm:book_guide_book:2, Guide Book
hbm:book_guide_book:3, Guide Book
hbm:book_guide_book:4, Guide Book
hbm:book_lore, item.book_lore.name
hbm:rune_blank, Blank Catalyst Matrix
hbm:rune_isa, Cool Catalyst Matrix
hbm:rune_dagaz, Balanced Catalyst Matrix
hbm:rune_hagalaz, Rough Catalyst Matrix
hbm:rune_jera, Multiplicative Catalyst Matrix
hbm:rune_thurisaz, Additive Catalyst Matrix
hbm:rbmk_lid, RBMK Cover Panel
hbm:rbmk_lid_glass, RBMK Glass Cover Panel
hbm:debris_graphite, Hot Graphite Chunk
hbm:debris_metal, Broken Metal Bar
hbm:debris_fuel, RBMK Fuel Chunk
hbm:debris_concrete, Broken Concrete
hbm:debris_shrapnel, Walkway Shrapnel
hbm:debris_exchanger, Heat Exchanger Piece
hbm:debris_element, Broken ZIRNOX Fuel Element
hbm:rbmk_pellet_zfb_bismuth:0, Bismuth ZFB Pellet
hbm:rbmk_pellet_zfb_bismuth:1, Bismuth ZFB Pellet
hbm:rbmk_pellet_zfb_bismuth:2, Bismuth ZFB Pellet
hbm:rbmk_pellet_zfb_bismuth:3, Bismuth ZFB Pellet
hbm:rbmk_pellet_zfb_bismuth:4, Bismuth ZFB Pellet
hbm:rbmk_pellet_zfb_bismuth:5, Bismuth ZFB Pellet
hbm:rbmk_pellet_zfb_bismuth:6, Bismuth ZFB Pellet
hbm:rbmk_pellet_zfb_bismuth:7, Bismuth ZFB Pellet
hbm:rbmk_pellet_zfb_bismuth:8, Bismuth ZFB Pellet
hbm:rbmk_pellet_zfb_bismuth:9, Bismuth ZFB Pellet
hbm:rbmk_pellet_zfb_pu241:0, Pu-241 ZFB Pellet
hbm:rbmk_pellet_zfb_pu241:1, Pu-241 ZFB Pellet
hbm:rbmk_pellet_zfb_pu241:2, Pu-241 ZFB Pellet
hbm:rbmk_pellet_zfb_pu241:3, Pu-241 ZFB Pellet
hbm:rbmk_pellet_zfb_pu241:4, Pu-241 ZFB Pellet
hbm:rbmk_pellet_zfb_pu241:5, Pu-241 ZFB Pellet
hbm:rbmk_pellet_zfb_pu241:6, Pu-241 ZFB Pellet
hbm:rbmk_pellet_zfb_pu241:7, Pu-241 ZFB Pellet
hbm:rbmk_pellet_zfb_pu241:8, Pu-241 ZFB Pellet
hbm:rbmk_pellet_zfb_pu241:9, Pu-241 ZFB Pellet
hbm:rbmk_pellet_zfb_am_mix:0, Fuel Grade Americium ZFB Pellet
hbm:rbmk_pellet_zfb_am_mix:1, Fuel Grade Americium ZFB Pellet
hbm:rbmk_pellet_zfb_am_mix:2, Fuel Grade Americium ZFB Pellet
hbm:rbmk_pellet_zfb_am_mix:3, Fuel Grade Americium ZFB Pellet
hbm:rbmk_pellet_zfb_am_mix:4, Fuel Grade Americium ZFB Pellet
hbm:rbmk_pellet_zfb_am_mix:5, Fuel Grade Americium ZFB Pellet
hbm:rbmk_pellet_zfb_am_mix:6, Fuel Grade Americium ZFB Pellet
hbm:rbmk_pellet_zfb_am_mix:7, Fuel Grade Americium ZFB Pellet
hbm:rbmk_pellet_zfb_am_mix:8, Fuel Grade Americium ZFB Pellet
hbm:rbmk_pellet_zfb_am_mix:9, Fuel Grade Americium ZFB Pellet
hbm:rbmk_pellet_ueu:0, NU Fuel Pellet
hbm:rbmk_pellet_ueu:1, NU Fuel Pellet
hbm:rbmk_pellet_ueu:2, NU Fuel Pellet
hbm:rbmk_pellet_ueu:3, NU Fuel Pellet
hbm:rbmk_pellet_ueu:4, NU Fuel Pellet
hbm:rbmk_pellet_ueu:5, NU Fuel Pellet
hbm:rbmk_pellet_ueu:6, NU Fuel Pellet
hbm:rbmk_pellet_ueu:7, NU Fuel Pellet
hbm:rbmk_pellet_ueu:8, NU Fuel Pellet
hbm:rbmk_pellet_ueu:9, NU Fuel Pellet
hbm:rbmk_pellet_meu:0, MEU Fuel Pellet
hbm:rbmk_pellet_meu:1, MEU Fuel Pellet
hbm:rbmk_pellet_meu:2, MEU Fuel Pellet
hbm:rbmk_pellet_meu:3, MEU Fuel Pellet
hbm:rbmk_pellet_meu:4, MEU Fuel Pellet
hbm:rbmk_pellet_meu:5, MEU Fuel Pellet
hbm:rbmk_pellet_meu:6, MEU Fuel Pellet
hbm:rbmk_pellet_meu:7, MEU Fuel Pellet
hbm:rbmk_pellet_meu:8, MEU Fuel Pellet
hbm:rbmk_pellet_meu:9, MEU Fuel Pellet
hbm:rbmk_pellet_heu233:0, HEU-233 Fuel Pellet
hbm:rbmk_pellet_heu233:1, HEU-233 Fuel Pellet
hbm:rbmk_pellet_heu233:2, HEU-233 Fuel Pellet
hbm:rbmk_pellet_heu233:3, HEU-233 Fuel Pellet
hbm:rbmk_pellet_heu233:4, HEU-233 Fuel Pellet
hbm:rbmk_pellet_heu233:5, HEU-233 Fuel Pellet
hbm:rbmk_pellet_heu233:6, HEU-233 Fuel Pellet
hbm:rbmk_pellet_heu233:7, HEU-233 Fuel Pellet
hbm:rbmk_pellet_heu233:8, HEU-233 Fuel Pellet
hbm:rbmk_pellet_heu233:9, HEU-233 Fuel Pellet
hbm:rbmk_pellet_heu235:0, HEU-235 Fuel Pellet
hbm:rbmk_pellet_heu235:1, HEU-235 Fuel Pellet
hbm:rbmk_pellet_heu235:2, HEU-235 Fuel Pellet
hbm:rbmk_pellet_heu235:3, HEU-235 Fuel Pellet
hbm:rbmk_pellet_heu235:4, HEU-235 Fuel Pellet
hbm:rbmk_pellet_heu235:5, HEU-235 Fuel Pellet
hbm:rbmk_pellet_heu235:6, HEU-235 Fuel Pellet
hbm:rbmk_pellet_heu235:7, HEU-235 Fuel Pellet
hbm:rbmk_pellet_heu235:8, HEU-235 Fuel Pellet
hbm:rbmk_pellet_heu235:9, HEU-235 Fuel Pellet
hbm:rbmk_pellet_uzh:0, UZrH Fuel Pellet
hbm:rbmk_pellet_uzh:1, UZrH Fuel Pellet
hbm:rbmk_pellet_uzh:2, UZrH Fuel Pellet
hbm:rbmk_pellet_uzh:3, UZrH Fuel Pellet
hbm:rbmk_pellet_uzh:4, UZrH Fuel Pellet
hbm:rbmk_pellet_uzh:5, UZrH Fuel Pellet
hbm:rbmk_pellet_uzh:6, UZrH Fuel Pellet
hbm:rbmk_pellet_uzh:7, UZrH Fuel Pellet
hbm:rbmk_pellet_uzh:8, UZrH Fuel Pellet
hbm:rbmk_pellet_uzh:9, UZrH Fuel Pellet
hbm:rbmk_pellet_thmeu:0, ThMEU Fuel Pellet
hbm:rbmk_pellet_thmeu:1, ThMEU Fuel Pellet
hbm:rbmk_pellet_thmeu:2, ThMEU Fuel Pellet
hbm:rbmk_pellet_thmeu:3, ThMEU Fuel Pellet
hbm:rbmk_pellet_thmeu:4, ThMEU Fuel Pellet
hbm:rbmk_pellet_thmeu:5, ThMEU Fuel Pellet
hbm:rbmk_pellet_thmeu:6, ThMEU Fuel Pellet
hbm:rbmk_pellet_thmeu:7, ThMEU Fuel Pellet
hbm:rbmk_pellet_thmeu:8, ThMEU Fuel Pellet
hbm:rbmk_pellet_thmeu:9, ThMEU Fuel Pellet
hbm:rbmk_pellet_lep:0, LEP Fuel Pellet
hbm:rbmk_pellet_lep:1, LEP Fuel Pellet
hbm:rbmk_pellet_lep:2, LEP Fuel Pellet
hbm:rbmk_pellet_lep:3, LEP Fuel Pellet
hbm:rbmk_pellet_lep:4, LEP Fuel Pellet
hbm:rbmk_pellet_lep:5, LEP Fuel Pellet
hbm:rbmk_pellet_lep:6, LEP Fuel Pellet
hbm:rbmk_pellet_lep:7, LEP Fuel Pellet
hbm:rbmk_pellet_lep:8, LEP Fuel Pellet
hbm:rbmk_pellet_lep:9, LEP Fuel Pellet
hbm:rbmk_pellet_mep:0, MEP Fuel Pellet
hbm:rbmk_pellet_mep:1, MEP Fuel Pellet
hbm:rbmk_pellet_mep:2, MEP Fuel Pellet
hbm:rbmk_pellet_mep:3, MEP Fuel Pellet
hbm:rbmk_pellet_mep:4, MEP Fuel Pellet
hbm:rbmk_pellet_mep:5, MEP Fuel Pellet
hbm:rbmk_pellet_mep:6, MEP Fuel Pellet
hbm:rbmk_pellet_mep:7, MEP Fuel Pellet
hbm:rbmk_pellet_mep:8, MEP Fuel Pellet
hbm:rbmk_pellet_mep:9, MEP Fuel Pellet
hbm:rbmk_pellet_hep239:0, HEP-239 Fuel Pellet
hbm:rbmk_pellet_hep239:1, HEP-239 Fuel Pellet
hbm:rbmk_pellet_hep239:2, HEP-239 Fuel Pellet
hbm:rbmk_pellet_hep239:3, HEP-239 Fuel Pellet
hbm:rbmk_pellet_hep239:4, HEP-239 Fuel Pellet
hbm:rbmk_pellet_hep239:5, HEP-239 Fuel Pellet
hbm:rbmk_pellet_hep239:6, HEP-239 Fuel Pellet
hbm:rbmk_pellet_hep239:7, HEP-239 Fuel Pellet
hbm:rbmk_pellet_hep239:8, HEP-239 Fuel Pellet
hbm:rbmk_pellet_hep239:9, HEP-239 Fuel Pellet
hbm:rbmk_pellet_hep241:0, HEP-241 Fuel Pellet
hbm:rbmk_pellet_hep241:1, HEP-241 Fuel Pellet
hbm:rbmk_pellet_hep241:2, HEP-241 Fuel Pellet
hbm:rbmk_pellet_hep241:3, HEP-241 Fuel Pellet
hbm:rbmk_pellet_hep241:4, HEP-241 Fuel Pellet
hbm:rbmk_pellet_hep241:5, HEP-241 Fuel Pellet
hbm:rbmk_pellet_hep241:6, HEP-241 Fuel Pellet
hbm:rbmk_pellet_hep241:7, HEP-241 Fuel Pellet
hbm:rbmk_pellet_hep241:8, HEP-241 Fuel Pellet
hbm:rbmk_pellet_hep241:9, HEP-241 Fuel Pellet
hbm:rbmk_pellet_lea:0, LEA Fuel Pellet
hbm:rbmk_pellet_lea:1, LEA Fuel Pellet
hbm:rbmk_pellet_lea:2, LEA Fuel Pellet
hbm:rbmk_pellet_lea:3, LEA Fuel Pellet
hbm:rbmk_pellet_lea:4, LEA Fuel Pellet
hbm:rbmk_pellet_lea:5, LEA Fuel Pellet
hbm:rbmk_pellet_lea:6, LEA Fuel Pellet
hbm:rbmk_pellet_lea:7, LEA Fuel Pellet
hbm:rbmk_pellet_lea:8, LEA Fuel Pellet
hbm:rbmk_pellet_lea:9, LEA Fuel Pellet
hbm:rbmk_pellet_mea:0, MEA Fuel Pellet
hbm:rbmk_pellet_mea:1, MEA Fuel Pellet
hbm:rbmk_pellet_mea:2, MEA Fuel Pellet
hbm:rbmk_pellet_mea:3, MEA Fuel Pellet
hbm:rbmk_pellet_mea:4, MEA Fuel Pellet
hbm:rbmk_pellet_mea:5, MEA Fuel Pellet
hbm:rbmk_pellet_mea:6, MEA Fuel Pellet
hbm:rbmk_pellet_mea:7, MEA Fuel Pellet
hbm:rbmk_pellet_mea:8, MEA Fuel Pellet
hbm:rbmk_pellet_mea:9, MEA Fuel Pellet
hbm:rbmk_pellet_hea241:0, HEA-241 Fuel Pellet
hbm:rbmk_pellet_hea241:1, HEA-241 Fuel Pellet
hbm:rbmk_pellet_hea241:2, HEA-241 Fuel Pellet
hbm:rbmk_pellet_hea241:3, HEA-241 Fuel Pellet
hbm:rbmk_pellet_hea241:4, HEA-241 Fuel Pellet
hbm:rbmk_pellet_hea241:5, HEA-241 Fuel Pellet
hbm:rbmk_pellet_hea241:6, HEA-241 Fuel Pellet
hbm:rbmk_pellet_hea241:7, HEA-241 Fuel Pellet
hbm:rbmk_pellet_hea241:8, HEA-241 Fuel Pellet
hbm:rbmk_pellet_hea241:9, HEA-241 Fuel Pellet
hbm:rbmk_pellet_hea242:0, HEA-242 Fuel Pellet
hbm:rbmk_pellet_hea242:1, HEA-242 Fuel Pellet
hbm:rbmk_pellet_hea242:2, HEA-242 Fuel Pellet
hbm:rbmk_pellet_hea242:3, HEA-242 Fuel Pellet
hbm:rbmk_pellet_hea242:4, HEA-242 Fuel Pellet
hbm:rbmk_pellet_hea242:5, HEA-242 Fuel Pellet
hbm:rbmk_pellet_hea242:6, HEA-242 Fuel Pellet
hbm:rbmk_pellet_hea242:7, HEA-242 Fuel Pellet
hbm:rbmk_pellet_hea242:8, HEA-242 Fuel Pellet
hbm:rbmk_pellet_hea242:9, HEA-242 Fuel Pellet
hbm:rbmk_pellet_men:0, MEN Fuel Pellet
hbm:rbmk_pellet_men:1, MEN Fuel Pellet
hbm:rbmk_pellet_men:2, MEN Fuel Pellet
hbm:rbmk_pellet_men:3, MEN Fuel Pellet
hbm:rbmk_pellet_men:4, MEN Fuel Pellet
hbm:rbmk_pellet_men:5, MEN Fuel Pellet
hbm:rbmk_pellet_men:6, MEN Fuel Pellet
hbm:rbmk_pellet_men:7, MEN Fuel Pellet
hbm:rbmk_pellet_men:8, MEN Fuel Pellet
hbm:rbmk_pellet_men:9, MEN Fuel Pellet
hbm:rbmk_pellet_hen:0, HEN Fuel Pellet
hbm:rbmk_pellet_hen:1, HEN Fuel Pellet
hbm:rbmk_pellet_hen:2, HEN Fuel Pellet
hbm:rbmk_pellet_hen:3, HEN Fuel Pellet
hbm:rbmk_pellet_hen:4, HEN Fuel Pellet
hbm:rbmk_pellet_hen:5, HEN Fuel Pellet
hbm:rbmk_pellet_hen:6, HEN Fuel Pellet
hbm:rbmk_pellet_hen:7, HEN Fuel Pellet
hbm:rbmk_pellet_hen:8, HEN Fuel Pellet
hbm:rbmk_pellet_hen:9, HEN Fuel Pellet
hbm:rbmk_pellet_mox:0, MOX Fuel Pellet
hbm:rbmk_pellet_mox:1, MOX Fuel Pellet
hbm:rbmk_pellet_mox:2, MOX Fuel Pellet
hbm:rbmk_pellet_mox:3, MOX Fuel Pellet
hbm:rbmk_pellet_mox:4, MOX Fuel Pellet
hbm:rbmk_pellet_mox:5, MOX Fuel Pellet
hbm:rbmk_pellet_mox:6, MOX Fuel Pellet
hbm:rbmk_pellet_mox:7, MOX Fuel Pellet
hbm:rbmk_pellet_mox:8, MOX Fuel Pellet
hbm:rbmk_pellet_mox:9, MOX Fuel Pellet
hbm:rbmk_pellet_les:0, LES Fuel Pellet
hbm:rbmk_pellet_les:1, LES Fuel Pellet
hbm:rbmk_pellet_les:2, LES Fuel Pellet
hbm:rbmk_pellet_les:3, LES Fuel Pellet
hbm:rbmk_pellet_les:4, LES Fuel Pellet
hbm:rbmk_pellet_les:5, LES Fuel Pellet
hbm:rbmk_pellet_les:6, LES Fuel Pellet
hbm:rbmk_pellet_les:7, LES Fuel Pellet
hbm:rbmk_pellet_les:8, LES Fuel Pellet
hbm:rbmk_pellet_les:9, LES Fuel Pellet
hbm:rbmk_pellet_mes:0, MES Fuel Pellet
hbm:rbmk_pellet_mes:1, MES Fuel Pellet
hbm:rbmk_pellet_mes:2, MES Fuel Pellet
hbm:rbmk_pellet_mes:3, MES Fuel Pellet
hbm:rbmk_pellet_mes:4, MES Fuel Pellet
hbm:rbmk_pellet_mes:5, MES Fuel Pellet
hbm:rbmk_pellet_mes:6, MES Fuel Pellet
hbm:rbmk_pellet_mes:7, MES Fuel Pellet
hbm:rbmk_pellet_mes:8, MES Fuel Pellet
hbm:rbmk_pellet_mes:9, MES Fuel Pellet
hbm:rbmk_pellet_hes:0, HES Fuel Pellet
hbm:rbmk_pellet_hes:1, HES Fuel Pellet
hbm:rbmk_pellet_hes:2, HES Fuel Pellet
hbm:rbmk_pellet_hes:3, HES Fuel Pellet
hbm:rbmk_pellet_hes:4, HES Fuel Pellet
hbm:rbmk_pellet_hes:5, HES Fuel Pellet
hbm:rbmk_pellet_hes:6, HES Fuel Pellet
hbm:rbmk_pellet_hes:7, HES Fuel Pellet
hbm:rbmk_pellet_hes:8, HES Fuel Pellet
hbm:rbmk_pellet_hes:9, HES Fuel Pellet
hbm:rbmk_pellet_leaus:0, LEAus Fuel Pellet
hbm:rbmk_pellet_leaus:1, LEAus Fuel Pellet
hbm:rbmk_pellet_leaus:2, LEAus Fuel Pellet
hbm:rbmk_pellet_leaus:3, LEAus Fuel Pellet
hbm:rbmk_pellet_leaus:4, LEAus Fuel Pellet
hbm:rbmk_pellet_leaus:5, LEAus Fuel Pellet
hbm:rbmk_pellet_leaus:6, LEAus Fuel Pellet
hbm:rbmk_pellet_leaus:7, LEAus Fuel Pellet
hbm:rbmk_pellet_leaus:8, LEAus Fuel Pellet
hbm:rbmk_pellet_leaus:9, LEAus Fuel Pellet
hbm:rbmk_pellet_heaus:0, HEAus Fuel Pellet
hbm:rbmk_pellet_heaus:1, HEAus Fuel Pellet
hbm:rbmk_pellet_heaus:2, HEAus Fuel Pellet
hbm:rbmk_pellet_heaus:3, HEAus Fuel Pellet
hbm:rbmk_pellet_heaus:4, HEAus Fuel Pellet
hbm:rbmk_pellet_heaus:5, HEAus Fuel Pellet
hbm:rbmk_pellet_heaus:6, HEAus Fuel Pellet
hbm:rbmk_pellet_heaus:7, HEAus Fuel Pellet
hbm:rbmk_pellet_heaus:8, HEAus Fuel Pellet
hbm:rbmk_pellet_heaus:9, HEAus Fuel Pellet
hbm:rbmk_pellet_po210be:0, Po210Be Neutron Source Pellet
hbm:rbmk_pellet_po210be:1, Po210Be Neutron Source Pellet
hbm:rbmk_pellet_po210be:2, Po210Be Neutron Source Pellet
hbm:rbmk_pellet_po210be:3, Po210Be Neutron Source Pellet
hbm:rbmk_pellet_po210be:4, Po210Be Neutron Source Pellet
hbm:rbmk_pellet_po210be:5, Po210Be Neutron Source Pellet
hbm:rbmk_pellet_po210be:6, Po210Be Neutron Source Pellet
hbm:rbmk_pellet_po210be:7, Po210Be Neutron Source Pellet
hbm:rbmk_pellet_po210be:8, Po210Be Neutron Source Pellet
hbm:rbmk_pellet_po210be:9, Po210Be Neutron Source Pellet
hbm:rbmk_pellet_ra226be:0, Ra226Be Neutron Source Pellet
hbm:rbmk_pellet_ra226be:1, Ra226Be Neutron Source Pellet
hbm:rbmk_pellet_ra226be:2, Ra226Be Neutron Source Pellet
hbm:rbmk_pellet_ra226be:3, Ra226Be Neutron Source Pellet
hbm:rbmk_pellet_ra226be:4, Ra226Be Neutron Source Pellet
hbm:rbmk_pellet_ra226be:5, Ra226Be Neutron Source Pellet
hbm:rbmk_pellet_ra226be:6, Ra226Be Neutron Source Pellet
hbm:rbmk_pellet_ra226be:7, Ra226Be Neutron Source Pellet
hbm:rbmk_pellet_ra226be:8, Ra226Be Neutron Source Pellet
hbm:rbmk_pellet_ra226be:9, Ra226Be Neutron Source Pellet
hbm:rbmk_pellet_pu238be:0, Pu238Be Neutron Source Pellet
hbm:rbmk_pellet_pu238be:1, Pu238Be Neutron Source Pellet
hbm:rbmk_pellet_pu238be:2, Pu238Be Neutron Source Pellet
hbm:rbmk_pellet_pu238be:3, Pu238Be Neutron Source Pellet
hbm:rbmk_pellet_pu238be:4, Pu238Be Neutron Source Pellet
hbm:rbmk_pellet_pu238be:5, Pu238Be Neutron Source Pellet
hbm:rbmk_pellet_pu238be:6, Pu238Be Neutron Source Pellet
hbm:rbmk_pellet_pu238be:7, Pu238Be Neutron Source Pellet
hbm:rbmk_pellet_pu238be:8, Pu238Be Neutron Source Pellet
hbm:rbmk_pellet_pu238be:9, Pu238Be Neutron Source Pellet
hbm:rbmk_pellet_balefire_gold:0, Flashgold Fuel Pellet
hbm:rbmk_pellet_balefire_gold:1, Flashgold Fuel Pellet
hbm:rbmk_pellet_balefire_gold:2, Flashgold Fuel Pellet
hbm:rbmk_pellet_balefire_gold:3, Flashgold Fuel Pellet
hbm:rbmk_pellet_balefire_gold:4, Flashgold Fuel Pellet
hbm:rbmk_pellet_balefire_gold:5, Flashgold Fuel Pellet
hbm:rbmk_pellet_balefire_gold:6, Flashgold Fuel Pellet
hbm:rbmk_pellet_balefire_gold:7, Flashgold Fuel Pellet
hbm:rbmk_pellet_balefire_gold:8, Flashgold Fuel Pellet
hbm:rbmk_pellet_balefire_gold:9, Flashgold Fuel Pellet
hbm:rbmk_pellet_flashlead:0, Flashlead Fuel Pellet
hbm:rbmk_pellet_flashlead:1, Flashlead Fuel Pellet
hbm:rbmk_pellet_flashlead:2, Flashlead Fuel Pellet
hbm:rbmk_pellet_flashlead:3, Flashlead Fuel Pellet
hbm:rbmk_pellet_flashlead:4, Flashlead Fuel Pellet
hbm:rbmk_pellet_flashlead:5, Flashlead Fuel Pellet
hbm:rbmk_pellet_flashlead:6, Flashlead Fuel Pellet
hbm:rbmk_pellet_flashlead:7, Flashlead Fuel Pellet
hbm:rbmk_pellet_flashlead:8, Flashlead Fuel Pellet
hbm:rbmk_pellet_flashlead:9, Flashlead Fuel Pellet
hbm:rbmk_pellet_balefire:0, Balefire Fuel Pellet
hbm:rbmk_pellet_balefire:1, Balefire Fuel Pellet
hbm:rbmk_pellet_balefire:2, Balefire Fuel Pellet
hbm:rbmk_pellet_balefire:3, Balefire Fuel Pellet
hbm:rbmk_pellet_balefire:4, Balefire Fuel Pellet
hbm:rbmk_pellet_balefire:5, Balefire Fuel Pellet
hbm:rbmk_pellet_balefire:6, Balefire Fuel Pellet
hbm:rbmk_pellet_balefire:7, Balefire Fuel Pellet
hbm:rbmk_pellet_balefire:8, Balefire Fuel Pellet
hbm:rbmk_pellet_balefire:9, Balefire Fuel Pellet
hbm:rbmk_pellet_drx:0, §cDigamma Fuel Pellet§r
hbm:rbmk_pellet_drx:1, §cDigamma Fuel Pellet§r
hbm:rbmk_pellet_drx:2, §cDigamma Fuel Pellet§r
hbm:rbmk_pellet_drx:3, §cDigamma Fuel Pellet§r
hbm:rbmk_pellet_drx:4, §cDigamma Fuel Pellet§r
hbm:rbmk_pellet_drx:5, §cDigamma Fuel Pellet§r
hbm:rbmk_pellet_drx:6, §cDigamma Fuel Pellet§r
hbm:rbmk_pellet_drx:7, §cDigamma Fuel Pellet§r
hbm:rbmk_pellet_drx:8, §cDigamma Fuel Pellet§r
hbm:rbmk_pellet_drx:9, §cDigamma Fuel Pellet§r
hbm:rbmk_fuel_empty, Empty RBMK Fuel Rod
hbm:rbmk_fuel_ueu, NU RBMK Fuel Rod
hbm:rbmk_fuel_meu, MEU RBMK Fuel Rod
hbm:rbmk_fuel_heu233, HEU-233 RBMK Fuel Rod
hbm:rbmk_fuel_heu235, HEU-235 RBMK Fuel Rod
hbm:rbmk_fuel_uzh, UZrH RBMK Fuel Rod
hbm:rbmk_fuel_thmeu, ThMEU RBMK Fuel Rod
hbm:rbmk_fuel_lep, LEP-239 RBMK Fuel Rod
hbm:rbmk_fuel_mep, MEP-239 RBMK Fuel Rod
hbm:rbmk_fuel_hep, HEP-239 RBMK Fuel Rod
hbm:rbmk_fuel_hep241, HEP-241 RBMK Fuel Rod
hbm:rbmk_fuel_lea, LEA RBMK Fuel Rod
hbm:rbmk_fuel_mea, MEA RBMK Fuel Rod
hbm:rbmk_fuel_hea241, HEA-241 RBMK Fuel Rod
hbm:rbmk_fuel_hea242, HEA-242 RBMK Fuel Rod
hbm:rbmk_fuel_men, MEN RBMK Fuel Rod
hbm:rbmk_fuel_hen, HEN RBMK Fuel Rod
hbm:rbmk_fuel_mox, MOX RBMK Fuel Rod
hbm:rbmk_fuel_les, LES RBMK Fuel Rod
hbm:rbmk_fuel_mes, MES RBMK Fuel Rod
hbm:rbmk_fuel_hes, HES RBMK Fuel Rod
hbm:rbmk_fuel_leaus, LEAus RBMK Fuel Rod
hbm:rbmk_fuel_heaus, HEAus RBMK Fuel Rod
hbm:rbmk_fuel_ra226be, Ra226Be RBMK Neutron Source
hbm:rbmk_fuel_po210be, Po210Be RBMK Neutron Source
hbm:rbmk_fuel_pu238be, Pu238Be RBMK Neutron Source
hbm:rbmk_fuel_balefire_gold, Flashgold RBMK Fuel Rod
hbm:rbmk_fuel_flashlead, Flashlead RBMK Fuel Rod
hbm:rbmk_fuel_zfb_bismuth, Bismuth RBMK ZFB Rod
hbm:rbmk_fuel_zfb_pu241, Pu-241 RBMK ZFB Rod
hbm:rbmk_fuel_zfb_am_mix, Fuel Grade Americium RBMK ZFB Rod
hbm:rbmk_fuel_balefire, Balefire RBMK Fuel Rod
hbm:rbmk_fuel_drx, §cDigamma RBMK Fuel Rod§r
hbm:rbmk_fuel_test, item.rbmk_fuel_test.name
hbm:icf_pellet_empty, Empty ICF Fuel Pellet
hbm:icf_pellet:0, ICF Fuel Pellet
hbm:icf_pellet:0, ICF Fuel Pellet
hbm:icf_pellet:0, ICF Fuel Pellet
hbm:icf_pellet:0, ICF Fuel Pellet
hbm:icf_pellet:0, ICF Fuel Pellet
hbm:icf_pellet_depleted, Depleted ICF Fuel Pellet
hbm:watz_pellet:0, Schrabidium Watz Pellet
hbm:watz_pellet:1, HES Watz Pellet
hbm:watz_pellet:2, MES Watz Pellet
hbm:watz_pellet:3, LES Watz Pellet
hbm:watz_pellet:4, HEN Watz Pellet
hbm:watz_pellet:5, MEU Watz Pellet
hbm:watz_pellet:6, MEP Watz Pellet
hbm:watz_pellet:7, Lead Absorber Pellet
hbm:watz_pellet:8, Boron Absorber Pellet
hbm:watz_pellet:9, Depleted Uranium Absorber Pellet
hbm:watz_pellet:10, Enriched Naquadah Watz Pellet
hbm:watz_pellet:11, Naquadria Watz Pellet
hbm:watz_pellet:12, Plutonium-241 Watz Pellet
hbm:watz_pellet:13, Americium Watz Pellet (Fuel)
hbm:watz_pellet:14, Americium Watz Pellet (Reactor Grade)
hbm:watz_pellet:15, Curium Watz Pellet (Reactor-Grade)
hbm:watz_pellet:16, Curium Watz Pellet (Fuel)
hbm:watz_pellet:17, Berkelium-247 Watz Pellet
hbm:watz_pellet:18, Californium-251 Watz Pellet
hbm:watz_pellet:19, Californium-252 Watz Pellet
hbm:watz_pellet:20, Einsteinium-253 Watz Pellet
hbm:watz_pellet_depleted:0, Schrabidium Watz Pellet (Depleted)
hbm:watz_pellet_depleted:1, HES Watz Pellet (Depleted)
hbm:watz_pellet_depleted:2, MES Watz Pellet (Depleted)
hbm:watz_pellet_depleted:3, LES Watz Pellet (Depleted)
hbm:watz_pellet_depleted:4, HEN Watz Pellet (Depleted)
hbm:watz_pellet_depleted:5, MEU Watz Pellet (Depleted)
hbm:watz_pellet_depleted:6, MEP Watz Pellet (Depleted)
hbm:watz_pellet_depleted:7, Lead Absorber Pellet (Depleted)
hbm:watz_pellet_depleted:8, Boron Absorber Pellet (Depleted)
hbm:watz_pellet_depleted:9, Depleted Uranium Absorber Pellet (Depleted)
hbm:watz_pellet_depleted:10, Enriched Naquadah Watz Pellet (Depleted)
hbm:watz_pellet_depleted:11, Naquadria Watz Pellet (Depleted)
hbm:watz_pellet_depleted:12, Plutonium-241 Watz Pellet (Depleted)
hbm:watz_pellet_depleted:13, Americium Watz Pellet (Fuel) (Depleted)
hbm:watz_pellet_depleted:14, Americium Watz Pellet (Reactor-Grade) (Depleted)
hbm:watz_pellet_depleted:15, Curium Watz Pellet (Reactor-Grade) (Depleted)
hbm:watz_pellet_depleted:16, Curium Watz Pellet (Fuel) (Depleted)
hbm:watz_pellet_depleted:17, Berkelium-247 Watz Pellet (Depleted)
hbm:watz_pellet_depleted:18, Californium-251 Watz Pellet (Depleted)
hbm:watz_pellet_depleted:19, Californium-252 Watz Pellet (Depleted)
hbm:watz_pellet_depleted:20, Einsteinium-253 Watz Pellet (Depleted)
hbm:pa_coil:0, Large Gold Coil
hbm:pa_coil:1, Large NbTi Coil
hbm:pa_coil:2, Large BSCCO Coil
hbm:pa_coil:3, Large Chlorophyte Coil
hbm:particle_empty, Empty Particle Capsule
hbm:particle_hydrogen, Hydrogen Ion Capsule
hbm:particle_copper, Copper Ion Capsule
hbm:particle_lead, Lead Ion Capsule
hbm:particle_aproton, Antiproton Capsule
hbm:particle_aelectron, Positron Capsule
hbm:particle_muon, Muon Capsule
hbm:particle_amat, Antimatter Capsule
hbm:particle_aschrab, Antischrabidium Capsule
hbm:particle_higgs, Higgs Boson Capsule
hbm:particle_tachyon, Tachyon Capsule
hbm:particle_dark, Dark Matter Capsule
hbm:particle_strange, Strange Quark Capsule
hbm:particle_sparkticle, Sparkticle Capsule
hbm:particle_digamma, §cThe Digamma Particle§r
hbm:capsule_xen, Xen Capsule
hbm:singularity, Singularity
hbm:singularity_counter_resonant, Contained Counter-Resonant Singularity
hbm:singularity_super_heated, Superheated Resonating Singularity
hbm:black_hole, Miniature Black Hole
hbm:singularity_spark, Spark Singularity
hbm:pellet_antimatter, Antimatter Cluster
hbm:crystal_xen, Artificial Xen Crystal
hbm:crystal_energy, Energy Crystal
hbm:pellet_coolant, Coolant Cluster
hbm:key, Key
hbm:key_red, Red Key
hbm:key_red_cracked, Cracked Key
hbm:key_kit, Key Imitation Kit
hbm:key_fake, Counterfeit Key
hbm:pin, Bobby Pin
hbm:padlock_rusty, Rusty Padlock
hbm:padlock, Padlock
hbm:padlock_reinforced, Reinforced Padlock
hbm:padlock_unbreakable, Unbreakable Padlock
hbm:mech_key, Large Silver Key
hbm:ams_catalyst_blank, Blank Reaction Catalyst
hbm:ams_catalyst_iron, Iron Reaction Catalyst
hbm:ams_catalyst_copper, Copper Reaction Catalyst
hbm:ams_catalyst_aluminium, Aluminium Reaction Catalyst
hbm:ams_catalyst_lithium, Lithium Reaction Catalyst
hbm:ams_catalyst_beryllium, Beryllium Reaction Catalyst
hbm:ams_catalyst_tungsten, Tungsten Reaction Catalyst
hbm:ams_catalyst_cobalt, Cobalt Reaction Catalyst
hbm:ams_catalyst_niobium, Niobium Reaction Catalyst
hbm:ams_catalyst_cerium, Cerium Reaction Catalyst
hbm:ams_catalyst_thorium, Thorium Reaction Catalyst
hbm:ams_catalyst_strontium, Strontium Reaction Catalyst
hbm:ams_catalyst_caesium, Caeseium Reaction Catalyst
hbm:ams_catalyst_schrabidium, Schrabidium Reaction Catalyst
hbm:ams_catalyst_euphemium, Euphemium Reaction Catalyst
hbm:ams_catalyst_dineutronium, Dineutronium Reaction Catalyst
hbm:ams_lens, Stabilizer Lens
hbm:ams_core_sing, Vibrant Singularity (AMS/DFC Core)
hbm:ams_core_wormhole, Tiny Wormhole (AMS/DFC Core)
hbm:ams_core_eyeofharmony, Eye of Harmony (AMS/DFC Core)
hbm:ams_core_thingy, Thingy (AMS/DFC Core)
hbm:ams_muzzle, Ray-Emission Muzzle
hbm:fluid_icon:152, Compressed Air
hbm:fluid_icon:155, Hot Air Blast
hbm:fluid_icon:1, Water
hbm:fluid_icon:60, Heavy Water
hbm:fluid_icon:125, Hot Heavy Water
hbm:fluid_icon:7, Lava
hbm:fluid_icon:2, Steam
hbm:fluid_icon:3, Dense Steam
hbm:fluid_icon:4, Super Dense Steam
hbm:fluid_icon:5, Ultra Dense Steam
hbm:fluid_icon:48, Low-Pressure Steam
hbm:fluid_icon:55, Carbon Dioxide
hbm:fluid_icon:6, Coolant
hbm:fluid_icon:76, Hot Coolant
hbm:fluid_icon:145, Perfluoromethyl
hbm:fluid_icon:146, Cold Perfluoromethyl
hbm:fluid_icon:147, Hot Perfluoromethyl
hbm:fluid_icon:37, Cryogel
hbm:fluid_icon:77, Mug Root Beer
hbm:fluid_icon:78, Hot Mug Root Beer
hbm:fluid_icon:84, Blood
hbm:fluid_icon:85, Hot Blood
hbm:fluid_icon:126, Liquid Sodium
hbm:fluid_icon:127, Hot Liquid Sodium
hbm:fluid_icon:143, Liquid Lead
hbm:fluid_icon:144, Hot Liquid Lead
hbm:fluid_icon:128, Liquid Thorium Salt
hbm:fluid_icon:129, Hot Liquid Thorium Salt
hbm:fluid_icon:130, Depleted Liquid Thorium Salt
hbm:fluid_icon:38, Liquid Hydrogen
hbm:fluid_icon:8, Deuterium
hbm:fluid_icon:9, Tritium
hbm:fluid_icon:57, Helium-3
hbm:fluid_icon:124, Helium-4
hbm:fluid_icon:39, Liquid Oxygen
hbm:fluid_icon:40, Xenon Gas
hbm:fluid_icon:90, Chlorine Gas
hbm:fluid_icon:42, Mercury
hbm:fluid_icon:10, Crude Oil
hbm:fluid_icon:134, Desulfurized Crude Oil
hbm:fluid_icon:61, Cracked Oil
hbm:fluid_icon:136, Desulfurized Cracked Oil
hbm:fluid_icon:62, Coal Oil
hbm:fluid_icon:105, Coker Oil
hbm:fluid_icon:11, Hot Crude Oil
hbm:fluid_icon:135, Desulfurized Hot Crude Oil
hbm:fluid_icon:63, Hot Cracked Oil
hbm:fluid_icon:137, Desulfurized Hot Cracked Oil
hbm:fluid_icon:12, Heavy Oil
hbm:fluid_icon:91, Vacuum Heavy Oil
hbm:fluid_icon:19, Naphtha
hbm:fluid_icon:138, Desulfurized Naphtha
hbm:fluid_icon:64, Cracked Naphtha
hbm:fluid_icon:106, Coker Naphtha
hbm:fluid_icon:92, Reformate
hbm:fluid_icon:21, Light Oil
hbm:fluid_icon:139, Desulfurized Light Oil
hbm:fluid_icon:65, Cracked Light Oil
hbm:fluid_icon:93, Vacuum Light Oil
hbm:fluid_icon:13, Bitumen
hbm:fluid_icon:14, Industrial Oil
hbm:fluid_icon:15, Heating Oil
hbm:fluid_icon:96, Heavy Heating Oil
hbm:fluid_icon:16, Reclaimed Industrial Oil
hbm:fluid_icon:18, Engine Lubricant
hbm:fluid_icon:156, Flue Gas
hbm:fluid_icon:23, Natural Gas
hbm:fluid_icon:107, Coker Gas
hbm:fluid_icon:24, Petroleum Gas
hbm:fluid_icon:94, Sour Gas
hbm:fluid_icon:25, LPG
hbm:fluid_icon:86, Syngas
hbm:fluid_icon:87, Oxyhydrogen
hbm:fluid_icon:67, Aromatic Hydrocarbons
hbm:fluid_icon:68, Unsaturated Hydrocarbons
hbm:fluid_icon:95, BTX
hbm:fluid_icon:100, Reformate Gas
hbm:fluid_icon:20, Diesel
hbm:fluid_icon:97, High-Cetane Diesel
hbm:fluid_icon:66, Cracked Diesel
hbm:fluid_icon:98, High-Cetane Cracked Diesel
hbm:fluid_icon:22, Kerosene
hbm:fluid_icon:99, Jet Fuel
hbm:fluid_icon:17, Petroil
hbm:fluid_icon:72, Leaded Petroil
hbm:fluid_icon:46, Gasoline
hbm:fluid_icon:73, Leaded Gasoline
hbm:fluid_icon:47, Coal Gasoline
hbm:fluid_icon:74, Leaded Coal Gasoline
hbm:fluid_icon:80, Coal Tar Creosote
hbm:fluid_icon:79, Wood Oil
hbm:fluid_icon:26, Biogas
hbm:fluid_icon:27, Biofuel
hbm:fluid_icon:59, Ethanol
hbm:fluid_icon:111, Fish Oil
hbm:fluid_icon:112, Sunflower Seed Oil
hbm:fluid_icon:28, NITAN© 100 Octane Super Fuel
hbm:fluid_icon:154, Deuterated Hydrocarbon
hbm:fluid_icon:41, BF Rocket Fuel
hbm:fluid_icon:69, Salient Green
hbm:fluid_icon:81, Seeding Slurry
hbm:fluid_icon:101, Colloid
hbm:fluid_icon:141, Vitriol
hbm:fluid_icon:142, Ore Slop
hbm:fluid_icon:104, Ionic Gel
hbm:fluid_icon:35, Hydrogen Peroxide
hbm:fluid_icon:75, Sulfuric Acid
hbm:fluid_icon:82, Nitric Acid
hbm:fluid_icon:83, Solvent
hbm:fluid_icon:88, High-Performance Solvent
hbm:fluid_icon:32, Schrabidic Acid
hbm:fluid_icon:29, Uranium Hexafluoride
hbm:fluid_icon:30, Plutonium Hexafluoride
hbm:fluid_icon:31, Schrabidium Trisulfide
hbm:fluid_icon:43, Pandemonium(III)tantalite Solution
hbm:fluid_icon:58, Osmiridic Solution
hbm:fluid_icon:36, Poisonous Mud
hbm:fluid_icon:114, Red Mud
hbm:fluid_icon:131, Fullerene Solution
hbm:fluid_icon:108, Dissolved Egg
hbm:fluid_icon:109, Cholesterol Solution
hbm:fluid_icon:115, Chlorocalcite Solution
hbm:fluid_icon:116, Mixed Chlorocalcite Solution
hbm:fluid_icon:117, Cleaned Chlorocalcite Solution
hbm:fluid_icon:118, Potassiumchloride Solution
hbm:fluid_icon:119, Calciumchloride Solution
hbm:fluid_icon:120, Calcium Solution
hbm:fluid_icon:149, Sodium Aluminate
hbm:fluid_icon:150, Bauxite Solution
hbm:fluid_icon:151, Alumina
hbm:fluid_icon:153, Liquid Concrete
hbm:fluid_icon:49, Fracking Solution
hbm:fluid_icon:148, Lye
hbm:fluid_icon:102, Phosgene
hbm:fluid_icon:103, Mustard Gas
hbm:fluid_icon:110, Estradiol Solution
hbm:fluid_icon:113, Nitroglycerin
hbm:fluid_icon:33, Antimatter
hbm:fluid_icon:34, Antischrabidium
hbm:fluid_icon:44, Liquid Nuclear Waste
hbm:fluid_icon:45, Gaseous Nuclear Waste
hbm:fluid_icon:70, Experience Juice
hbm:fluid_icon:71, Ender Juice
hbm:fluid_icon:140, Stellar Flux
hbm:fluid_icon:50, Deuterium-Tritium Plasma
hbm:fluid_icon:51, Hydrogen-Deuterium Plasma
hbm:fluid_icon:52, Hydrogen-Tritium Plasma
hbm:fluid_icon:56, Deuterium-Helium-3 Plasma
hbm:fluid_icon:53, Helium-4-Oxygen Plasma
hbm:fluid_icon:54, Balefire Plasma
hbm:fluid_icon:121, Smoke
hbm:fluid_icon:122, Leaded Smoke
hbm:fluid_icon:123, Poison Smoke
hbm:fluid_icon:132, Booster Pheromone
hbm:fluid_icon:133, Modified Booster Pheromone
hbm:fluid_icon:89, Hydrazine
hbm:fluid_icon:1000, hbmfluid.custom_demo
hbm:fluid_icon:4000, Oxygen-Rich Air
hbm:fluid_icon:4001, Carbon Tetrachloride
hbm:fluid_icon:4002, Chloroethane
hbm:fluid_icon:4003, Chlorinated Benzenes
hbm:fluid_icon:4004, Vinyl Chloride
hbm:fluid_icon:4005, Aqueous Copper
hbm:fluid_icon:4006, Aqueous Nickel
hbm:fluid_icon:4007, Copper Sulfate
hbm:fluid_icon:4008, Brine
hbm:fluid_icon:4009, Conglomera
hbm:fluid_icon:4010, Halide Gas
hbm:fluid_icon:4011, Light Halocarbons
hbm:fluid_icon:4012, hbmfluid.lithcarbonate
hbm:fluid_icon:4013, Tektonic Crude
hbm:fluid_icon:4014, Elbow Grease
hbm:fluid_icon:4015, N-MASS(III) Tetrahexaethanol
hbm:fluid_icon:4016, N-MASS(II) Driver Fuel
hbm:fluid_icon:4017, Scutterblood
hbm:fluid_icon:4018, Pertechnetic Acid
hbm:fluid_icon:4019, Neon Gas
hbm:fluid_icon:4020, Argon Gas
hbm:fluid_icon:4021, Krypton Gas
hbm:fluid_icon:4022, Coffee
hbm:fluid_icon:4023, Tea
hbm:fluid_icon:4024, Honey
hbm:fluid_icon:4025, Olive Oil
hbm:fluid_icon:4026, Fluorine
hbm:fluid_icon:4027, Duna Air
hbm:fluid_icon:4028, Tekto Air
hbm:fluid_icon:4029, Jool Air
hbm:fluid_icon:4030, Sarnus Air
hbm:fluid_icon:4031, Urlum Air
hbm:fluid_icon:4032, Neidon Air
hbm:fluid_icon:4033, Milk
hbm:fluid_icon:4034, Strawberry Milk
hbm:fluid_icon:4035, Eve Air
hbm:fluid_icon:4036, Potassium Permanganate Solution
hbm:fluid_icon:4037, Chloromethane
hbm:fluid_icon:4038, Methanol
hbm:fluid_icon:4039, Alkyl Bromide
hbm:fluid_icon:4040, Methylene
hbm:fluid_icon:4041, Polyethylene
hbm:fluid_icon:4042, Hydrochloric Acid
hbm:fluid_icon:4043, Ammonia
hbm:fluid_icon:4044, Blood Fuel
hbm:fluid_icon:4045, Mineral Slurry
hbm:fluid_icon:4046, Liquid Nitrogen
hbm:fluid_icon:4047, Evaporated Milk
hbm:fluid_icon:4048, Condensed Milk
hbm:fluid_icon:4049, Heavy Whipping Cream
hbm:fluid_icon:4050, Dicyanoacetylene
hbm:fluid_icon:4051, Morkite
hbm:fluid_icon:4052, Morkine
hbm:fluid_icon:4053, Morkite Slurry
hbm:fluid_icon:4054, Superheated Hydrogen
hbm:fluid_icon:4055, Uranium Bromide
hbm:fluid_icon:4056, Plutonium Bromide
hbm:fluid_icon:4057, Schrabidium Bromide
hbm:fluid_icon:4058, Thorium Bromide
hbm:fluid_icon:4059, Gaseous Uranium Bromide
hbm:fluid_icon:4060, Gaseous Plutonium Bromide
hbm:fluid_icon:4061, Gaseous Schrabidium Bromide
hbm:fluid_icon:4062, Gaseous Thorium Bromide
hbm:fluid_icon:4063, hbmfluid.gaseous_hydrogen
hbm:fluid_icon:4064, Gaseous Poisonous Mud
hbm:fluid_icon:4065, hbmfluid.lithydro
hbm:gadget_explosive, First Generation Explosive Lens
hbm:gadget_explosive8, Bundle of First Generation Implosion Propellant
hbm:gadget_wireing, Wiring
hbm:gadget_core, Large Plutonium Core
hbm:boy_shielding, Neutron Shielding
hbm:boy_target, Subcritical U235 Target
hbm:boy_bullet, U235 Projectile
hbm:boy_propellant, Propellant
hbm:boy_igniter, Bomb Igniter
hbm:man_core, Plutonium Core
hbm:man_explosive, Explosive Lens
hbm:man_explosive8, Bundle of Implosion Propellant
hbm:man_igniter, Bomb Firing Unit
hbm:mike_core, Uranium Coated Deuterium Tank
hbm:mike_cooling_unit, Deuterium Cooling Unit
hbm:tsar_core, Tsar Bomba Core
hbm:fleija_igniter, Pulse Igniter
hbm:fleija_propellant, Schrabidium Propellant
hbm:fleija_core, F.L.E.I.J.A. Uranium 235 Charge
hbm:solinium_core, Semi-Stable Solinium Core
hbm:solinium_igniter, SOL Pulse Igniter
hbm:solinium_propellant, SOL Compression Charge
hbm:n2_charge, Large Explosive Charge
hbm:egg_balefire_shard, Balefire Shard
hbm:egg_balefire, Balefire Egg
hbm:custom_tnt, Custom Nuke Explosive Charge
hbm:custom_nuke, Custom Nuke Nuclear Rod
hbm:custom_hydro, Custom Nuke Hydrogen Rod
hbm:custom_amat, Custom Nuke Antimatter Rod
hbm:custom_dirty, Custom Nuke Dirty Rod
hbm:custom_schrab, Custom Nuke Schrabidium Rod
hbm:custom_sol, Custom Nuke Solinium Rod
hbm:custom_euph, Custom Nuke Anti-Mass Rod
hbm:custom_fall, Custom Nuke Drop Upgrade
hbm:grenade_kit, Grenade Kit
hbm:gadget_kit, The Gadget Kit
hbm:boy_kit, Little Boy Kit
hbm:man_kit, Fat Man Kit
hbm:mike_kit, Ivy Mike Kit
hbm:tsar_kit, Tsar Bomba Kit
hbm:prototype_kit, Prototype Kit
hbm:fleija_kit, F.L.E.I.J.A. Kit
hbm:solinium_kit, Solinium Kit
hbm:balefire_kit, Balefire Bomb Kit
hbm:multi_kit, Multi Purpose Bomb Kit
hbm:custom_kit, Custom Nuke Kit
hbm:missile_kit, Missile Kit
hbm:t45_kit, T45 Power Armor Kit
hbm:hazmat_kit, Hazmat Kit
hbm:hazmat_red_kit, Advanced Hazmat Kit
hbm:hazmat_grey_kit, High-Performance Hazmat Kit
hbm:nuke_starter_kit, Atomic Science Starter Kit
hbm:nuke_advanced_kit, Atomic Science Advanced Kit
hbm:nuke_commercially_kit, Atomic Science Kit for Commercial Uses
hbm:kit_custom, item.kit_custom.name
hbm:toolbox, Toolbox
hbm:loot_10, Size 10 Missile Loot Crate
hbm:loot_15, Size 15 Missile Loot Crate
hbm:loot_misc, General Missile Loot Crate
hbm:sat_mapper, Surface Mapping Satellite
hbm:sat_scanner, Satellite with Depth-Resource Scanning Module
hbm:sat_radar, Radar Survey Satellite
hbm:sat_laser, Orbital Death Ray
hbm:sat_foeq, PEAF - Mk.I FOEQ Duna Probe with experimental Nuclear Propulsion
hbm:sat_resonator, Xenium Resonator Satellite
hbm:sat_miner, Asteroid Mining Ship
hbm:sat_lunar_miner, Lunar Mining Ship
hbm:sat_gerald, Gerald The Construction Android
hbm:sat_chip, Satellite ID-Chip
hbm:sat_interface, Satellite Control Interface
hbm:sat_coord, Satellite Designator
hbm:sat_designator, Satellite Laser Designator
hbm:sat_relay, Satellite Radar Relay
hbm:rangefinder, Rangefinder
hbm:designator, Short Range Target Designator
hbm:designator_range, Long Range Target Designator
hbm:designator_manual, Manual Target Designator
hbm:launch_code_piece, Silo Launch Code Piece
hbm:launch_code, Silo Launch Code
hbm:launch_key, Silo Launch Key
hbm:missile_assembly, Small Missile Assembly
hbm:missile_generic, High Explosive Missile
hbm:missile_strong, Strong HE Missile
hbm:missile_burst, Spare Missile
hbm:missile_incendiary, Incendiary Missile
hbm:missile_incendiary_strong, Strong Incendiary Missile
hbm:missile_inferno, Inferno Missile G.R.N. Mk.II
hbm:missile_cluster, Cluster Missile
hbm:missile_cluster_strong, Strong Cluster Missile
hbm:missile_rain, Bomblet Rain
hbm:missile_buster, Bunker Buster
hbm:missile_buster_strong, Enhanced Bunker Buster
hbm:missile_drill, The Concrete Cracker
hbm:missile_n2, N² Missile
hbm:missile_nuclear, Nuclear Missile
hbm:missile_nuclear_cluster, Thermonuclear Missile
hbm:missile_volcano, Tectonic Missile
hbm:missile_endo, Endothermic Missile
hbm:missile_exo, Exothermic Missile
hbm:missile_shuttle, Reliant Robin Space Shuttle
hbm:missile_doomsday, Doomsday Missile
hbm:missile_doomsday_rusted, Damaged Doomsday Missile
hbm:missile_taint, Taint-Tipped Missile
hbm:missile_micro, Micro-Nuclear Missile
hbm:missile_bhole, Black Hole Missile
hbm:missile_schrabidium, Schrabidium Missile
hbm:missile_emp, EMP Missile
hbm:missile_emp_strong, Strong EMP Missile
hbm:missile_anti_ballistic, Anti-Ballistic Missile
hbm:missile_carrier, HTR-01 Carrier Rocket
hbm:missile_decoy, Decoy Missile
hbm:missile_stealth, Stealth Missile
hbm:missile_soyuz_lander, Orbital Module
hbm:missile_soyuz:0, Soyuz-FG
hbm:missile_soyuz:1, Soyuz-FG
hbm:missile_soyuz:2, Soyuz-FG
hbm:warhead_generic_small, Small Warhead
hbm:warhead_incendiary_small, Small Incendiary Warhead
hbm:warhead_cluster_small, Small Cluster Warhead
hbm:warhead_buster_small, Small Bunker Buster Warhead
hbm:warhead_generic_medium, Medium Warhead
hbm:warhead_incendiary_medium, Medium Incendiary Warhead
hbm:warhead_cluster_medium, Medium Cluster Warhead
hbm:warhead_buster_medium, Medium Bunker Buster Warhead
hbm:warhead_generic_large, Large Warhead
hbm:warhead_incendiary_large, Large Incendiary Warhead
hbm:warhead_cluster_large, Large Cluster Warhead
hbm:warhead_buster_large, Large Bunker Buster Warhead
hbm:warhead_n2, N² Warhead
hbm:warhead_nuclear, Nuclear Warhead
hbm:warhead_mirvlet, MIRV
hbm:warhead_mirv, Thermonuclear Warhead
hbm:warhead_volcano, Tectonic Warhead
hbm:warhead_thermo_endo, Endothermic Warhead
hbm:warhead_thermo_exo, Exothermic Warhead
hbm:thruster_small, Small Thruster
hbm:thruster_medium, Medium Thruster
hbm:thruster_large, Large Thruster
hbm:cap_aluminium, Aluminium Cap
hbm:fins_flat, Flat Steel Casing
hbm:fins_small_steel, Small Steel Grid Fins
hbm:fins_big_steel, Big Steel Grid Fins
hbm:fins_tri_steel, Large Steel Fins
hbm:fins_quad_titanium, Small Titanium Fins
hbm:sphere_steel, Steel Sphere
hbm:pedestal_steel, Steel Pedestal
hbm:dysfunctional_reactor, Dysfunctional Nuclear Reactor
hbm:rotor_steel, Large Steel Rotor
hbm:generator_steel, Generator Body
hbm:sat_head_mapper, High-Gain Optical Camera
hbm:sat_head_scanner, M700 Survey Scanner
hbm:sat_head_radar, Radar Dish
hbm:sat_head_laser, Death Ray
hbm:sat_head_resonator, Xenium Resonator
hbm:seg_10, Size 10 Connector
hbm:seg_15, Size 15 Connector
hbm:seg_20, Size 20 Connector
hbm:fuel_tank_small, Small Fuel Tank
hbm:fuel_tank_medium, Medium Fuel Tank
hbm:fuel_tank_large, Large Fuel Tank
hbm:tank_steel, Steel Tank
hbm:mike_deut, Deuterium Tank
hbm:missile_skin_camo, Missile Skin: Camo
hbm:missile_skin_desert, Missile Skin: Desert Camo
hbm:missile_skin_flames, Missile Skin: Sick Flames
hbm:missile_skin_manly_pink, Missile Skin: Manly Pink
hbm:missile_skin_orange_insulation, Missile Skin: Orange Insulation
hbm:missile_skin_sleek, Missile Skin: IF-R&D
hbm:missile_skin_soviet_glory, Missile Skin: Soviet Glory
hbm:missile_skin_soviet_stank, Missile Skin: Soviet Stank
hbm:missile_skin_metal, Missile Skin: Metal
hbm:missile_custom, Custom Missile
hbm:sliding_blast_door_skin0, Sideways Sliding Blast Door Default Skin
hbm:sliding_blast_door_skin1, Sideways Sliding Blast Door Variant 1 Skin
hbm:sliding_blast_door_skin2, Sideways Sliding Blast Door Variant 2 Skin
hbm:door_metal, Metal Door
hbm:door_office, Office Door
hbm:door_bunker, Bunker Door
hbm:door_red, Red Door
hbm:record_lc, item.record_lc.name
hbm:record_ss, item.record_ss.name
hbm:record_vc, item.record_vc.name
hbm:record_glass, item.record_glass.name
hbm:flame_pony, Painting of a Cartoon Pony
hbm:flame_conspiracy, Conspiracy Theory
hbm:flame_politics, Political Topic
hbm:flame_opinion, Own Opinion
hbm:polaroid, The Polaroid
hbm:glitch, Glitch
hbm:burnt_bark, Burnt Bark
hbm:letter, Express Mail
hbm:book_secret, 3-596-50802-9
hbm:clay_tablet:0, Clay Tablet
hbm:book_of_, The Book of Boxcars
hbm:book_lemegeton, Lemegeton
hbm:page_of_:0, Page 1
hbm:page_of_:1, Page 2
hbm:page_of_:2, Page 3
hbm:page_of_:3, Page 4
hbm:page_of_:4, Page 5
hbm:page_of_:5, Page 6
hbm:page_of_:6, Page 7
hbm:page_of_:7, Page 8
hbm:crystal_horn, Crystal Horn
hbm:crystal_charred, Charred Crystal
hbm:watch, Broken Pocket Watch
hbm:apple_euphemium, Euphemium Apple
hbm:wand_k, Construction Wand
hbm:wand_s, Structure Wand
hbm:wand_d, Debug Wand
hbm:rod_of_discord, Rod of Discord
hbm:analyzer, Analyzer
hbm:defuser, High-Tech Bomb Defusing Device
hbm:defuser_desh, Desh High-Tech Bomb Defusing Device
hbm:meltdown_tool, Dyatlov Instant Meltdown Applicator
hbm:chopper_head, Hunter Chopper Cockpit
hbm:chopper_gun, Emplacement Gun
hbm:chopper_torso, Hunter Chopper Body
hbm:chopper_tail, Hunter Chopper Tail
hbm:chopper_wing, Hunter Chopper Wing
hbm:chopper_blades, Hunter Chopper Rotor Blades
hbm:combine_scrap, CMB Scrap Metal
hbm:shimmer_head, Heavy Hammer Head
hbm:shimmer_axe_head, Heavy Axe Head
hbm:shimmer_handle, Reinforced Polymer Handle
hbm:telepad, Telepad
hbm:entanglement_kit, Entanglement Kit
hbm:achievement_icon:0, item.achievement_icon.gofish.name
hbm:achievement_icon:1, item.achievement_icon.acid.name
hbm:achievement_icon:2, item.achievement_icon.balls.name
hbm:achievement_icon:3, item.achievement_icon.digammasee.name
hbm:achievement_icon:4, item.achievement_icon.digammafeel.name
hbm:achievement_icon:5, item.achievement_icon.digammaknow.name
hbm:achievement_icon:6, item.achievement_icon.digammakauaimoho.name
hbm:achievement_icon:7, item.achievement_icon.digammaupontop.name
hbm:achievement_icon:8, item.achievement_icon.digammaforourright.name
hbm:achievement_icon:9, item.achievement_icon.questionmark.name
hbm:cloud1, item.cloud1.name
hbm:cloud2, item.cloud2.name
hbm:cloud3, item.cloud3.name
hbm:cloud4, item.cloud4.name
hbm:cloud5, item.cloud5.name
hbm:cloud6, item.cloud6.name
hbm:cloud7, item.cloud7.name
hbm:cloud8, item.cloud8.name
hbm:flame_1, item.flame_1.name
hbm:flame_2, item.flame_2.name
hbm:flame_3, item.flame_3.name
hbm:flame_4, item.flame_4.name
hbm:flame_5, item.flame_5.name
hbm:flame_6, item.flame_6.name
hbm:flame_7, item.flame_7.name
hbm:flame_8, item.flame_8.name
hbm:flame_9, item.flame_9.name
hbm:flame_10, item.flame_10.name
hbm:orange1, item.orange1.name
hbm:orange2, item.orange2.name
hbm:orange3, item.orange3.name
hbm:orange4, item.orange4.name
hbm:orange5, item.orange5.name
hbm:orange6, item.orange6.name
hbm:orange7, item.orange7.name
hbm:orange8, item.orange8.name
hbm:pc1, item.pc1.name
hbm:pc2, item.pc2.name
hbm:pc3, item.pc3.name
hbm:pc4, item.pc4.name
hbm:pc5, item.pc5.name
hbm:pc6, item.pc6.name
hbm:pc7, item.pc7.name
hbm:pc8, item.pc8.name
hbm:chlorine1, item.chlorine1.name
hbm:chlorine2, item.chlorine2.name
hbm:chlorine3, item.chlorine3.name
hbm:chlorine4, item.chlorine4.name
hbm:chlorine5, item.chlorine5.name
hbm:chlorine6, item.chlorine6.name
hbm:chlorine7, item.chlorine7.name
hbm:chlorine8, item.chlorine8.name
hbm:ln2_1, item.ln2_1.name
hbm:ln2_2, item.ln2_2.name
hbm:ln2_3, item.ln2_3.name
hbm:ln2_4, item.ln2_4.name
hbm:ln2_5, item.ln2_5.name
hbm:ln2_6, item.ln2_6.name
hbm:ln2_7, item.ln2_7.name
hbm:ln2_8, item.ln2_8.name
hbm:ln2_9, item.ln2_9.name
hbm:ln2_10, item.ln2_10.name
hbm:nothing, Nothing
hbm:broken_item, item.broken_item.name
hbm:ducc, ducc
hbm:discharge, item.discharge.name
hbm:undefined, Undefined
hbm:mysteryshovel, Brittle Spade
hbm:memory, item.null.name
hbm:conveyor_wand:0, Conveyor Belt
hbm:conveyor_wand:1, Express Conveyor Belt
hbm:conveyor_wand:2, Double-Lane Conveyor Belt
hbm:conveyor_wand:3, Triple-Lane Conveyor Belt
hbm:part_generic:0, Pneumatic Piston
hbm:part_generic:1, Hydraulic Piston
hbm:part_generic:2, Electric Piston
hbm:part_generic:3, Low-Density Element
hbm:part_generic:4, Heavy Duty Element
hbm:part_generic:5, Polarized Lens
hbm:item_secret:0, Composition SB-26
hbm:item_secret:1, Proprietary Control Unit
hbm:item_secret:2, Selenium Steel
hbm:item_secret:3, Aberrator Part
hbm:item_secret:4, Folly Part
hbm:item_expensive:0, Bolted Steel Plating
hbm:item_expensive:1, Heavy Framework
hbm:item_expensive:2, Extensive Circuit Board
hbm:item_expensive:3, Radiation Resistant Plating
hbm:item_expensive:4, Reinforced Ferrouranium Panels
hbm:item_expensive:5, Mainframe
hbm:item_expensive:6, Bronze Structural Elements
hbm:item_expensive:7, Plastic Panels
hbm:item_expensive:8, item.item_expensive.gold_dust.name
hbm:item_expensive:9, item.item_expensive.degenerate_matter.name
hbm:chemical_dye:0, Chemical Dye (Black)
hbm:chemical_dye:1, Chemical Dye (Red)
hbm:chemical_dye:2, Chemical Dye (Green)
hbm:chemical_dye:3, Chemical Dye (Brown)
hbm:chemical_dye:4, Chemical Dye (Blue)
hbm:chemical_dye:5, Chemical Dye (Purple)
hbm:chemical_dye:6, Chemical Dye (Cyan)
hbm:chemical_dye:7, Chemical Dye (Light Gray)
hbm:chemical_dye:8, Chemical Dye (Gray)
hbm:chemical_dye:9, Chemical Dye (Pink)
hbm:chemical_dye:10, Chemical Dye (Lime)
hbm:chemical_dye:11, Chemical Dye (Yellow)
hbm:chemical_dye:12, Chemical Dye (Light Blue)
hbm:chemical_dye:13, Chemical Dye (Magenta)
hbm:chemical_dye:14, Chemical Dye (Orange)
hbm:chemical_dye:15, Chemical Dye (White)
hbm:crayon:0, Black Crayon
hbm:crayon:1, Red Crayon
hbm:crayon:2, Green Crayon
hbm:crayon:3, Brown Crayon
hbm:crayon:4, Blue Crayon
hbm:crayon:5, Purple Crayon
hbm:crayon:6, Cyan Crayon
hbm:crayon:7, Light Gray Crayon
hbm:crayon:8, Gray Crayon
hbm:crayon:9, Pink Crayon
hbm:crayon:10, Lime Crayon
hbm:crayon:11, Yellow Crayon
hbm:crayon:12, Light Blue Crayon
hbm:crayon:13, Magenta Crayon
hbm:crayon:14, Orange Crayon
hbm:crayon:15, White Crayon
hbm:drax, Terra Drill
hbm:drax_mk2, Hardened Terra Drill
hbm:drax_mk3, Schrabidic Terra Drill
hbm:ammo_debug, item.ammo_debug.name
hbm:ammo_standard:0, Ball and Powder
hbm:ammo_standard:1, Flint and Powder
hbm:ammo_standard:2, Iron Ball and Powder
hbm:ammo_standard:3, Shot and Powder
hbm:ammo_standard:4, .357 Magnum Round (Black Powder)
hbm:ammo_standard:5, .357 Magnum Round (Soft Point)
hbm:ammo_standard:6, .357 Magnum Round (Full Metal Jacket)
hbm:ammo_standard:7, .357 Magnum Round (Jacketed Hollow Point)
hbm:ammo_standard:8, .357 Magnum Round (Armor Piercing)
hbm:ammo_standard:9, .357 Magnum Round (FMJ Express)
hbm:ammo_standard:10, .44 Magnum Round (Black Powder)
hbm:ammo_standard:11, .44 Magnum Round (Soft Point)
hbm:ammo_standard:12, .44 Magnum Round (Full Metal Jacket)
hbm:ammo_standard:13, .44 Magnum Round (Jacketed Hollow Point)
hbm:ammo_standard:14, .44 Magnum Round (Armor Piercing)
hbm:ammo_standard:15, .44 Magnum Round (FMJ Express)
hbm:ammo_standard:16, .22 LR Round (Soft Point)
hbm:ammo_standard:17, .22 LR Round (Full Metal Jacket)
hbm:ammo_standard:18, .22 LR Round (Jacketed Hollow Point)
hbm:ammo_standard:19, .22 LR Round (Armor Piercing)
hbm:ammo_standard:20, 9mm Round (Soft Point)
hbm:ammo_standard:21, 9mm Round (Full Metal Jacket)
hbm:ammo_standard:22, 9mm Round (Jacketed Hollow Point)
hbm:ammo_standard:23, 9mm Round (Armor Piercing)
hbm:ammo_standard:24, 5.56mm Round (Soft Point)
hbm:ammo_standard:25, 5.56mm Round (Full Metal Jacket)
hbm:ammo_standard:26, 5.56mm Round (Jacketed Hollow Point)
hbm:ammo_standard:27, 5.56mm Round (Armor Piercing)
hbm:ammo_standard:28, 7.62mm Round (Soft Point)
hbm:ammo_standard:29, 7.62mm Round (Full Metal Jacket)
hbm:ammo_standard:30, 7.62mm Round (Jacketed Hollow Point)
hbm:ammo_standard:31, 7.62mm Round (Armor Piercing)
hbm:ammo_standard:32, 7.62mm Round (Depleted Uranium)
hbm:ammo_standard:33, .50 BMG Round (Soft Point)
hbm:ammo_standard:34, .50 BMG Round (Full Metal Jacket)
hbm:ammo_standard:35, .50 BMG Round (Jacketed Hollow Point)
hbm:ammo_standard:36, .50 BMG Round (Armor Piercing)
hbm:ammo_standard:37, .50 BMG Round (Depleted Uranium)
hbm:ammo_standard:38, .75 Bolt
hbm:ammo_standard:39, .75 Bolt (Incendiary)
hbm:ammo_standard:40, .75 Bolt (Explosive)
hbm:ammo_standard:41, 12 Gauge Black Powder Buckshot
hbm:ammo_standard:42, 12 Gauge Black Powder Magnum Shell
hbm:ammo_standard:43, 12 Gauge Black Powder Slug
hbm:ammo_standard:44, 12 Gauge Buckshot
hbm:ammo_standard:45, 12 Gauge Slug
hbm:ammo_standard:46, 12 Gauge Flechette Shell
hbm:ammo_standard:47, 12 Gauge Magnum Shell
hbm:ammo_standard:48, 12 Gauge Explosive Shell
hbm:ammo_standard:49, 12 Gauge Phosphorus Shell
hbm:ammo_standard:50, 26mm Signal Flare
hbm:ammo_standard:51, 26mm Signal Flare (Supply Airdrop)
hbm:ammo_standard:52, 26mm Signal Flare (Weapon Airdrop)
hbm:ammo_standard:53, 40mm Grenade, High-Explosive
hbm:ammo_standard:54, 40mm Grenade, Shaped Charge
hbm:ammo_standard:55, 40mm Grenade, Demolition
hbm:ammo_standard:56, 40mm Grenade, Incendiary
hbm:ammo_standard:57, 40mm Grenade, White Phosphorus
hbm:ammo_standard:58, Rocket, High-Explosive
hbm:ammo_standard:59, Rocket, Shaped Charge
hbm:ammo_standard:60, Rocket, Demolition
hbm:ammo_standard:61, Rocket, Incendiary
hbm:ammo_standard:62, Rocket, White Phosphorus
hbm:ammo_standard:63, Flamer Fuel, Diesel
hbm:ammo_standard:64, Flamer Fuel, Gas
hbm:ammo_standard:65, Flamer Fuel, Napalm
hbm:ammo_standard:66, Flamer Fuel, Balefire
hbm:ammo_standard:67, Capacitor (Standard)
hbm:ammo_standard:68, Capacitor (Overcharge)
hbm:ammo_standard:69, Capacitor (Low Wavelength)
hbm:ammo_standard:70, Depleted Uranium-235 Box
hbm:ammo_standard:71, Coilgun Tungsten Ball
hbm:ammo_standard:72, Coilgun Ferrouranium Ball
hbm:ammo_standard:73, Mini Nuke
hbm:ammo_standard:74, Mini Nuke, Demolition
hbm:ammo_standard:75, Mini Nuke, High Yield
hbm:ammo_standard:76, Mini Nuke, Tiny Tots
hbm:ammo_standard:77, Rocket Hive
hbm:ammo_standard:78, 10 Gauge Buckshot
hbm:ammo_standard:79, 10 Gauge Shrapnel Buckshot
hbm:ammo_standard:80, 10 Gauge Uranium Buckshot
hbm:ammo_standard:81, 10 Gauge Slug
hbm:ammo_standard:82, 7.62mm Round (High-Explosive)
hbm:ammo_standard:83, .50 BMG Round (High-Explosive)
hbm:ammo_standard:84, 10 Gauge Explosive Buckshot
hbm:ammo_standard:85, .45 Round (Soft Point)
hbm:ammo_standard:86, .45 Round (Full Metal Jacket)
hbm:ammo_standard:87, .45 Round (Jacketed Hollow Point)
hbm:ammo_standard:88, .45 Round (Armor Piercing)
hbm:ammo_standard:89, .45 Round (Depleted Uranium)
hbm:ammo_standard:90, Grappling Hook
hbm:ammo_standard:91, Demolition Charge
hbm:ammo_standard:92, Heavy Demolition Charge
hbm:ammo_standard:93, Mini Nuke, Balefire Egg
hbm:ammo_standard:94, .50 BMG Round (Starmetal)
hbm:ammo_secret:0, Silver Bullet
hbm:ammo_secret:1, Silver Bullet, Nuclear
hbm:ammo_secret:2, .44 Magnum Head-Exploder
hbm:ammo_secret:3, 12 Gauge Railway Spike Shot
hbm:ammo_secret:4, .50 BMG Demolisher
hbm:ammo_secret:5, .35-800 V9
hbm:ammo_secret:6, .50 BMG Bypass Round
hbm:ammo_secret:7, .35-800 V9 (Black Lightning)
hbm:gun_debug, item.gun_debug.name
hbm:gun_pepperbox, Pepperbox
hbm:gun_light_revolver, Break-Action Revolver
hbm:gun_light_revolver_atlas, Atlas
hbm:gun_light_revolver_dani, Day And Night
hbm:gun_henry, Lever Action Rifle
hbm:gun_henry_lincoln, Lincoln's Repeater
hbm:gun_heavy_revolver, Heavy Revolver
hbm:gun_heavy_revolver_lilmac, Little Macintosh
hbm:gun_heavy_revolver_protege, Protège
hbm:gun_hangman, Hangman
hbm:gun_greasegun, Grease Gun
hbm:gun_lag, Comically Long Pistol
hbm:gun_uzi, Uzi
hbm:gun_uzi_akimbo, Uzis
hbm:gun_maresleg, Lever Action Shotgun
hbm:gun_maresleg_akimbo, Lever Action Shotguns
hbm:gun_maresleg_broken, Broken
hbm:gun_liberator, Liberator
hbm:gun_spas12, SPAS-12
hbm:gun_autoshotgun, Auto Shotgun
hbm:gun_autoshotgun_shredder, Shredder
hbm:gun_autoshotgun_sexy, Sexy
hbm:gun_flaregun, Flare Gun
hbm:gun_congolake, Congo Lake
hbm:gun_mk108, Grenade Machinegun
hbm:gun_carbine, Carbine
hbm:gun_minigun, Minigun
hbm:gun_minigun_lacunae, Lacunae
hbm:gun_minigun_dual, Dual Miniguns
hbm:gun_mas36, South Star
hbm:gun_am180, .22 Submachine Gun
hbm:gun_star_f, Target Pistol
hbm:gun_star_f_akimbo, Target Pistols
hbm:gun_flamer, Flamethrower
hbm:gun_flamer_topaz, Mister Topaz
hbm:gun_flamer_daybreaker, Daybreaker
hbm:gun_chemthrower, Chemthrower
hbm:gun_panzerschreck, Panzerschreck
hbm:gun_stinger, FIM-92 Stinger
hbm:gun_quadro, Quad Rocket Launcher
hbm:gun_missile_launcher, Missile Launcher
hbm:gun_g3, Assault Rifle
hbm:gun_g3_zebra, Zebra Rifle
hbm:gun_stg77, StG 77
hbm:gun_amat, Anti-Materiel Rifle
hbm:gun_amat_subtlety, Subtlety
hbm:gun_amat_penance, Penance
hbm:gun_m2, Ma Deuce
hbm:gun_tesla_cannon, Tesla Cannon
hbm:gun_laser_pistol, Laser Pistol
hbm:gun_laser_pistol_pew_pew, Pew Pew
hbm:gun_laser_pistol_morning_glory, Morning Glory
hbm:gun_lasrifle, Laser Rifle
hbm:gun_tau, Tau Cannon
hbm:gun_coilgun, Coilgun
hbm:gun_n_i_4_n_i, N I 4 N I
hbm:gun_fatman, Fat Man
hbm:gun_bolter, Bolter
hbm:gun_folly, Folly
hbm:gun_fireext, Fire Extinguisher
hbm:gun_charge_thrower, Charge Thrower
hbm:gun_double_barrel, An Old Classic
hbm:gun_double_barrel_sacred_dragon, Sacred Dragon
hbm:gun_autoshotgun_heretic, The Heretic
hbm:gun_drill, Powered Drill
hbm:gun_pa_melee, Power Armor - Melee Controller
hbm:gun_pa_ranged, Power Armor - Ranged Controller
hbm:gun_aberrator, Aberrator
hbm:gun_aberrator_eott, Eyes Of The Tempest
hbm:weapon_mod_test:0, FIRE RATE UPGRADE
hbm:weapon_mod_test:1, DAMAGE UPGRADE
hbm:weapon_mod_test:2, MULTI SHOT UPGRADE
hbm:weapon_mod_test:3, DAMAGE OVERRIDE (2.5)
hbm:weapon_mod_test:4, DAMAGE OVERRIDE (5)
hbm:weapon_mod_test:5, DAMAGE OVERRIDE (7.5)
hbm:weapon_mod_test:6, DAMAGE OVERRIDE (10)
hbm:weapon_mod_test:7, DAMAGE OVERRIDE (12.5)
hbm:weapon_mod_test:8, DAMAGE OVERRIDE (15)
hbm:weapon_mod_test:9, DAMAGE OVERRIDE (20)
hbm:weapon_mod_generic:0, Optimized Iron Receiver
hbm:weapon_mod_generic:1, High-Durability Iron Parts
hbm:weapon_mod_generic:2, Optimized Steel Receiver
hbm:weapon_mod_generic:3, High-Durability Steel Parts
hbm:weapon_mod_generic:4, Optimized HSS Receiver
hbm:weapon_mod_generic:5, High-Durability HSS Parts
hbm:weapon_mod_generic:6, Optimized Desh Receiver
hbm:weapon_mod_generic:7, High-Durability Desh Parts
hbm:weapon_mod_generic:8, Optimized Weapon Steel Receiver
hbm:weapon_mod_generic:9, High-Durability Weapon Steel Parts
hbm:weapon_mod_generic:10, Optimized Ferrouranium Receiver
hbm:weapon_mod_generic:11, High-Durability Ferrouranium Parts
hbm:weapon_mod_generic:12, Optimized Resistant Alloy Receiver
hbm:weapon_mod_generic:13, High-Durability Resistant Alloy Parts
hbm:weapon_mod_generic:14, Optimized Saturnite Receiver
hbm:weapon_mod_generic:15, High-Durability Saturnite Parts
hbm:weapon_mod_generic:16, Optimized Bronze Receiver
hbm:weapon_mod_generic:17, High-Durability Bronze Parts
hbm:weapon_mod_special:0, Silencer
hbm:weapon_mod_special:1, Scope
hbm:weapon_mod_special:2, Hacksaw
hbm:weapon_mod_special:3, Grease Gun Modernization Kit
hbm:weapon_mod_special:4, Gear Train
hbm:weapon_mod_special:5, Auxiliary Electric Engine
hbm:weapon_mod_special:6, Choke
hbm:weapon_mod_special:7, Speedloader
hbm:weapon_mod_special:8, Polymer Furniture (Green)
hbm:weapon_mod_special:9, Polymer Furniture (Black)
hbm:weapon_mod_special:10, Bayonet
hbm:weapon_mod_special:11, Double-Stacked Magazine
hbm:weapon_mod_special:12, Saturnite Skin
hbm:weapon_mod_special:13, Laser Rifle Beam Splitter
hbm:weapon_mod_special:14, Laser Rifle Extended Capacitor
hbm:weapon_mod_special:15, Laser Rifle Automatic Receiver
hbm:weapon_mod_special:16, item.weapon_mod_special.nickel.name
hbm:weapon_mod_special:17, item.weapon_mod_special.doubloons.name
hbm:weapon_mod_special:18, Powered Drill - High-Speed Steel Drillbit
hbm:weapon_mod_special:19, Powered Drill - Weapon Steel Drillbit
hbm:weapon_mod_special:20, Powered Drill - Technetium Steel Drillbit
hbm:weapon_mod_special:21, Powered Drill - Saturnite Drillbit
hbm:weapon_mod_special:22, Powered Drill - Diesel Engine
hbm:weapon_mod_special:23, Powered Drill - Aircraft Engine
hbm:weapon_mod_special:24, Powered Drill - Electric Engine
hbm:weapon_mod_special:25, Powered Drill - Turbo Engine
hbm:weapon_mod_special:26, Powered Drill - Electromagnet
hbm:weapon_mod_special:27, Powered Drill - Sifter
hbm:weapon_mod_special:28, Powered Drill - Extension Canisters
hbm:weapon_mod_caliber:0, 9mm Conversion Kit
hbm:weapon_mod_caliber:1, .45 Conversion Kit
hbm:weapon_mod_caliber:2, .22 LR Conversion Kit
hbm:weapon_mod_caliber:3, .357 Magnum Conversion Kit
hbm:weapon_mod_caliber:4, .44 Magnum Conversion Kit
hbm:weapon_mod_caliber:5, 5.56mm Conversion Kit
hbm:weapon_mod_caliber:6, 7.62mm Conversion Kit
hbm:weapon_mod_caliber:7, .50 BMG Conversion Kit
oldresearch:deconstruction_table, Deconstruction Table
oldresearch:research_table_old, Research Table
oldresearch:researchnote:0, Research Note
srpdeepseadanger:ada_horgo_drop, §bHammerhead Skull Piece
srpdeepseadanger:ada_jomoi_drop, §bStinger Stinghead
srpdeepseadanger:sprouter_drop, §6Sprouter Membrane
srpdeepseadanger:luring_hook, Luring Hook
srpdeepseadanger:tool_fishingrod, §eLiving Fishing Rod
srpdeepseadanger:tool_fishingrod_sentient, §6Sentient Fishing Rod
srpdeepseadanger:rotted_fish, Rotted Fish
srpdeepseadanger:rotted_fish_cooked, Cooked Rotted Fish
srparasites:itemmobspawner_infdolphin, Spawn Assimilated Dolphin
srparasites:itemmobspawner_infdolphinhead, Spawn Walking Dolphin Head
srparasites:itemmobspawner_infdrowned, Spawn Assimilated Drowned
srparasites:itemmobspawner_inffish, Spawn Assimilated Fish
srparasites:itemmobspawner_ferdolphin, Spawn Feral Dolphin
srparasites:itemmobspawner_ferfish, Spawn Feral Fish
srparasites:itemmobspawner_higuardian, Spawn Hijacked Guardian
srparasites:itemmobspawner_hielderguardian, Spawn Hijacked Elder Guardian
srparasites:itemmobspawner_horgo, Spawn Primitive Hammerhead
srparasites:itemmobspawner_jomoi, Spawn Primitive Stinger
srparasites:itemmobspawner_horgoadapted, Spawn Adapted Hammerhead
srparasites:itemmobspawner_tendrilhorgo, Spawn Hammerhead Tendril
srparasites:itemmobspawner_lumadapted_srpe, Spawn Adapted Devourer
srparasites:itemmobspawner_ryba, Spawn Swimmer
srparasites:itemmobspawner_rekin, Spawn Leecher
srparasites:itemmobspawner_oso, Spawn Plankton
srparasites:itemmobspawner_foho, Spawn Mini Bomber
srparasites:itemmobspawner_sethol, Spawn Sea Carrier
srparasites:itemmobspawner_kobi, Spawn Pollen
srparasites:itemmobspawner_veru, Spawn Sprouter Stage I
srparasites:itemmobspawner_verusii, Spawn Sprouter Stage II
srparasites:itemmobspawner_verusiii, Spawn Sprouter Stage III
srparasites:itemmobspawner_verusiv, Spawn Sprouter Stage IV
srparasites:itemmobspawner_irol, Spawn Supporter
srpdeepseadanger:parasitecoral_hollowed, Hollowed Hivecoral
srpdeepseadanger:infestedcoral, Infested Coral
srparasites:itemmobspawner_infmutantzombie, Spawn Assimilated Mutant Zombie
srparasites:itemmobspawner_infmutantenderman, Spawn Assimilated Mutant Enderman
srparasites:itemmobspawner_himutantskeleton, Spawn Hijacked Mutant Skeleton
srpr_kravataf:reinforcedstonebricks, Reinforced Stone Bricks
srpr_kravataf:reinforcedoakwoodplanks, Reinforced Oak Wood Planks
srpr_kravataf:reinforcedglass, Reinforced Glass
srpr_kravataf:landmine, Land Mine
srsorcery:stardust, Stardust
srsorcery:stardustsetbody, Stardust Talisman
srsorcery:stardustore, Stardust Ore
srsorcery:bloodydagger, Bloody Dagger
srsorcery:assimilatedtotem, Assimilated Totem
srsorcery:sentientstardust, Sentient Stardust
srsorcery:goldenring, Golden Ring
srsorcery:sentientgoldenring, Sentient Golden Ring
srsorcery:stardustingot, Stardust Ingot
srsorcery:stardusthardenedarmorhelmet, Stardust Hardened Helmet
srsorcery:stardusthardenedarmorbody, Stardust Hardened Chestplate
srsorcery:stardusthardenedarmorlegs, Stardust Hardened Leggings
srsorcery:stardusthardenedarmorboots, Stardust Hardened Boots
srsorcery:woodenstaff, Wooden Staff
srsorcery:woodenstaffoflightning, Wooden Staff of Lightning
swparasites:infectious_long_blade_fragment, §eInfectious Long Blade Fragment
swparasites:hardened_bone_pole, §eHardened Bone Pole
swparasites:living_nucleus, §eLiving Nucleus
swparasites:serrated_spines, §eSerrated Spines
swparasites:vile_plate, §eVile Plate
swparasites:claymore_living, §eLiving Claymore
swparasites:dagger_living, §eLiving Dagger
swparasites:boomerang_living, §eLiving Boomerang
swparasites:glaive_living, §eLiving Glaive
swparasites:halberd_living, §eLiving Halberd
swparasites:hammer_living, §eLiving Hammer
swparasites:javelin_living, §eLiving Javelin
swparasites:katana_living, §eLiving Katana
swparasites:longsword_living, §eLiving Longsword
swparasites:mace_living, §eLiving Mace
swparasites:parrying_dagger_living, §eLiving Parrying Dagger
swparasites:pike_living, §eLiving Pike
swparasites:saber_living, §eLiving Saber
swparasites:staff_living, §eLiving Quarterstaff
swparasites:rapier_living, §eLiving Rapier
swparasites:spear_living, §eLiving Spear
swparasites:throwing_axe_living, §eLiving Throwing Axe
swparasites:throwing_knife_living, §eLiving Throwing Knife
swparasites:warhammer_living, §eLiving Warhammer
swparasites:crossbow_living, §eLiving Crossbow
swparasites:gauntlet_living, §eLiving Gauntlet
swparasites:claymore_sentient, §6Sentient Greatclaymore
swparasites:dagger_sentient, §6Sentient Greatdagger
swparasites:boomerang_sentient, §6Sentient Great-Boomerang
swparasites:glaive_sentient, §6Sentient Greatglaive
swparasites:halberd_sentient, §6Sentient Greathalberd
swparasites:hammer_sentient, §6Sentient Greathammer
swparasites:javelin_sentient, §6Sentient Greatjavelin
swparasites:katana_sentient, §6Sentient Greatkatana
swparasites:longsword_sentient, §6Sentient Great-Longsword
swparasites:mace_sentient, §6Sentient Greatmace
swparasites:parrying_dagger_sentient, §6Sentient Great-Parrying Dagger
swparasites:pike_sentient, §6Sentient Greatpike
swparasites:saber_sentient, §6Sentient Greatsaber
swparasites:staff_sentient, §6Sentient Great-Quarterstaff
swparasites:rapier_sentient, §6Sentient Greatrapier
swparasites:spear_sentient, §6Sentient Greatspear
swparasites:throwing_axe_sentient, §6Sentient Great-Throwing Axe
swparasites:throwing_knife_sentient, §6Sentient Great-Throwing Knife
swparasites:warhammer_sentient, §6Sentient Greatwarhammer
swparasites:crossbow_sentient, §6Sentient Crossbow
swparasites:gauntlet_sentient, §6Sentient Gauntlet
swparasites:greatsword_hijacked_iron, §cHijacked Iron Greatsword
swparasites:boomerang_hijacked_iron, §cHijacked Iron Boomerang
swparasites:glaive_hijacked_iron, §cHijacked Iron Glaive
swparasites:hammer_hijacked_iron, §cHijacked Iron Hammer
swparasites:dagger_hijacked_iron, §cHijacked Iron Dagger
swparasites:battleaxe_hijacked_iron, §cHijacked Iron Battleaxe
swparasites:halberd_hijacked_iron, §cHijacked Iron Halberd
swparasites:javelin_hijacked_iron, §cHijacked Iron Javelin
swparasites:katana_hijacked_iron, §cHijacked Iron Katana
swparasites:longsword_hijacked_iron, §cHijacked Iron Longsword
swparasites:mace_hijacked_iron, §cHijacked Iron Mace
swparasites:parrying_dagger_hijacked_iron, §cHijacked Iron Parrying Dagger
swparasites:pike_hijacked_iron, §cHijacked Iron Pike
swparasites:saber_hijacked_iron, §cHijacked Iron Saber
swparasites:staff_hijacked_iron, §cHijacked Iron Quarterstaff
swparasites:rapier_hijacked_iron, §cHijacked Iron Rapier
swparasites:spear_hijacked_iron, §cHijacked Iron Spear
swparasites:throwing_axe_hijacked_iron, §cHijacked Iron Throwing Axe
swparasites:throwing_knife_hijacked_iron, §cHijacked Iron Throwing Knife
swparasites:warhammer_hijacked_iron, §cHijacked Iron Warhammer
swparasites:lance_hijacked_iron, §cHijacked Iron Lance
swparasites:scythe_hijacked_iron, §cHijacked Iron Scythe
swparasites:crossbow_hijacked_iron, §cHijacked Iron-Strengthened Crossbow
swparasites:longbow_hijacked_iron, item.swparasites:longbow_hijacked_iron.name
swparasites:buckler_shield_living, §eLiving Buckler
swparasites:buckler_shield_sentient, §6Sentient Buckler
swparasites:impaler_shield_living, §eLiving Impaler
swparasites:impaler_shield_sentient, §6Sentient Impaler
suikehappyghast:white_harness, White Harness
suikehappyghast:orange_harness, Orange Harness
suikehappyghast:magenta_harness, Magenta Harness
suikehappyghast:light_blue_harness, Light Blue Harness
suikehappyghast:yellow_harness, Yellow Harness
suikehappyghast:lime_harness, Lime Harness
suikehappyghast:pink_harness, Pink Harness
suikehappyghast:gray_harness, Gray Harness
suikehappyghast:light_gray_harness, Light Gray Harness
suikehappyghast:cyan_harness, Cyan Harness
suikehappyghast:purple_harness, Purple Harness
suikehappyghast:blue_harness, Blue Harness
suikehappyghast:brown_harness, Brown Harness
suikehappyghast:green_harness, Green Harness
suikehappyghast:red_harness, Red Harness
suikehappyghast:black_harness, Black Harness
suikehappyghast:happy_ghast_spawn_egg, Spawn Eggs Happy Ghast
suikehappyghast:dried_ghast, Dried Ghast
wormhole:portal_frame, wormhole.block.portal_frame.name
wormhole:portal, wormhole.block.portal_x.name
wormhole:portal_stabilizer, wormhole.block.portal_stabilizer.name
wormhole:basic_energy_cell, wormhole.block.basic_energy_cell.name
wormhole:advanced_energy_cell, wormhole.block.advanced_energy_cell.name
wormhole:creative_energy_cell, wormhole.block.creative_energy_cell.name
wormhole:basic_target_cell, wormhole.block.basic_target_cell.name
wormhole:advanced_target_cell, wormhole.block.advanced_target_cell.name
wormhole:coal_generator, wormhole.block.coal_generator.name
wormhole:target_device, wormhole.item.target_device.name
wormhole:advanced_target_device, wormhole.item.advanced_target_device.name